<?xml version="1.0" encoding="UTF-8"?><MensajeFacturacion xmlns="http://localhost/elegibilidad">
  <Cabecera>
    <CodigoREEEmpresaEmisora>0029</CodigoREEEmpresaEmisora>
    <CodigoREEEmpresaDestino>0815</CodigoREEEmpresaDestino>
    <CodigoDelProceso>F1</CodigoDelProceso>
    <CodigoDePaso>01</CodigoDePaso>
    <CodigoDeSolicitud>000001508962</CodigoDeSolicitud>
    <SecuencialDeSolicitud>00</SecuencialDeSolicitud>
    <FechaSolicitud>2018-02-16T01:21:20</FechaSolicitud>
    <CUPS>ES0031300013889082FN0F</CUPS>
  </Cabecera>
  <Facturas>
    <FacturaATR>
      <DatosGeneralesFacturaATR>
        <DireccionSuministro>
          <Pais>ESPAÑA</Pais>
          <Provincia>50</Provincia>
          <Municipio>000297</Municipio>
          <Poblacion>000000001</Poblacion>
          <TipoVia>AV</TipoVia>
          <CodPostal>50004</CodPostal>
          <Calle>CESAR AUGUSTO</Calle>
          <NumeroFinca>00003</NumeroFinca>
          <Piso>LO</Piso>
          <Puerta>001</Puerta>
        </DireccionSuministro>
        <Cliente>
          <TipoIdentificador>NI</TipoIdentificador>
          <Identificador>B55567986</Identificador>
        </Cliente>
        <CodContrato>097024298095</CodContrato>
        <DatosGeneralesFactura>
          <CodigoFiscalFactura>J1801N03237304</CodigoFiscalFactura>
          <TipoFactura>N</TipoFactura>
          <MotivoFacturacion>01</MotivoFacturacion>
          <Expediente>
            <NumeroExpediente>0000000000000000</NumeroExpediente>
            <CodigoSolicitud>000000000000</CodigoSolicitud>
          </Expediente>
          <FechaFactura>2018-02-16</FechaFactura>
          <IdentificadorEmisora>B82846817</IdentificadorEmisora>
          <Comentarios>1508962                                                                                             </Comentarios>
          <ImporteTotalFactura>+0000000206.74</ImporteTotalFactura>
          <TipoMoneda>02</TipoMoneda>
        </DatosGeneralesFactura>
        <DatosFacturaATR>
          <FechaBOE>2017-12-27</FechaBOE>
          <TarifaATRFact>003</TarifaATRFact>
          <ModoControlPotencia>2</ModoControlPotencia>
          <MarcaMedidaConPerdidas>N</MarcaMedidaConPerdidas>
          <IndicativoCurvaCarga>02</IndicativoCurvaCarga>
          <Periodo>
            <FechaDesdeFactura>2018-01-16</FechaDesdeFactura>
            <FechaHastaFactura>2018-02-16</FechaHastaFactura>
            <NumeroDias>031</NumeroDias>
          </Periodo>
        </DatosFacturaATR>
      </DatosGeneralesFacturaATR>
      <Potencia>
        <TerminoPotencia>
          <FechaDesde>2018-01-16</FechaDesde>
          <FechaHasta>2018-02-16</FechaHasta>
          <Periodo>
            <PotenciaContratada>00000000015910</PotenciaContratada>
            <PotenciaMaxDemandada>00000000011000</PotenciaMaxDemandada>
            <PotenciaAFacturar>00000000013523</PotenciaAFacturar>
            <PrecioPotencia>00000.111585986</PrecioPotencia>
          </Periodo>
          <Periodo>
            <PotenciaContratada>00000000015910</PotenciaContratada>
            <PotenciaMaxDemandada>00000000012000</PotenciaMaxDemandada>
            <PotenciaAFacturar>00000000013523</PotenciaAFacturar>
            <PrecioPotencia>00000.066951589</PrecioPotencia>
          </Periodo>
          <Periodo>
            <PotenciaContratada>00000000015910</PotenciaContratada>
            <PotenciaMaxDemandada>00000000011000</PotenciaMaxDemandada>
            <PotenciaAFacturar>00000000013523</PotenciaAFacturar>
            <PrecioPotencia>00000.044634397</PrecioPotencia>
          </Periodo>
          <Periodo>
            <PotenciaContratada>00000000000000</PotenciaContratada>
            <PotenciaMaxDemandada>00000000000000</PotenciaMaxDemandada>
            <PotenciaAFacturar>00000000000000</PotenciaAFacturar>
            <PrecioPotencia>00000.000000000</PrecioPotencia>
          </Periodo>
          <Periodo>
            <PotenciaContratada>00000000000000</PotenciaContratada>
            <PotenciaMaxDemandada>00000000000000</PotenciaMaxDemandada>
            <PotenciaAFacturar>00000000000000</PotenciaAFacturar>
            <PrecioPotencia>00000.000000000</PrecioPotencia>
          </Periodo>
          <Periodo>
            <PotenciaContratada>00000000000000</PotenciaContratada>
            <PotenciaMaxDemandada>00000000000000</PotenciaMaxDemandada>
            <PotenciaAFacturar>00000000000000</PotenciaAFacturar>
            <PrecioPotencia>00000.000000000</PrecioPotencia>
          </Periodo>
        </TerminoPotencia>
        <PenalizacionNoICP>N</PenalizacionNoICP>
        <ImporteTotalTerminoPotencia>+0000000093.56</ImporteTotalTerminoPotencia>
      </Potencia>
      <EnergiaActiva>
        <TerminoEnergiaActiva>
          <FechaDesde>2018-01-16</FechaDesde>
          <FechaHasta>2018-02-16</FechaHasta>
          <Periodo>
            <ValorEnergiaActiva>+00000000904.00</ValorEnergiaActiva>
            <PrecioEnergia>00000.018762000</PrecioEnergia>
          </Periodo>
          <Periodo>
            <ValorEnergiaActiva>+00000002710.00</ValorEnergiaActiva>
            <PrecioEnergia>00000.012575000</PrecioEnergia>
          </Periodo>
          <Periodo>
            <ValorEnergiaActiva>+00000000607.00</ValorEnergiaActiva>
            <PrecioEnergia>00000.004670000</PrecioEnergia>
          </Periodo>
          <Periodo>
            <ValorEnergiaActiva>+00000000000.00</ValorEnergiaActiva>
            <PrecioEnergia>00000.000000000</PrecioEnergia>
          </Periodo>
          <Periodo>
            <ValorEnergiaActiva>+00000000000.00</ValorEnergiaActiva>
            <PrecioEnergia>00000.000000000</PrecioEnergia>
          </Periodo>
          <Periodo>
            <ValorEnergiaActiva>+00000000000.00</ValorEnergiaActiva>
            <PrecioEnergia>00000.000000000</PrecioEnergia>
          </Periodo>
        </TerminoEnergiaActiva>
        <ImporteTotalEnergiaActiva>+0000000053.87</ImporteTotalEnergiaActiva>
      </EnergiaActiva>
      <EnergiaReactiva>
        <TerminoEnergiaReactiva>
          <FechaDesde>2018-01-16</FechaDesde>
          <FechaHasta>2018-02-16</FechaHasta>
          <Periodo>
            <ValorEnergiaReactiva>+00000000070.00</ValorEnergiaReactiva>
            <PrecioEnergiaReactiva>00000.041554000</PrecioEnergiaReactiva>
          </Periodo>
          <Periodo>
            <ValorEnergiaReactiva>+00000000229.00</ValorEnergiaReactiva>
            <PrecioEnergiaReactiva>00000.041554000</PrecioEnergiaReactiva>
          </Periodo>
          <Periodo>
            <ValorEnergiaReactiva>+00000000000.00</ValorEnergiaReactiva>
            <PrecioEnergiaReactiva>00000000000000</PrecioEnergiaReactiva>
          </Periodo>
          <Periodo>
            <ValorEnergiaReactiva>+00000000000.00</ValorEnergiaReactiva>
            <PrecioEnergiaReactiva>00000000000000</PrecioEnergiaReactiva>
          </Periodo>
          <Periodo>
            <ValorEnergiaReactiva>+00000000000.00</ValorEnergiaReactiva>
            <PrecioEnergiaReactiva>00000000000000</PrecioEnergiaReactiva>
          </Periodo>
          <Periodo>
            <ValorEnergiaReactiva>+00000000000.00</ValorEnergiaReactiva>
            <PrecioEnergiaReactiva>00000000000000</PrecioEnergiaReactiva>
          </Periodo>
        </TerminoEnergiaReactiva>
        <ImporteTotalEnergiaReactiva>+0000000012.42</ImporteTotalEnergiaReactiva>
      </EnergiaReactiva>
      <ImpuestoElectrico>
        <BaseImponible>+0000000000.00</BaseImponible>
        <Porcentaje>00000.00000000</Porcentaje>
        <Importe>+0000000000.00</Importe>
      </ImpuestoElectrico>
      <Alquileres>
        <PrecioDiarioAlquiler>
          <PrecioDia>00000.355068000</PrecioDia>
          <NumeroDias>031</NumeroDias>
        </PrecioDiarioAlquiler>
        <ImporteFacturacionAlquileres>+0000000011.01</ImporteFacturacionAlquileres>
      </Alquileres>
      <IVA>
        <BaseImponible>+0000000170.86</BaseImponible>
        <Porcentaje>0021.00</Porcentaje>
        <Importe>+0000000035.88</Importe>
      </IVA>
      <Medidas>
        <CodPM>ES0031300013889082FN2P</CodPM>
        <ModeloAparato>
          <TipoAparato>CA</TipoAparato>
          <MarcaAparato>199</MarcaAparato>
          <NumeroSerie>053020775</NumeroSerie>
          <TipoDHEdM>6</TipoDHEdM>
          <Integrador>
            <Magnitud>AE</Magnitud>
            <CodigoPeriodo>62</CodigoPeriodo>
            <ConstanteMultiplicadora>000001.000</ConstanteMultiplicadora>
            <NumeroRuedasEnteras>09</NumeroRuedasEnteras>
            <NumeroRuedasDecimales>00</NumeroRuedasDecimales>
            <ConsumoCalculado>+0000002053.00</ConsumoCalculado>
            <LecturaDesde>
              <Fecha>2018-01-16</Fecha>
              <Procedencia>20</Procedencia>
              <Lectura>0000067444.00</Lectura>
            </LecturaDesde>
            <LecturaHasta>
              <Fecha>2018-02-16</Fecha>
              <Procedencia>20</Procedencia>
              <Lectura>0000069497.00</Lectura>
            </LecturaHasta>
            <FechaHoraMaximetro>2018-02-16T08:20:00</FechaHoraMaximetro>
          </Integrador>
          <Integrador>
            <Magnitud>AE</Magnitud>
            <CodigoPeriodo>63</CodigoPeriodo>
            <ConstanteMultiplicadora>000001.000</ConstanteMultiplicadora>
            <NumeroRuedasEnteras>09</NumeroRuedasEnteras>
            <NumeroRuedasDecimales>00</NumeroRuedasDecimales>
            <ConsumoCalculado>+0000000457.00</ConsumoCalculado>
            <LecturaDesde>
              <Fecha>2018-01-16</Fecha>
              <Procedencia>20</Procedencia>
              <Lectura>0000019215.00</Lectura>
            </LecturaDesde>
            <LecturaHasta>
              <Fecha>2018-02-16</Fecha>
              <Procedencia>20</Procedencia>
              <Lectura>0000019672.00</Lectura>
            </LecturaHasta>
            <FechaHoraMaximetro>2018-02-16T08:20:00</FechaHoraMaximetro>
          </Integrador>
          <Integrador>
            <Magnitud>AE</Magnitud>
            <CodigoPeriodo>61</CodigoPeriodo>
            <ConstanteMultiplicadora>000001.000</ConstanteMultiplicadora>
            <NumeroRuedasEnteras>09</NumeroRuedasEnteras>
            <NumeroRuedasDecimales>00</NumeroRuedasDecimales>
            <ConsumoCalculado>+0000000678.00</ConsumoCalculado>
            <LecturaDesde>
              <Fecha>2018-01-16</Fecha>
              <Procedencia>20</Procedencia>
              <Lectura>0000024477.00</Lectura>
            </LecturaDesde>
            <LecturaHasta>
              <Fecha>2018-02-16</Fecha>
              <Procedencia>20</Procedencia>
              <Lectura>0000025155.00</Lectura>
            </LecturaHasta>
            <FechaHoraMaximetro>2018-02-16T08:20:00</FechaHoraMaximetro>
          </Integrador>
          <Integrador>
            <Magnitud>R1</Magnitud>
            <CodigoPeriodo>62</CodigoPeriodo>
            <ConstanteMultiplicadora>000001.000</ConstanteMultiplicadora>
            <NumeroRuedasEnteras>09</NumeroRuedasEnteras>
            <NumeroRuedasDecimales>00</NumeroRuedasDecimales>
            <ConsumoCalculado>+0000000826.00</ConsumoCalculado>
            <LecturaDesde>
              <Fecha>2018-01-16</Fecha>
              <Procedencia>20</Procedencia>
              <Lectura>0000029638.00</Lectura>
            </LecturaDesde>
            <LecturaHasta>
              <Fecha>2018-02-16</Fecha>
              <Procedencia>20</Procedencia>
              <Lectura>0000030464.00</Lectura>
            </LecturaHasta>
            <FechaHoraMaximetro>2018-02-16T08:20:00</FechaHoraMaximetro>
          </Integrador>
          <Integrador>
            <Magnitud>R1</Magnitud>
            <CodigoPeriodo>63</CodigoPeriodo>
            <ConstanteMultiplicadora>000001.000</ConstanteMultiplicadora>
            <NumeroRuedasEnteras>09</NumeroRuedasEnteras>
            <NumeroRuedasDecimales>00</NumeroRuedasDecimales>
            <ConsumoCalculado>+0000000297.00</ConsumoCalculado>
            <LecturaDesde>
              <Fecha>2018-01-16</Fecha>
              <Procedencia>20</Procedencia>
              <Lectura>0000012482.00</Lectura>
            </LecturaDesde>
            <LecturaHasta>
              <Fecha>2018-02-16</Fecha>
              <Procedencia>20</Procedencia>
              <Lectura>0000012779.00</Lectura>
            </LecturaHasta>
            <FechaHoraMaximetro>2018-02-16T08:20:00</FechaHoraMaximetro>
          </Integrador>
          <Integrador>
            <Magnitud>R1</Magnitud>
            <CodigoPeriodo>61</CodigoPeriodo>
            <ConstanteMultiplicadora>000001.000</ConstanteMultiplicadora>
            <NumeroRuedasEnteras>09</NumeroRuedasEnteras>
            <NumeroRuedasDecimales>00</NumeroRuedasDecimales>
            <ConsumoCalculado>+0000000271.00</ConsumoCalculado>
            <LecturaDesde>
              <Fecha>2018-01-16</Fecha>
              <Procedencia>20</Procedencia>
              <Lectura>0000010483.00</Lectura>
            </LecturaDesde>
            <LecturaHasta>
              <Fecha>2018-02-16</Fecha>
              <Procedencia>20</Procedencia>
              <Lectura>0000010754.00</Lectura>
            </LecturaHasta>
            <FechaHoraMaximetro>2018-02-16T08:20:00</FechaHoraMaximetro>
          </Integrador>
          <Integrador>
            <Magnitud>PM</Magnitud>
            <CodigoPeriodo>62</CodigoPeriodo>
            <ConstanteMultiplicadora>000001.000</ConstanteMultiplicadora>
            <NumeroRuedasEnteras>09</NumeroRuedasEnteras>
            <NumeroRuedasDecimales>00</NumeroRuedasDecimales>
            <ConsumoCalculado>+0000012000.00</ConsumoCalculado>
            <LecturaDesde>
              <Fecha>2018-01-16</Fecha>
              <Procedencia>20</Procedencia>
              <Lectura>0000000000.00</Lectura>
            </LecturaDesde>
            <LecturaHasta>
              <Fecha>2018-02-16</Fecha>
              <Procedencia>20</Procedencia>
              <Lectura>0000012000.00</Lectura>
            </LecturaHasta>
            <FechaHoraMaximetro>2018-02-16T08:20:00</FechaHoraMaximetro>
          </Integrador>
          <Integrador>
            <Magnitud>PM</Magnitud>
            <CodigoPeriodo>63</CodigoPeriodo>
            <ConstanteMultiplicadora>000001.000</ConstanteMultiplicadora>
            <NumeroRuedasEnteras>09</NumeroRuedasEnteras>
            <NumeroRuedasDecimales>00</NumeroRuedasDecimales>
            <ConsumoCalculado>+0000011000.00</ConsumoCalculado>
            <LecturaDesde>
              <Fecha>2018-01-16</Fecha>
              <Procedencia>20</Procedencia>
              <Lectura>0000000000.00</Lectura>
            </LecturaDesde>
            <LecturaHasta>
              <Fecha>2018-02-16</Fecha>
              <Procedencia>20</Procedencia>
              <Lectura>0000011000.00</Lectura>
            </LecturaHasta>
            <FechaHoraMaximetro>2018-02-16T08:20:00</FechaHoraMaximetro>
          </Integrador>
          <Integrador>
            <Magnitud>PM</Magnitud>
            <CodigoPeriodo>61</CodigoPeriodo>
            <ConstanteMultiplicadora>000001.000</ConstanteMultiplicadora>
            <NumeroRuedasEnteras>09</NumeroRuedasEnteras>
            <NumeroRuedasDecimales>00</NumeroRuedasDecimales>
            <ConsumoCalculado>+0000011000.00</ConsumoCalculado>
            <LecturaDesde>
              <Fecha>2018-01-16</Fecha>
              <Procedencia>20</Procedencia>
              <Lectura>0000000000.00</Lectura>
            </LecturaDesde>
            <LecturaHasta>
              <Fecha>2018-02-16</Fecha>
              <Procedencia>20</Procedencia>
              <Lectura>0000011000.00</Lectura>
            </LecturaHasta>
            <FechaHoraMaximetro>2018-02-16T08:20:00</FechaHoraMaximetro>
          </Integrador>
          <Integrador>
            <Magnitud>AE</Magnitud>
            <CodigoPeriodo>64</CodigoPeriodo>
            <ConstanteMultiplicadora>000001.000</ConstanteMultiplicadora>
            <NumeroRuedasEnteras>09</NumeroRuedasEnteras>
            <NumeroRuedasDecimales>00</NumeroRuedasDecimales>
            <ConsumoCalculado>+0000000226.00</ConsumoCalculado>
            <LecturaDesde>
              <Fecha>2018-01-16</Fecha>
              <Procedencia>20</Procedencia>
              <Lectura>0000009180.00</Lectura>
            </LecturaDesde>
            <LecturaHasta>
              <Fecha>2018-02-16</Fecha>
              <Procedencia>20</Procedencia>
              <Lectura>0000009406.00</Lectura>
            </LecturaHasta>
            <FechaHoraMaximetro>2018-02-16T08:20:00</FechaHoraMaximetro>
          </Integrador>
          <Integrador>
            <Magnitud>AE</Magnitud>
            <CodigoPeriodo>65</CodigoPeriodo>
            <ConstanteMultiplicadora>000001.000</ConstanteMultiplicadora>
            <NumeroRuedasEnteras>09</NumeroRuedasEnteras>
            <NumeroRuedasDecimales>00</NumeroRuedasDecimales>
            <ConsumoCalculado>+0000000657.00</ConsumoCalculado>
            <LecturaDesde>
              <Fecha>2018-01-16</Fecha>
              <Procedencia>20</Procedencia>
              <Lectura>0000025176.00</Lectura>
            </LecturaDesde>
            <LecturaHasta>
              <Fecha>2018-02-16</Fecha>
              <Procedencia>20</Procedencia>
              <Lectura>0000025833.00</Lectura>
            </LecturaHasta>
            <FechaHoraMaximetro>2018-02-16T08:20:00</FechaHoraMaximetro>
          </Integrador>
          <Integrador>
            <Magnitud>AE</Magnitud>
            <CodigoPeriodo>66</CodigoPeriodo>
            <ConstanteMultiplicadora>000001.000</ConstanteMultiplicadora>
            <NumeroRuedasEnteras>09</NumeroRuedasEnteras>
            <NumeroRuedasDecimales>00</NumeroRuedasDecimales>
            <ConsumoCalculado>+0000000150.00</ConsumoCalculado>
            <LecturaDesde>
              <Fecha>2018-01-16</Fecha>
              <Procedencia>20</Procedencia>
              <Lectura>0000006721.00</Lectura>
            </LecturaDesde>
            <LecturaHasta>
              <Fecha>2018-02-16</Fecha>
              <Procedencia>20</Procedencia>
              <Lectura>0000006871.00</Lectura>
            </LecturaHasta>
            <FechaHoraMaximetro>2018-02-16T08:20:00</FechaHoraMaximetro>
          </Integrador>
          <Integrador>
            <Magnitud>R1</Magnitud>
            <CodigoPeriodo>64</CodigoPeriodo>
            <ConstanteMultiplicadora>000001.000</ConstanteMultiplicadora>
            <NumeroRuedasEnteras>09</NumeroRuedasEnteras>
            <NumeroRuedasDecimales>00</NumeroRuedasDecimales>
            <ConsumoCalculado>+0000000097.00</ConsumoCalculado>
            <LecturaDesde>
              <Fecha>2018-01-16</Fecha>
              <Procedencia>20</Procedencia>
              <Lectura>0000004426.00</Lectura>
            </LecturaDesde>
            <LecturaHasta>
              <Fecha>2018-02-16</Fecha>
              <Procedencia>20</Procedencia>
              <Lectura>0000004523.00</Lectura>
            </LecturaHasta>
            <FechaHoraMaximetro>2018-02-16T08:20:00</FechaHoraMaximetro>
          </Integrador>
          <Integrador>
            <Magnitud>R1</Magnitud>
            <CodigoPeriodo>65</CodigoPeriodo>
            <ConstanteMultiplicadora>000001.000</ConstanteMultiplicadora>
            <NumeroRuedasEnteras>09</NumeroRuedasEnteras>
            <NumeroRuedasDecimales>00</NumeroRuedasDecimales>
            <ConsumoCalculado>+0000000297.00</ConsumoCalculado>
            <LecturaDesde>
              <Fecha>2018-01-16</Fecha>
              <Procedencia>20</Procedencia>
              <Lectura>0000012567.00</Lectura>
            </LecturaDesde>
            <LecturaHasta>
              <Fecha>2018-02-16</Fecha>
              <Procedencia>20</Procedencia>
              <Lectura>0000012864.00</Lectura>
            </LecturaHasta>
            <FechaHoraMaximetro>2018-02-16T08:20:00</FechaHoraMaximetro>
          </Integrador>
          <Integrador>
            <Magnitud>R1</Magnitud>
            <CodigoPeriodo>66</CodigoPeriodo>
            <ConstanteMultiplicadora>000001.000</ConstanteMultiplicadora>
            <NumeroRuedasEnteras>09</NumeroRuedasEnteras>
            <NumeroRuedasDecimales>00</NumeroRuedasDecimales>
            <ConsumoCalculado>+0000000102.00</ConsumoCalculado>
            <LecturaDesde>
              <Fecha>2018-01-16</Fecha>
              <Procedencia>20</Procedencia>
              <Lectura>0000005215.00</Lectura>
            </LecturaDesde>
            <LecturaHasta>
              <Fecha>2018-02-16</Fecha>
              <Procedencia>20</Procedencia>
              <Lectura>0000005317.00</Lectura>
            </LecturaHasta>
            <FechaHoraMaximetro>2018-02-16T08:20:00</FechaHoraMaximetro>
          </Integrador>
          <Integrador>
            <Magnitud>PM</Magnitud>
            <CodigoPeriodo>64</CodigoPeriodo>
            <ConstanteMultiplicadora>000001.000</ConstanteMultiplicadora>
            <NumeroRuedasEnteras>09</NumeroRuedasEnteras>
            <NumeroRuedasDecimales>00</NumeroRuedasDecimales>
            <ConsumoCalculado>+0000010000.00</ConsumoCalculado>
            <LecturaDesde>
              <Fecha>2018-01-16</Fecha>
              <Procedencia>20</Procedencia>
              <Lectura>0000000000.00</Lectura>
            </LecturaDesde>
            <LecturaHasta>
              <Fecha>2018-02-16</Fecha>
              <Procedencia>20</Procedencia>
              <Lectura>0000010000.00</Lectura>
            </LecturaHasta>
            <FechaHoraMaximetro>2018-02-16T08:20:00</FechaHoraMaximetro>
          </Integrador>
          <Integrador>
            <Magnitud>PM</Magnitud>
            <CodigoPeriodo>65</CodigoPeriodo>
            <ConstanteMultiplicadora>000001.000</ConstanteMultiplicadora>
            <NumeroRuedasEnteras>09</NumeroRuedasEnteras>
            <NumeroRuedasDecimales>00</NumeroRuedasDecimales>
            <ConsumoCalculado>+0000011000.00</ConsumoCalculado>
            <LecturaDesde>
              <Fecha>2018-01-16</Fecha>
              <Procedencia>20</Procedencia>
              <Lectura>0000000000.00</Lectura>
            </LecturaDesde>
            <LecturaHasta>
              <Fecha>2018-02-16</Fecha>
              <Procedencia>20</Procedencia>
              <Lectura>0000011000.00</Lectura>
            </LecturaHasta>
            <FechaHoraMaximetro>2018-02-16T08:20:00</FechaHoraMaximetro>
          </Integrador>
          <Integrador>
            <Magnitud>PM</Magnitud>
            <CodigoPeriodo>66</CodigoPeriodo>
            <ConstanteMultiplicadora>000001.000</ConstanteMultiplicadora>
            <NumeroRuedasEnteras>09</NumeroRuedasEnteras>
            <NumeroRuedasDecimales>00</NumeroRuedasDecimales>
            <ConsumoCalculado>+0000010000.00</ConsumoCalculado>
            <LecturaDesde>
              <Fecha>2018-01-16</Fecha>
              <Procedencia>20</Procedencia>
              <Lectura>0000000000.00</Lectura>
            </LecturaDesde>
            <LecturaHasta>
              <Fecha>2018-02-16</Fecha>
              <Procedencia>20</Procedencia>
              <Lectura>0000010000.00</Lectura>
            </LecturaHasta>
            <FechaHoraMaximetro>2018-02-16T08:20:00</FechaHoraMaximetro>
          </Integrador>
          <Integrador>
            <Magnitud>AE</Magnitud>
            <CodigoPeriodo>60</CodigoPeriodo>
            <ConstanteMultiplicadora>000001.000</ConstanteMultiplicadora>
            <NumeroRuedasEnteras>09</NumeroRuedasEnteras>
            <NumeroRuedasDecimales>00</NumeroRuedasDecimales>
            <ConsumoCalculado>+0000004221.00</ConsumoCalculado>
            <LecturaDesde>
              <Fecha>2018-01-16</Fecha>
              <Procedencia>20</Procedencia>
              <Lectura>0000152213.00</Lectura>
            </LecturaDesde>
            <LecturaHasta>
              <Fecha>2018-02-16</Fecha>
              <Procedencia>20</Procedencia>
              <Lectura>0000156434.00</Lectura>
            </LecturaHasta>
            <FechaHoraMaximetro>2018-02-16T08:20:00</FechaHoraMaximetro>
          </Integrador>
          <Integrador>
            <Magnitud>R1</Magnitud>
            <CodigoPeriodo>60</CodigoPeriodo>
            <ConstanteMultiplicadora>000001.000</ConstanteMultiplicadora>
            <NumeroRuedasEnteras>09</NumeroRuedasEnteras>
            <NumeroRuedasDecimales>00</NumeroRuedasDecimales>
            <ConsumoCalculado>+0000001890.00</ConsumoCalculado>
            <LecturaDesde>
              <Fecha>2018-01-16</Fecha>
              <Procedencia>20</Procedencia>
              <Lectura>0000074811.00</Lectura>
            </LecturaDesde>
            <LecturaHasta>
              <Fecha>2018-02-16</Fecha>
              <Procedencia>20</Procedencia>
              <Lectura>0000076701.00</Lectura>
            </LecturaHasta>
            <FechaHoraMaximetro>2018-02-16T08:20:00</FechaHoraMaximetro>
          </Integrador>
        </ModeloAparato>
      </Medidas>
    </FacturaATR>
    <RegistroFin>
      <ImporteTotal>+0000000000822.83</ImporteTotal>
      <SaldoTotalFacturacion>-0000000000044.31</SaldoTotalFacturacion>
      <TotalRecibos>00004</TotalRecibos>
      <TipoMoneda>02</TipoMoneda>
      <FechaValor>2018-02-16</FechaValor>
      <FechaLimitePago>2018-03-08</FechaLimitePago>
      <IdRemesa>00000000000000000001508962</IdRemesa>
    </RegistroFin>
  </Facturas>
  <OtrosDatosFactura>
    <SociedadMercantilEmisora>ENDESA DISTRIBUCION ELECTRICA, S.L.U.</SociedadMercantilEmisora>
    <SociedadMercantilDestino>SUNAIR ONE ENERGY, S.L.</SociedadMercantilDestino>
    <DireccionEmisora>AV VILANOVA</DireccionEmisora>
    <DireccionDestino>P.I.AGRO REUS C/ IGNASI I</DireccionDestino>
  </OtrosDatosFactura>
</MensajeFacturacion>