<?xml version="1.0" encoding="UTF-8"?><MensajeFacturacion xmlns="http://localhost/elegibilidad">
  <Cabecera>
    <CodigoREEEmpresaEmisora>0363</CodigoREEEmpresaEmisora>
    <CodigoREEEmpresaDestino>0815</CodigoREEEmpresaDestino>
    <CodigoDelProceso>F1</CodigoDelProceso>
    <CodigoDePaso>01</CodigoDePaso>
    <CodigoDeSolicitud>000002619983</CodigoDeSolicitud>
    <SecuencialDeSolicitud>00</SecuencialDeSolicitud>
    <FechaSolicitud>2018-02-16T01:11:33</FechaSolicitud>
    <CUPS>ES0031601028600001CX0F</CUPS>
  </Cabecera>
  <Facturas>
    <FacturaATR>
      <DatosGeneralesFacturaATR>
        <DireccionSuministro>
          <Pais>ESPAÑA</Pais>
          <Provincia>38</Provincia>
          <Municipio>000038</Municipio>
          <Poblacion>000000001</Poblacion>
          <TipoVia>CL</TipoVia>
          <CodPostal>38110</CodPostal>
          <Calle>SUBIDA AL MAYORAZGO</Calle>
          <NumeroFinca>00012</NumeroFinca>
          <Piso>LO</Piso>
          <TipoAclaradorFinca>NO</TipoAclaradorFinca>
          <AclaradorFinca>CONFECCION</AclaradorFinca>
        </DireccionSuministro>
        <Cliente>
          <TipoIdentificador>NI</TipoIdentificador>
          <Identificador>B55567986</Identificador>
        </Cliente>
        <CodContrato>500000128149</CodContrato>
        <DatosGeneralesFactura>
          <CodigoFiscalFactura>U3801N01510859</CodigoFiscalFactura>
          <TipoFactura>N</TipoFactura>
          <MotivoFacturacion>01</MotivoFacturacion>
          <Expediente>
            <NumeroExpediente>0000000000000000</NumeroExpediente>
            <CodigoSolicitud>000000000000</CodigoSolicitud>
          </Expediente>
          <FechaFactura>2018-02-16</FechaFactura>
          <IdentificadorEmisora>B82846817</IdentificadorEmisora>
          <Comentarios>2619983                                                                                             </Comentarios>
          <ImporteTotalFactura>+0000000093.67</ImporteTotalFactura>
          <TipoMoneda>02</TipoMoneda>
        </DatosGeneralesFactura>
        <DatosFacturaATR>
          <FechaBOE>2016-12-29</FechaBOE>
          <TarifaATRFact>003</TarifaATRFact>
          <ModoControlPotencia>2</ModoControlPotencia>
          <MarcaMedidaConPerdidas>N</MarcaMedidaConPerdidas>
          <IndicativoCurvaCarga>02</IndicativoCurvaCarga>
          <Periodo>
            <FechaDesdeFactura>2017-08-30</FechaDesdeFactura>
            <FechaHastaFactura>2017-09-21</FechaHastaFactura>
            <NumeroDias>022</NumeroDias>
          </Periodo>
        </DatosFacturaATR>
      </DatosGeneralesFacturaATR>
      <Potencia>
        <TerminoPotencia>
          <FechaDesde>2017-08-30</FechaDesde>
          <FechaHasta>2017-09-21</FechaHasta>
          <Periodo>
            <PotenciaContratada>00000000015000</PotenciaContratada>
            <PotenciaMaxDemandada>00000000006000</PotenciaMaxDemandada>
            <PotenciaAFacturar>00000000012750</PotenciaAFacturar>
            <PrecioPotencia>00000.111585986</PrecioPotencia>
          </Periodo>
          <Periodo>
            <PotenciaContratada>00000000015000</PotenciaContratada>
            <PotenciaMaxDemandada>00000000006000</PotenciaMaxDemandada>
            <PotenciaAFacturar>00000000012750</PotenciaAFacturar>
            <PrecioPotencia>00000.066951589</PrecioPotencia>
          </Periodo>
          <Periodo>
            <PotenciaContratada>00000000016000</PotenciaContratada>
            <PotenciaMaxDemandada>00000000000000</PotenciaMaxDemandada>
            <PotenciaAFacturar>00000000013600</PotenciaAFacturar>
            <PrecioPotencia>00000.044634397</PrecioPotencia>
          </Periodo>
          <Periodo>
            <PotenciaContratada>00000000000000</PotenciaContratada>
            <PotenciaMaxDemandada>00000000000000</PotenciaMaxDemandada>
            <PotenciaAFacturar>00000000000000</PotenciaAFacturar>
            <PrecioPotencia>00000.000000000</PrecioPotencia>
          </Periodo>
          <Periodo>
            <PotenciaContratada>00000000000000</PotenciaContratada>
            <PotenciaMaxDemandada>00000000000000</PotenciaMaxDemandada>
            <PotenciaAFacturar>00000000000000</PotenciaAFacturar>
            <PrecioPotencia>00000.000000000</PrecioPotencia>
          </Periodo>
          <Periodo>
            <PotenciaContratada>00000000000000</PotenciaContratada>
            <PotenciaMaxDemandada>00000000000000</PotenciaMaxDemandada>
            <PotenciaAFacturar>00000000000000</PotenciaAFacturar>
            <PrecioPotencia>00000.000000000</PrecioPotencia>
          </Periodo>
        </TerminoPotencia>
        <PenalizacionNoICP>N</PenalizacionNoICP>
        <ImporteTotalTerminoPotencia>+0000000063.43</ImporteTotalTerminoPotencia>
      </Potencia>
      <EnergiaActiva>
        <TerminoEnergiaActiva>
          <FechaDesde>2017-08-30</FechaDesde>
          <FechaHasta>2017-09-21</FechaHasta>
          <Periodo>
            <ValorEnergiaActiva>+00000000170.00</ValorEnergiaActiva>
            <PrecioEnergia>00000.018762000</PrecioEnergia>
          </Periodo>
          <Periodo>
            <ValorEnergiaActiva>+00000000163.00</ValorEnergiaActiva>
            <PrecioEnergia>00000.012575000</PrecioEnergia>
          </Periodo>
          <Periodo>
            <ValorEnergiaActiva>+00000000031.00</ValorEnergiaActiva>
            <PrecioEnergia>00000.004670000</PrecioEnergia>
          </Periodo>
          <Periodo>
            <ValorEnergiaActiva>+00000000000.00</ValorEnergiaActiva>
            <PrecioEnergia>00000.000000000</PrecioEnergia>
          </Periodo>
          <Periodo>
            <ValorEnergiaActiva>+00000000000.00</ValorEnergiaActiva>
            <PrecioEnergia>00000.000000000</PrecioEnergia>
          </Periodo>
          <Periodo>
            <ValorEnergiaActiva>+00000000000.00</ValorEnergiaActiva>
            <PrecioEnergia>00000.000000000</PrecioEnergia>
          </Periodo>
        </TerminoEnergiaActiva>
        <ImporteTotalEnergiaActiva>+0000000005.38</ImporteTotalEnergiaActiva>
      </EnergiaActiva>
      <EnergiaReactiva>
        <TerminoEnergiaReactiva>
          <FechaDesde>2017-08-30</FechaDesde>
          <FechaHasta>2017-09-21</FechaHasta>
          <Periodo>
            <ValorEnergiaReactiva>+00000000118.00</ValorEnergiaReactiva>
            <PrecioEnergiaReactiva>00000.062332000</PrecioEnergiaReactiva>
          </Periodo>
          <Periodo>
            <ValorEnergiaReactiva>+00000000107.00</ValorEnergiaReactiva>
            <PrecioEnergiaReactiva>00000.062332000</PrecioEnergiaReactiva>
          </Periodo>
          <Periodo>
            <ValorEnergiaReactiva>+00000000000.00</ValorEnergiaReactiva>
            <PrecioEnergiaReactiva>00000000000000</PrecioEnergiaReactiva>
          </Periodo>
          <Periodo>
            <ValorEnergiaReactiva>+00000000000.00</ValorEnergiaReactiva>
            <PrecioEnergiaReactiva>00000000000000</PrecioEnergiaReactiva>
          </Periodo>
          <Periodo>
            <ValorEnergiaReactiva>+00000000000.00</ValorEnergiaReactiva>
            <PrecioEnergiaReactiva>00000000000000</PrecioEnergiaReactiva>
          </Periodo>
          <Periodo>
            <ValorEnergiaReactiva>+00000000000.00</ValorEnergiaReactiva>
            <PrecioEnergiaReactiva>00000000000000</PrecioEnergiaReactiva>
          </Periodo>
        </TerminoEnergiaReactiva>
        <ImporteTotalEnergiaReactiva>+0000000014.02</ImporteTotalEnergiaReactiva>
      </EnergiaReactiva>
      <ImpuestoElectrico>
        <BaseImponible>+0000000000.00</BaseImponible>
        <Porcentaje>00000.00000000</Porcentaje>
        <Importe>+0000000000.00</Importe>
      </ImpuestoElectrico>
      <Alquileres>
        <PrecioDiarioAlquiler>
          <PrecioDia>00000.355068000</PrecioDia>
          <NumeroDias>022</NumeroDias>
        </PrecioDiarioAlquiler>
        <ImporteFacturacionAlquileres>+0000000007.81</ImporteFacturacionAlquileres>
      </Alquileres>
      <IVA>
        <BaseImponible>+0000000007.81</BaseImponible>
        <Porcentaje>0007.00</Porcentaje>
        <Importe>+0000000000.55</Importe>
      </IVA>
      <IVAReducido>
        <BaseImponible>+0000000082.83</BaseImponible>
        <Porcentaje>0003.00</Porcentaje>
        <Importe>+0000000002.48</Importe>
      </IVAReducido>
      <Medidas>
        <CodPM>ES0031601028600001CX2P</CodPM>
        <ModeloAparato>
          <TipoAparato>CA</TipoAparato>
          <MarcaAparato>199</MarcaAparato>
          <NumeroSerie>50056870</NumeroSerie>
          <TipoDHEdM>6</TipoDHEdM>
          <Integrador>
            <Magnitud>AE</Magnitud>
            <CodigoPeriodo>62</CodigoPeriodo>
            <ConstanteMultiplicadora>000001.000</ConstanteMultiplicadora>
            <NumeroRuedasEnteras>08</NumeroRuedasEnteras>
            <NumeroRuedasDecimales>00</NumeroRuedasDecimales>
            <ConsumoCalculado>+0000000150.00</ConsumoCalculado>
            <LecturaDesde>
              <Fecha>2017-08-30</Fecha>
              <Procedencia>30</Procedencia>
              <Lectura>0000022562.00</Lectura>
            </LecturaDesde>
            <LecturaHasta>
              <Fecha>2017-09-21</Fecha>
              <Procedencia>20</Procedencia>
              <Lectura>0000022528.00</Lectura>
            </LecturaHasta>
            <FechaHoraMaximetro>2017-09-21T00:00:00</FechaHoraMaximetro>
          </Integrador>
          <Integrador>
            <Magnitud>AE</Magnitud>
            <CodigoPeriodo>63</CodigoPeriodo>
            <ConstanteMultiplicadora>000001.000</ConstanteMultiplicadora>
            <NumeroRuedasEnteras>08</NumeroRuedasEnteras>
            <NumeroRuedasDecimales>00</NumeroRuedasDecimales>
            <ConsumoCalculado>+0000000020.00</ConsumoCalculado>
            <LecturaDesde>
              <Fecha>2017-08-30</Fecha>
              <Procedencia>30</Procedencia>
              <Lectura>0000001217.00</Lectura>
            </LecturaDesde>
            <LecturaHasta>
              <Fecha>2017-09-21</Fecha>
              <Procedencia>20</Procedencia>
              <Lectura>0000001224.00</Lectura>
            </LecturaHasta>
            <FechaHoraMaximetro>2017-09-21T00:00:00</FechaHoraMaximetro>
          </Integrador>
          <Integrador>
            <Magnitud>AE</Magnitud>
            <CodigoPeriodo>61</CodigoPeriodo>
            <ConstanteMultiplicadora>000001.000</ConstanteMultiplicadora>
            <NumeroRuedasEnteras>08</NumeroRuedasEnteras>
            <NumeroRuedasDecimales>00</NumeroRuedasDecimales>
            <ConsumoCalculado>+0000000166.00</ConsumoCalculado>
            <LecturaDesde>
              <Fecha>2017-08-30</Fecha>
              <Procedencia>30</Procedencia>
              <Lectura>0000009829.00</Lectura>
            </LecturaDesde>
            <LecturaHasta>
              <Fecha>2017-09-21</Fecha>
              <Procedencia>20</Procedencia>
              <Lectura>0000009770.00</Lectura>
            </LecturaHasta>
            <FechaHoraMaximetro>2017-09-21T00:00:00</FechaHoraMaximetro>
          </Integrador>
          <Integrador>
            <Magnitud>R1</Magnitud>
            <CodigoPeriodo>62</CodigoPeriodo>
            <ConstanteMultiplicadora>000001.000</ConstanteMultiplicadora>
            <NumeroRuedasEnteras>08</NumeroRuedasEnteras>
            <NumeroRuedasDecimales>00</NumeroRuedasDecimales>
            <ConsumoCalculado>+0000000150.00</ConsumoCalculado>
            <LecturaDesde>
              <Fecha>2017-08-30</Fecha>
              <Procedencia>30</Procedencia>
              <Lectura>0000022519.00</Lectura>
            </LecturaDesde>
            <LecturaHasta>
              <Fecha>2017-09-21</Fecha>
              <Procedencia>20</Procedencia>
              <Lectura>0000022456.00</Lectura>
            </LecturaHasta>
            <FechaHoraMaximetro>2017-09-21T00:00:00</FechaHoraMaximetro>
          </Integrador>
          <Integrador>
            <Magnitud>R1</Magnitud>
            <CodigoPeriodo>63</CodigoPeriodo>
            <ConstanteMultiplicadora>000001.000</ConstanteMultiplicadora>
            <NumeroRuedasEnteras>08</NumeroRuedasEnteras>
            <NumeroRuedasDecimales>00</NumeroRuedasDecimales>
            <ConsumoCalculado>+0000000020.00</ConsumoCalculado>
            <LecturaDesde>
              <Fecha>2017-08-30</Fecha>
              <Procedencia>30</Procedencia>
              <Lectura>0000001117.00</Lectura>
            </LecturaDesde>
            <LecturaHasta>
              <Fecha>2017-09-21</Fecha>
              <Procedencia>20</Procedencia>
              <Lectura>0000001124.00</Lectura>
            </LecturaHasta>
            <FechaHoraMaximetro>2017-09-21T00:00:00</FechaHoraMaximetro>
          </Integrador>
          <Integrador>
            <Magnitud>R1</Magnitud>
            <CodigoPeriodo>61</CodigoPeriodo>
            <ConstanteMultiplicadora>000001.000</ConstanteMultiplicadora>
            <NumeroRuedasEnteras>08</NumeroRuedasEnteras>
            <NumeroRuedasDecimales>00</NumeroRuedasDecimales>
            <ConsumoCalculado>+0000000169.00</ConsumoCalculado>
            <LecturaDesde>
              <Fecha>2017-08-30</Fecha>
              <Procedencia>30</Procedencia>
              <Lectura>0000010122.00</Lectura>
            </LecturaDesde>
            <LecturaHasta>
              <Fecha>2017-09-21</Fecha>
              <Procedencia>20</Procedencia>
              <Lectura>0000010033.00</Lectura>
            </LecturaHasta>
            <FechaHoraMaximetro>2017-09-21T00:00:00</FechaHoraMaximetro>
          </Integrador>
          <Integrador>
            <Magnitud>PM</Magnitud>
            <CodigoPeriodo>62</CodigoPeriodo>
            <ConstanteMultiplicadora>000001.000</ConstanteMultiplicadora>
            <NumeroRuedasEnteras>08</NumeroRuedasEnteras>
            <NumeroRuedasDecimales>00</NumeroRuedasDecimales>
            <ConsumoCalculado>+0000006000.00</ConsumoCalculado>
            <LecturaDesde>
              <Fecha>2017-08-30</Fecha>
              <Procedencia>30</Procedencia>
              <Lectura>0000000000.00</Lectura>
            </LecturaDesde>
            <LecturaHasta>
              <Fecha>2017-09-21</Fecha>
              <Procedencia>20</Procedencia>
              <Lectura>0000006000.00</Lectura>
            </LecturaHasta>
            <FechaHoraMaximetro>2017-09-21T00:00:00</FechaHoraMaximetro>
          </Integrador>
          <Integrador>
            <Magnitud>PM</Magnitud>
            <CodigoPeriodo>63</CodigoPeriodo>
            <ConstanteMultiplicadora>000001.000</ConstanteMultiplicadora>
            <NumeroRuedasEnteras>08</NumeroRuedasEnteras>
            <NumeroRuedasDecimales>00</NumeroRuedasDecimales>
            <ConsumoCalculado>+0000000000.00</ConsumoCalculado>
            <LecturaDesde>
              <Fecha>2017-08-30</Fecha>
              <Procedencia>30</Procedencia>
              <Lectura>0000000000.00</Lectura>
            </LecturaDesde>
            <LecturaHasta>
              <Fecha>2017-09-21</Fecha>
              <Procedencia>20</Procedencia>
              <Lectura>0000000000.00</Lectura>
            </LecturaHasta>
            <FechaHoraMaximetro>2017-09-21T00:00:00</FechaHoraMaximetro>
          </Integrador>
          <Integrador>
            <Magnitud>PM</Magnitud>
            <CodigoPeriodo>61</CodigoPeriodo>
            <ConstanteMultiplicadora>000001.000</ConstanteMultiplicadora>
            <NumeroRuedasEnteras>08</NumeroRuedasEnteras>
            <NumeroRuedasDecimales>00</NumeroRuedasDecimales>
            <ConsumoCalculado>+0000006000.00</ConsumoCalculado>
            <LecturaDesde>
              <Fecha>2017-08-30</Fecha>
              <Procedencia>30</Procedencia>
              <Lectura>0000000000.00</Lectura>
            </LecturaDesde>
            <LecturaHasta>
              <Fecha>2017-09-21</Fecha>
              <Procedencia>20</Procedencia>
              <Lectura>0000006000.00</Lectura>
            </LecturaHasta>
            <FechaHoraMaximetro>2017-09-21T00:00:00</FechaHoraMaximetro>
          </Integrador>
          <Integrador>
            <Magnitud>AE</Magnitud>
            <CodigoPeriodo>64</CodigoPeriodo>
            <ConstanteMultiplicadora>000001.000</ConstanteMultiplicadora>
            <NumeroRuedasEnteras>08</NumeroRuedasEnteras>
            <NumeroRuedasDecimales>00</NumeroRuedasDecimales>
            <ConsumoCalculado>+0000000004.00</ConsumoCalculado>
            <LecturaDesde>
              <Fecha>2017-08-30</Fecha>
              <Procedencia>30</Procedencia>
              <Lectura>0000000274.00</Lectura>
            </LecturaDesde>
            <LecturaHasta>
              <Fecha>2017-09-21</Fecha>
              <Procedencia>20</Procedencia>
              <Lectura>0000000276.00</Lectura>
            </LecturaHasta>
            <FechaHoraMaximetro>2017-09-21T00:00:00</FechaHoraMaximetro>
          </Integrador>
          <Integrador>
            <Magnitud>AE</Magnitud>
            <CodigoPeriodo>65</CodigoPeriodo>
            <ConstanteMultiplicadora>000001.000</ConstanteMultiplicadora>
            <NumeroRuedasEnteras>08</NumeroRuedasEnteras>
            <NumeroRuedasDecimales>00</NumeroRuedasDecimales>
            <ConsumoCalculado>+0000000013.00</ConsumoCalculado>
            <LecturaDesde>
              <Fecha>2017-08-30</Fecha>
              <Procedencia>30</Procedencia>
              <Lectura>0000000954.00</Lectura>
            </LecturaDesde>
            <LecturaHasta>
              <Fecha>2017-09-21</Fecha>
              <Procedencia>20</Procedencia>
              <Lectura>0000000959.00</Lectura>
            </LecturaHasta>
            <FechaHoraMaximetro>2017-09-21T00:00:00</FechaHoraMaximetro>
          </Integrador>
          <Integrador>
            <Magnitud>AE</Magnitud>
            <CodigoPeriodo>66</CodigoPeriodo>
            <ConstanteMultiplicadora>000001.000</ConstanteMultiplicadora>
            <NumeroRuedasEnteras>08</NumeroRuedasEnteras>
            <NumeroRuedasDecimales>00</NumeroRuedasDecimales>
            <ConsumoCalculado>+0000000011.00</ConsumoCalculado>
            <LecturaDesde>
              <Fecha>2017-08-30</Fecha>
              <Procedencia>30</Procedencia>
              <Lectura>0000000469.00</Lectura>
            </LecturaDesde>
            <LecturaHasta>
              <Fecha>2017-09-21</Fecha>
              <Procedencia>20</Procedencia>
              <Lectura>0000000473.00</Lectura>
            </LecturaHasta>
            <FechaHoraMaximetro>2017-09-21T00:00:00</FechaHoraMaximetro>
          </Integrador>
          <Integrador>
            <Magnitud>R1</Magnitud>
            <CodigoPeriodo>64</CodigoPeriodo>
            <ConstanteMultiplicadora>000001.000</ConstanteMultiplicadora>
            <NumeroRuedasEnteras>08</NumeroRuedasEnteras>
            <NumeroRuedasDecimales>00</NumeroRuedasDecimales>
            <ConsumoCalculado>+0000000005.00</ConsumoCalculado>
            <LecturaDesde>
              <Fecha>2017-08-30</Fecha>
              <Procedencia>30</Procedencia>
              <Lectura>0000000242.00</Lectura>
            </LecturaDesde>
            <LecturaHasta>
              <Fecha>2017-09-21</Fecha>
              <Procedencia>20</Procedencia>
              <Lectura>0000000245.00</Lectura>
            </LecturaHasta>
            <FechaHoraMaximetro>2017-09-21T00:00:00</FechaHoraMaximetro>
          </Integrador>
          <Integrador>
            <Magnitud>R1</Magnitud>
            <CodigoPeriodo>65</CodigoPeriodo>
            <ConstanteMultiplicadora>000001.000</ConstanteMultiplicadora>
            <NumeroRuedasEnteras>08</NumeroRuedasEnteras>
            <NumeroRuedasDecimales>00</NumeroRuedasDecimales>
            <ConsumoCalculado>+0000000011.00</ConsumoCalculado>
            <LecturaDesde>
              <Fecha>2017-08-30</Fecha>
              <Procedencia>30</Procedencia>
              <Lectura>0000000815.00</Lectura>
            </LecturaDesde>
            <LecturaHasta>
              <Fecha>2017-09-21</Fecha>
              <Procedencia>20</Procedencia>
              <Lectura>0000000818.00</Lectura>
            </LecturaHasta>
            <FechaHoraMaximetro>2017-09-21T00:00:00</FechaHoraMaximetro>
          </Integrador>
          <Integrador>
            <Magnitud>R1</Magnitud>
            <CodigoPeriodo>66</CodigoPeriodo>
            <ConstanteMultiplicadora>000001.000</ConstanteMultiplicadora>
            <NumeroRuedasEnteras>08</NumeroRuedasEnteras>
            <NumeroRuedasDecimales>00</NumeroRuedasDecimales>
            <ConsumoCalculado>+0000000009.00</ConsumoCalculado>
            <LecturaDesde>
              <Fecha>2017-08-30</Fecha>
              <Procedencia>30</Procedencia>
              <Lectura>0000000433.00</Lectura>
            </LecturaDesde>
            <LecturaHasta>
              <Fecha>2017-09-21</Fecha>
              <Procedencia>20</Procedencia>
              <Lectura>0000000437.00</Lectura>
            </LecturaHasta>
            <FechaHoraMaximetro>2017-09-21T00:00:00</FechaHoraMaximetro>
          </Integrador>
          <Integrador>
            <Magnitud>PM</Magnitud>
            <CodigoPeriodo>64</CodigoPeriodo>
            <ConstanteMultiplicadora>000001.000</ConstanteMultiplicadora>
            <NumeroRuedasEnteras>08</NumeroRuedasEnteras>
            <NumeroRuedasDecimales>00</NumeroRuedasDecimales>
            <ConsumoCalculado>+0000000000.00</ConsumoCalculado>
            <LecturaDesde>
              <Fecha>2017-08-30</Fecha>
              <Procedencia>30</Procedencia>
              <Lectura>0000000000.00</Lectura>
            </LecturaDesde>
            <LecturaHasta>
              <Fecha>2017-09-21</Fecha>
              <Procedencia>20</Procedencia>
              <Lectura>0000000000.00</Lectura>
            </LecturaHasta>
            <FechaHoraMaximetro>2017-09-21T00:00:00</FechaHoraMaximetro>
          </Integrador>
          <Integrador>
            <Magnitud>PM</Magnitud>
            <CodigoPeriodo>65</CodigoPeriodo>
            <ConstanteMultiplicadora>000001.000</ConstanteMultiplicadora>
            <NumeroRuedasEnteras>08</NumeroRuedasEnteras>
            <NumeroRuedasDecimales>00</NumeroRuedasDecimales>
            <ConsumoCalculado>+0000000000.00</ConsumoCalculado>
            <LecturaDesde>
              <Fecha>2017-08-30</Fecha>
              <Procedencia>30</Procedencia>
              <Lectura>0000000000.00</Lectura>
            </LecturaDesde>
            <LecturaHasta>
              <Fecha>2017-09-21</Fecha>
              <Procedencia>20</Procedencia>
              <Lectura>0000000000.00</Lectura>
            </LecturaHasta>
            <FechaHoraMaximetro>2017-09-21T00:00:00</FechaHoraMaximetro>
          </Integrador>
          <Integrador>
            <Magnitud>PM</Magnitud>
            <CodigoPeriodo>66</CodigoPeriodo>
            <ConstanteMultiplicadora>000001.000</ConstanteMultiplicadora>
            <NumeroRuedasEnteras>08</NumeroRuedasEnteras>
            <NumeroRuedasDecimales>00</NumeroRuedasDecimales>
            <ConsumoCalculado>+0000000000.00</ConsumoCalculado>
            <LecturaDesde>
              <Fecha>2017-08-30</Fecha>
              <Procedencia>30</Procedencia>
              <Lectura>0000000000.00</Lectura>
            </LecturaDesde>
            <LecturaHasta>
              <Fecha>2017-09-21</Fecha>
              <Procedencia>20</Procedencia>
              <Lectura>0000000000.00</Lectura>
            </LecturaHasta>
            <FechaHoraMaximetro>2017-09-21T00:00:00</FechaHoraMaximetro>
          </Integrador>
          <Integrador>
            <Magnitud>AE</Magnitud>
            <CodigoPeriodo>60</CodigoPeriodo>
            <ConstanteMultiplicadora>000001.000</ConstanteMultiplicadora>
            <NumeroRuedasEnteras>08</NumeroRuedasEnteras>
            <NumeroRuedasDecimales>00</NumeroRuedasDecimales>
            <ConsumoCalculado>+0000000364.00</ConsumoCalculado>
            <LecturaDesde>
              <Fecha>2017-08-30</Fecha>
              <Procedencia>30</Procedencia>
              <Lectura>0000035305.00</Lectura>
            </LecturaDesde>
            <LecturaHasta>
              <Fecha>2017-09-21</Fecha>
              <Procedencia>20</Procedencia>
              <Lectura>0000035230.00</Lectura>
            </LecturaHasta>
            <FechaHoraMaximetro>2017-09-21T00:00:00</FechaHoraMaximetro>
          </Integrador>
          <Integrador>
            <Magnitud>R1</Magnitud>
            <CodigoPeriodo>60</CodigoPeriodo>
            <ConstanteMultiplicadora>000001.000</ConstanteMultiplicadora>
            <NumeroRuedasEnteras>08</NumeroRuedasEnteras>
            <NumeroRuedasDecimales>00</NumeroRuedasDecimales>
            <ConsumoCalculado>+0000000364.00</ConsumoCalculado>
            <LecturaDesde>
              <Fecha>2017-08-30</Fecha>
              <Procedencia>30</Procedencia>
              <Lectura>0000035248.00</Lectura>
            </LecturaDesde>
            <LecturaHasta>
              <Fecha>2017-09-21</Fecha>
              <Procedencia>20</Procedencia>
              <Lectura>0000035113.00</Lectura>
            </LecturaHasta>
            <FechaHoraMaximetro>2017-09-21T00:00:00</FechaHoraMaximetro>
          </Integrador>
        </ModeloAparato>
      </Medidas>
    </FacturaATR>
    <RegistroFin>
      <ImporteTotal>+0000000001203.36</ImporteTotal>
      <SaldoTotalFacturacion>+0000000000000.00</SaldoTotalFacturacion>
      <TotalRecibos>00020</TotalRecibos>
      <TipoMoneda>02</TipoMoneda>
      <FechaValor>2018-02-16</FechaValor>
      <FechaLimitePago>2018-03-08</FechaLimitePago>
      <IdRemesa>00000000000000000002619983</IdRemesa>
    </RegistroFin>
  </Facturas>
  <OtrosDatosFactura>
    <SociedadMercantilEmisora>ENDESA DISTRIBUCION ELECTRICA SLU</SociedadMercantilEmisora>
    <SociedadMercantilDestino>SUNAIR ONE ENERGY, S.L.</SociedadMercantilDestino>
    <DireccionEmisora>AV VILANOVA</DireccionEmisora>
    <DireccionDestino>P.I.AGRO REUS C/ IGNASI I</DireccionDestino>
  </OtrosDatosFactura>
</MensajeFacturacion>