<?xml version="1.0" encoding="UTF-8"?><MensajeFacturacion xmlns="http://localhost/elegibilidad">
  <Cabecera>
    <CodigoREEEmpresaEmisora>0024</CodigoREEEmpresaEmisora>
    <CodigoREEEmpresaDestino>0980</CodigoREEEmpresaDestino>
    <CodigoDelProceso>F1</CodigoDelProceso>
    <CodigoDePaso>01</CodigoDePaso>
    <CodigoDeSolicitud>000002516531</CodigoDeSolicitud>
    <SecuencialDeSolicitud>00</SecuencialDeSolicitud>
    <FechaSolicitud>2018-02-16T01:50:57</FechaSolicitud>
    <CUPS>ES0031405999636002QJ0F</CUPS>
  </Cabecera>
  <Facturas>
    <FacturaATR>
      <DatosGeneralesFacturaATR>
        <DireccionSuministro>
          <Pais>ESPAÑA</Pais>
          <Provincia>17</Provincia>
          <Municipio>000023</Municipio>
          <Poblacion>000000535</Poblacion>
          <TipoVia>CL</TipoVia>
          <CodPostal>17300</CodPostal>
          <Calle>SANT MAXIMIA</Calle>
          <NumeroFinca>00005</NumeroFinca>
          <Piso>001</Piso>
        </DireccionSuministro>
        <Cliente>
          <TipoIdentificador>NI</TipoIdentificador>
          <Identificador>B55641708</Identificador>
        </Cliente>
        <CodContrato>000508426480</CodContrato>
        <DatosGeneralesFactura>
          <CodigoFiscalFactura>F2801N03466822</CodigoFiscalFactura>
          <TipoFactura>N</TipoFactura>
          <MotivoFacturacion>01</MotivoFacturacion>
          <Expediente>
            <NumeroExpediente>0000000000000000</NumeroExpediente>
            <CodigoSolicitud>000000000000</CodigoSolicitud>
          </Expediente>
          <FechaFactura>2018-02-16</FechaFactura>
          <IdentificadorEmisora>B82846817</IdentificadorEmisora>
          <Comentarios>2516531                                                                                             </Comentarios>
          <ImporteTotalFactura>+0000000013.18</ImporteTotalFactura>
          <TipoMoneda>02</TipoMoneda>
        </DatosGeneralesFactura>
        <DatosFacturaATR>
          <FechaBOE>2017-12-27</FechaBOE>
          <TarifaATRFact>001</TarifaATRFact>
          <ModoControlPotencia>1</ModoControlPotencia>
          <MarcaMedidaConPerdidas>N</MarcaMedidaConPerdidas>
          <IndicativoCurvaCarga>02</IndicativoCurvaCarga>
          <Periodo>
            <FechaDesdeFactura>2018-01-25</FechaDesdeFactura>
            <FechaHastaFactura>2018-02-16</FechaHastaFactura>
            <NumeroDias>022</NumeroDias>
          </Periodo>
        </DatosFacturaATR>
      </DatosGeneralesFacturaATR>
      <Potencia>
        <TerminoPotencia>
          <FechaDesde>2018-01-25</FechaDesde>
          <FechaHasta>2018-02-16</FechaHasta>
          <Periodo>
            <PotenciaContratada>00000000003300</PotenciaContratada>
            <PotenciaMaxDemandada>00000000003300</PotenciaMaxDemandada>
            <PotenciaAFacturar>00000000003300</PotenciaAFacturar>
            <PrecioPotencia>00000.104229000</PrecioPotencia>
          </Periodo>
          <Periodo>
            <PotenciaContratada>00000000000000</PotenciaContratada>
            <PotenciaMaxDemandada>00000000000000</PotenciaMaxDemandada>
            <PotenciaAFacturar>00000000000000</PotenciaAFacturar>
            <PrecioPotencia>00000.000000000</PrecioPotencia>
          </Periodo>
          <Periodo>
            <PotenciaContratada>00000000000000</PotenciaContratada>
            <PotenciaMaxDemandada>00000000000000</PotenciaMaxDemandada>
            <PotenciaAFacturar>00000000000000</PotenciaAFacturar>
            <PrecioPotencia>00000.000000000</PrecioPotencia>
          </Periodo>
          <Periodo>
            <PotenciaContratada>00000000000000</PotenciaContratada>
            <PotenciaMaxDemandada>00000000000000</PotenciaMaxDemandada>
            <PotenciaAFacturar>00000000000000</PotenciaAFacturar>
            <PrecioPotencia>00000.000000000</PrecioPotencia>
          </Periodo>
          <Periodo>
            <PotenciaContratada>00000000000000</PotenciaContratada>
            <PotenciaMaxDemandada>00000000000000</PotenciaMaxDemandada>
            <PotenciaAFacturar>00000000000000</PotenciaAFacturar>
            <PrecioPotencia>00000.000000000</PrecioPotencia>
          </Periodo>
          <Periodo>
            <PotenciaContratada>00000000000000</PotenciaContratada>
            <PotenciaMaxDemandada>00000000000000</PotenciaMaxDemandada>
            <PotenciaAFacturar>00000000000000</PotenciaAFacturar>
            <PrecioPotencia>00000.000000000</PrecioPotencia>
          </Periodo>
        </TerminoPotencia>
        <PenalizacionNoICP>N</PenalizacionNoICP>
        <ImporteTotalTerminoPotencia>+0000000007.57</ImporteTotalTerminoPotencia>
      </Potencia>
      <EnergiaActiva>
        <TerminoEnergiaActiva>
          <FechaDesde>2018-01-25</FechaDesde>
          <FechaHasta>2018-02-16</FechaHasta>
          <Periodo>
            <ValorEnergiaActiva>+00000000062.00</ValorEnergiaActiva>
            <PrecioEnergia>00000.044027000</PrecioEnergia>
          </Periodo>
          <Periodo>
            <ValorEnergiaActiva>+00000000000.00</ValorEnergiaActiva>
            <PrecioEnergia>00000.000000000</PrecioEnergia>
          </Periodo>
          <Periodo>
            <ValorEnergiaActiva>+00000000000.00</ValorEnergiaActiva>
            <PrecioEnergia>00000.000000000</PrecioEnergia>
          </Periodo>
          <Periodo>
            <ValorEnergiaActiva>+00000000000.00</ValorEnergiaActiva>
            <PrecioEnergia>00000.000000000</PrecioEnergia>
          </Periodo>
          <Periodo>
            <ValorEnergiaActiva>+00000000000.00</ValorEnergiaActiva>
            <PrecioEnergia>00000.000000000</PrecioEnergia>
          </Periodo>
          <Periodo>
            <ValorEnergiaActiva>+00000000000.00</ValorEnergiaActiva>
            <PrecioEnergia>00000.000000000</PrecioEnergia>
          </Periodo>
        </TerminoEnergiaActiva>
        <ImporteTotalEnergiaActiva>+0000000002.73</ImporteTotalEnergiaActiva>
      </EnergiaActiva>
      <ImpuestoElectrico>
        <BaseImponible>+0000000000.00</BaseImponible>
        <Porcentaje>00000.00000000</Porcentaje>
        <Importe>+0000000000.00</Importe>
      </ImpuestoElectrico>
      <Alquileres>
        <PrecioDiarioAlquiler>
          <PrecioDia>00000.026630000</PrecioDia>
          <NumeroDias>022</NumeroDias>
        </PrecioDiarioAlquiler>
        <ImporteFacturacionAlquileres>+0000000000.59</ImporteFacturacionAlquileres>
      </Alquileres>
      <IVA>
        <BaseImponible>+0000000010.89</BaseImponible>
        <Porcentaje>0021.00</Porcentaje>
        <Importe>+0000000002.29</Importe>
      </IVA>
      <Medidas>
        <CodPM>ES0031405999636002QJ1P</CodPM>
        <ModeloAparato>
          <TipoAparato>TG</TipoAparato>
          <MarcaAparato>199</MarcaAparato>
          <NumeroSerie>700701139</NumeroSerie>
          <TipoDHEdM>1</TipoDHEdM>
          <Integrador>
            <Magnitud>AE</Magnitud>
            <CodigoPeriodo>10</CodigoPeriodo>
            <ConstanteMultiplicadora>000001.000</ConstanteMultiplicadora>
            <NumeroRuedasEnteras>06</NumeroRuedasEnteras>
            <NumeroRuedasDecimales>00</NumeroRuedasDecimales>
            <ConsumoCalculado>+0000000062.00</ConsumoCalculado>
            <LecturaDesde>
              <Fecha>2018-01-25</Fecha>
              <Procedencia>30</Procedencia>
              <Lectura>0000000000.00</Lectura>
            </LecturaDesde>
            <LecturaHasta>
              <Fecha>2018-02-16</Fecha>
              <Procedencia>60</Procedencia>
              <Lectura>0000000062.00</Lectura>
            </LecturaHasta>
          </Integrador>
        </ModeloAparato>
      </Medidas>
    </FacturaATR>
    <RegistroFin>
      <ImporteTotal>+0000000000216.65</ImporteTotal>
      <SaldoTotalFacturacion>+0000000000000.00</SaldoTotalFacturacion>
      <TotalRecibos>00005</TotalRecibos>
      <TipoMoneda>02</TipoMoneda>
      <FechaValor>2018-02-16</FechaValor>
      <FechaLimitePago>2018-03-08</FechaLimitePago>
      <IdRemesa>00000000000000000002516531</IdRemesa>
    </RegistroFin>
  </Facturas>
  <OtrosDatosFactura>
    <SociedadMercantilEmisora>ENDESA DISTRIBUCION ELECTRICA S.L *</SociedadMercantilEmisora>
    <SociedadMercantilDestino>SUNAIR ONE HOME S.L.</SociedadMercantilDestino>
    <DireccionEmisora>AV VILANOVA</DireccionEmisora>
    <DireccionDestino>IGNASI IGLESIAS, NÂº 69 P</DireccionDestino>
  </OtrosDatosFactura>
</MensajeFacturacion>