<?xml version="1.0" encoding="UTF-8"?><MensajeFacturacion xmlns="http://localhost/elegibilidad">
  <Cabecera>
    <CodigoREEEmpresaEmisora>0024</CodigoREEEmpresaEmisora>
    <CodigoREEEmpresaDestino>0815</CodigoREEEmpresaDestino>
    <CodigoDelProceso>F1</CodigoDelProceso>
    <CodigoDePaso>01</CodigoDePaso>
    <CodigoDeSolicitud>000002516470</CodigoDeSolicitud>
    <SecuencialDeSolicitud>00</SecuencialDeSolicitud>
    <FechaSolicitud>2018-02-16T01:50:57</FechaSolicitud>
    <CUPS>ES0031408272370001YY0F</CUPS>
  </Cabecera>
  <Facturas>
    <FacturaATR>
      <DatosGeneralesFacturaATR>
        <DireccionSuministro>
          <Pais>ESPAÑA</Pais>
          <Provincia>43</Provincia>
          <Municipio>000088</Municipio>
          <Poblacion>000001768</Poblacion>
          <TipoVia>CL</TipoVia>
          <CodPostal>43340</CodPostal>
          <Calle>SANT PERE</Calle>
          <NumeroFinca>00000</NumeroFinca>
          <TipoAclaradorFinca>NO</TipoAclaradorFinca>
          <AclaradorFinca>CM VILANOVA</AclaradorFinca>
        </DireccionSuministro>
        <Cliente>
          <TipoIdentificador>NI</TipoIdentificador>
          <Identificador>B55567986</Identificador>
        </Cliente>
        <CodContrato>000484061251</CodContrato>
        <DatosGeneralesFactura>
          <CodigoFiscalFactura>F6801N01209068</CodigoFiscalFactura>
          <TipoFactura>N</TipoFactura>
          <MotivoFacturacion>01</MotivoFacturacion>
          <Expediente>
            <NumeroExpediente>0000000000000000</NumeroExpediente>
            <CodigoSolicitud>000000000000</CodigoSolicitud>
          </Expediente>
          <FechaFactura>2018-02-16</FechaFactura>
          <IdentificadorEmisora>B82846817</IdentificadorEmisora>
          <Comentarios>2516470                                                                                             </Comentarios>
          <ImporteTotalFactura>+0000000267.43</ImporteTotalFactura>
          <TipoMoneda>02</TipoMoneda>
        </DatosGeneralesFactura>
        <DatosFacturaATR>
          <FechaBOE>2017-12-27</FechaBOE>
          <TarifaATRFact>003</TarifaATRFact>
          <ModoControlPotencia>2</ModoControlPotencia>
          <MarcaMedidaConPerdidas>N</MarcaMedidaConPerdidas>
          <IndicativoCurvaCarga>02</IndicativoCurvaCarga>
          <Periodo>
            <FechaDesdeFactura>2018-01-17</FechaDesdeFactura>
            <FechaHastaFactura>2018-02-14</FechaHastaFactura>
            <NumeroDias>028</NumeroDias>
          </Periodo>
        </DatosFacturaATR>
      </DatosGeneralesFacturaATR>
      <Potencia>
        <TerminoPotencia>
          <FechaDesde>2018-01-17</FechaDesde>
          <FechaHasta>2018-02-14</FechaHasta>
          <Periodo>
            <PotenciaContratada>00000000012000</PotenciaContratada>
            <PotenciaMaxDemandada>00000000012000</PotenciaMaxDemandada>
            <PotenciaAFacturar>00000000012000</PotenciaAFacturar>
            <PrecioPotencia>00000.111585986</PrecioPotencia>
          </Periodo>
          <Periodo>
            <PotenciaContratada>00000000013000</PotenciaContratada>
            <PotenciaMaxDemandada>00000000012000</PotenciaMaxDemandada>
            <PotenciaAFacturar>00000000012000</PotenciaAFacturar>
            <PrecioPotencia>00000.066951589</PrecioPotencia>
          </Periodo>
          <Periodo>
            <PotenciaContratada>00000000031500</PotenciaContratada>
            <PotenciaMaxDemandada>00000000012000</PotenciaMaxDemandada>
            <PotenciaAFacturar>00000000026775</PotenciaAFacturar>
            <PrecioPotencia>00000.044634397</PrecioPotencia>
          </Periodo>
          <Periodo>
            <PotenciaContratada>00000000000000</PotenciaContratada>
            <PotenciaMaxDemandada>00000000000000</PotenciaMaxDemandada>
            <PotenciaAFacturar>00000000000000</PotenciaAFacturar>
            <PrecioPotencia>00000.000000000</PrecioPotencia>
          </Periodo>
          <Periodo>
            <PotenciaContratada>00000000000000</PotenciaContratada>
            <PotenciaMaxDemandada>00000000000000</PotenciaMaxDemandada>
            <PotenciaAFacturar>00000000000000</PotenciaAFacturar>
            <PrecioPotencia>00000.000000000</PrecioPotencia>
          </Periodo>
          <Periodo>
            <PotenciaContratada>00000000000000</PotenciaContratada>
            <PotenciaMaxDemandada>00000000000000</PotenciaMaxDemandada>
            <PotenciaAFacturar>00000000000000</PotenciaAFacturar>
            <PrecioPotencia>00000.000000000</PrecioPotencia>
          </Periodo>
        </TerminoPotencia>
        <PenalizacionNoICP>N</PenalizacionNoICP>
        <ImporteTotalTerminoPotencia>+0000000093.45</ImporteTotalTerminoPotencia>
      </Potencia>
      <EnergiaActiva>
        <TerminoEnergiaActiva>
          <FechaDesde>2018-01-17</FechaDesde>
          <FechaHasta>2018-02-14</FechaHasta>
          <Periodo>
            <ValorEnergiaActiva>+00000001303.00</ValorEnergiaActiva>
            <PrecioEnergia>00000.018762000</PrecioEnergia>
          </Periodo>
          <Periodo>
            <ValorEnergiaActiva>+00000000794.00</ValorEnergiaActiva>
            <PrecioEnergia>00000.012575000</PrecioEnergia>
          </Periodo>
          <Periodo>
            <ValorEnergiaActiva>+00000002253.00</ValorEnergiaActiva>
            <PrecioEnergia>00000.004670000</PrecioEnergia>
          </Periodo>
          <Periodo>
            <ValorEnergiaActiva>+00000000000.00</ValorEnergiaActiva>
            <PrecioEnergia>00000.000000000</PrecioEnergia>
          </Periodo>
          <Periodo>
            <ValorEnergiaActiva>+00000000000.00</ValorEnergiaActiva>
            <PrecioEnergia>00000.000000000</PrecioEnergia>
          </Periodo>
          <Periodo>
            <ValorEnergiaActiva>+00000000000.00</ValorEnergiaActiva>
            <PrecioEnergia>00000.000000000</PrecioEnergia>
          </Periodo>
        </TerminoEnergiaActiva>
        <ImporteTotalEnergiaActiva>+0000000044.95</ImporteTotalEnergiaActiva>
      </EnergiaActiva>
      <EnergiaReactiva>
        <TerminoEnergiaReactiva>
          <FechaDesde>2018-01-17</FechaDesde>
          <FechaHasta>2018-02-14</FechaHasta>
          <Periodo>
            <ValorEnergiaReactiva>+00000000734.00</ValorEnergiaReactiva>
            <PrecioEnergiaReactiva>00000.062332000</PrecioEnergiaReactiva>
          </Periodo>
          <Periodo>
            <ValorEnergiaReactiva>+00000000432.00</ValorEnergiaReactiva>
            <PrecioEnergiaReactiva>00000.062332000</PrecioEnergiaReactiva>
          </Periodo>
          <Periodo>
            <ValorEnergiaReactiva>+00000000000.00</ValorEnergiaReactiva>
            <PrecioEnergiaReactiva>00000000000000</PrecioEnergiaReactiva>
          </Periodo>
          <Periodo>
            <ValorEnergiaReactiva>+00000000000.00</ValorEnergiaReactiva>
            <PrecioEnergiaReactiva>00000000000000</PrecioEnergiaReactiva>
          </Periodo>
          <Periodo>
            <ValorEnergiaReactiva>+00000000000.00</ValorEnergiaReactiva>
            <PrecioEnergiaReactiva>00000000000000</PrecioEnergiaReactiva>
          </Periodo>
          <Periodo>
            <ValorEnergiaReactiva>+00000000000.00</ValorEnergiaReactiva>
            <PrecioEnergiaReactiva>00000000000000</PrecioEnergiaReactiva>
          </Periodo>
        </TerminoEnergiaReactiva>
        <ImporteTotalEnergiaReactiva>+0000000072.68</ImporteTotalEnergiaReactiva>
      </EnergiaReactiva>
      <ImpuestoElectrico>
        <BaseImponible>+0000000000.00</BaseImponible>
        <Porcentaje>00000.00000000</Porcentaje>
        <Importe>+0000000000.00</Importe>
      </ImpuestoElectrico>
      <Alquileres>
        <PrecioDiarioAlquiler>
          <PrecioDia>00000.355068000</PrecioDia>
          <NumeroDias>028</NumeroDias>
        </PrecioDiarioAlquiler>
        <ImporteFacturacionAlquileres>+0000000009.94</ImporteFacturacionAlquileres>
      </Alquileres>
      <IVA>
        <BaseImponible>+0000000221.02</BaseImponible>
        <Porcentaje>0021.00</Porcentaje>
        <Importe>+0000000046.41</Importe>
      </IVA>
      <Medidas>
        <CodPM>ES0031408272370001YY2P</CodPM>
        <ModeloAparato>
          <TipoAparato>CA</TipoAparato>
          <MarcaAparato>132</MarcaAparato>
          <NumeroSerie>000966140</NumeroSerie>
          <TipoDHEdM>6</TipoDHEdM>
          <Integrador>
            <Magnitud>AE</Magnitud>
            <CodigoPeriodo>62</CodigoPeriodo>
            <ConstanteMultiplicadora>000001.000</ConstanteMultiplicadora>
            <NumeroRuedasEnteras>07</NumeroRuedasEnteras>
            <NumeroRuedasDecimales>00</NumeroRuedasDecimales>
            <ConsumoCalculado>+0000000573.00</ConsumoCalculado>
            <LecturaDesde>
              <Fecha>2018-01-17</Fecha>
              <Procedencia>20</Procedencia>
              <Lectura>0000121641.00</Lectura>
            </LecturaDesde>
            <LecturaHasta>
              <Fecha>2018-02-14</Fecha>
              <Procedencia>20</Procedencia>
              <Lectura>0000122214.00</Lectura>
            </LecturaHasta>
            <FechaHoraMaximetro>2018-02-14T00:00:00</FechaHoraMaximetro>
          </Integrador>
          <Integrador>
            <Magnitud>AE</Magnitud>
            <CodigoPeriodo>63</CodigoPeriodo>
            <ConstanteMultiplicadora>000001.000</ConstanteMultiplicadora>
            <NumeroRuedasEnteras>07</NumeroRuedasEnteras>
            <NumeroRuedasDecimales>00</NumeroRuedasDecimales>
            <ConsumoCalculado>+0000001602.00</ConsumoCalculado>
            <LecturaDesde>
              <Fecha>2018-01-17</Fecha>
              <Procedencia>20</Procedencia>
              <Lectura>0000332523.00</Lectura>
            </LecturaDesde>
            <LecturaHasta>
              <Fecha>2018-02-14</Fecha>
              <Procedencia>20</Procedencia>
              <Lectura>0000334125.00</Lectura>
            </LecturaHasta>
            <FechaHoraMaximetro>2018-02-14T00:00:00</FechaHoraMaximetro>
          </Integrador>
          <Integrador>
            <Magnitud>AE</Magnitud>
            <CodigoPeriodo>61</CodigoPeriodo>
            <ConstanteMultiplicadora>000001.000</ConstanteMultiplicadora>
            <NumeroRuedasEnteras>07</NumeroRuedasEnteras>
            <NumeroRuedasDecimales>00</NumeroRuedasDecimales>
            <ConsumoCalculado>+0000000943.00</ConsumoCalculado>
            <LecturaDesde>
              <Fecha>2018-01-17</Fecha>
              <Procedencia>20</Procedencia>
              <Lectura>0000072775.00</Lectura>
            </LecturaDesde>
            <LecturaHasta>
              <Fecha>2018-02-14</Fecha>
              <Procedencia>20</Procedencia>
              <Lectura>0000073718.00</Lectura>
            </LecturaHasta>
            <FechaHoraMaximetro>2018-02-14T00:00:00</FechaHoraMaximetro>
          </Integrador>
          <Integrador>
            <Magnitud>R1</Magnitud>
            <CodigoPeriodo>62</CodigoPeriodo>
            <ConstanteMultiplicadora>000001.000</ConstanteMultiplicadora>
            <NumeroRuedasEnteras>07</NumeroRuedasEnteras>
            <NumeroRuedasDecimales>00</NumeroRuedasDecimales>
            <ConsumoCalculado>+0000000501.00</ConsumoCalculado>
            <LecturaDesde>
              <Fecha>2018-01-17</Fecha>
              <Procedencia>20</Procedencia>
              <Lectura>0000067017.00</Lectura>
            </LecturaDesde>
            <LecturaHasta>
              <Fecha>2018-02-14</Fecha>
              <Procedencia>20</Procedencia>
              <Lectura>0000067518.00</Lectura>
            </LecturaHasta>
            <FechaHoraMaximetro>2018-02-14T00:00:00</FechaHoraMaximetro>
          </Integrador>
          <Integrador>
            <Magnitud>R1</Magnitud>
            <CodigoPeriodo>63</CodigoPeriodo>
            <ConstanteMultiplicadora>000001.000</ConstanteMultiplicadora>
            <NumeroRuedasEnteras>07</NumeroRuedasEnteras>
            <NumeroRuedasDecimales>00</NumeroRuedasDecimales>
            <ConsumoCalculado>+0000001414.00</ConsumoCalculado>
            <LecturaDesde>
              <Fecha>2018-01-17</Fecha>
              <Procedencia>20</Procedencia>
              <Lectura>0000185325.00</Lectura>
            </LecturaDesde>
            <LecturaHasta>
              <Fecha>2018-02-14</Fecha>
              <Procedencia>20</Procedencia>
              <Lectura>0000186739.00</Lectura>
            </LecturaHasta>
            <FechaHoraMaximetro>2018-02-14T00:00:00</FechaHoraMaximetro>
          </Integrador>
          <Integrador>
            <Magnitud>R1</Magnitud>
            <CodigoPeriodo>61</CodigoPeriodo>
            <ConstanteMultiplicadora>000001.000</ConstanteMultiplicadora>
            <NumeroRuedasEnteras>07</NumeroRuedasEnteras>
            <NumeroRuedasDecimales>00</NumeroRuedasDecimales>
            <ConsumoCalculado>+0000000840.00</ConsumoCalculado>
            <LecturaDesde>
              <Fecha>2018-01-17</Fecha>
              <Procedencia>20</Procedencia>
              <Lectura>0000036253.00</Lectura>
            </LecturaDesde>
            <LecturaHasta>
              <Fecha>2018-02-14</Fecha>
              <Procedencia>20</Procedencia>
              <Lectura>0000037093.00</Lectura>
            </LecturaHasta>
            <FechaHoraMaximetro>2018-02-14T00:00:00</FechaHoraMaximetro>
          </Integrador>
          <Integrador>
            <Magnitud>PM</Magnitud>
            <CodigoPeriodo>62</CodigoPeriodo>
            <ConstanteMultiplicadora>000001.000</ConstanteMultiplicadora>
            <NumeroRuedasEnteras>07</NumeroRuedasEnteras>
            <NumeroRuedasDecimales>00</NumeroRuedasDecimales>
            <ConsumoCalculado>+0000012000.00</ConsumoCalculado>
            <LecturaDesde>
              <Fecha>2018-01-17</Fecha>
              <Procedencia>20</Procedencia>
              <Lectura>0000000000.00</Lectura>
            </LecturaDesde>
            <LecturaHasta>
              <Fecha>2018-02-14</Fecha>
              <Procedencia>20</Procedencia>
              <Lectura>0000012000.00</Lectura>
            </LecturaHasta>
            <FechaHoraMaximetro>2018-02-14T00:00:00</FechaHoraMaximetro>
          </Integrador>
          <Integrador>
            <Magnitud>PM</Magnitud>
            <CodigoPeriodo>63</CodigoPeriodo>
            <ConstanteMultiplicadora>000001.000</ConstanteMultiplicadora>
            <NumeroRuedasEnteras>07</NumeroRuedasEnteras>
            <NumeroRuedasDecimales>00</NumeroRuedasDecimales>
            <ConsumoCalculado>+0000012000.00</ConsumoCalculado>
            <LecturaDesde>
              <Fecha>2018-01-17</Fecha>
              <Procedencia>20</Procedencia>
              <Lectura>0000000000.00</Lectura>
            </LecturaDesde>
            <LecturaHasta>
              <Fecha>2018-02-14</Fecha>
              <Procedencia>20</Procedencia>
              <Lectura>0000012000.00</Lectura>
            </LecturaHasta>
            <FechaHoraMaximetro>2018-02-14T00:00:00</FechaHoraMaximetro>
          </Integrador>
          <Integrador>
            <Magnitud>PM</Magnitud>
            <CodigoPeriodo>61</CodigoPeriodo>
            <ConstanteMultiplicadora>000001.000</ConstanteMultiplicadora>
            <NumeroRuedasEnteras>07</NumeroRuedasEnteras>
            <NumeroRuedasDecimales>00</NumeroRuedasDecimales>
            <ConsumoCalculado>+0000012000.00</ConsumoCalculado>
            <LecturaDesde>
              <Fecha>2018-01-17</Fecha>
              <Procedencia>20</Procedencia>
              <Lectura>0000000000.00</Lectura>
            </LecturaDesde>
            <LecturaHasta>
              <Fecha>2018-02-14</Fecha>
              <Procedencia>20</Procedencia>
              <Lectura>0000012000.00</Lectura>
            </LecturaHasta>
            <FechaHoraMaximetro>2018-02-14T00:00:00</FechaHoraMaximetro>
          </Integrador>
          <Integrador>
            <Magnitud>AE</Magnitud>
            <CodigoPeriodo>64</CodigoPeriodo>
            <ConstanteMultiplicadora>000001.000</ConstanteMultiplicadora>
            <NumeroRuedasEnteras>07</NumeroRuedasEnteras>
            <NumeroRuedasDecimales>00</NumeroRuedasDecimales>
            <ConsumoCalculado>+0000000360.00</ConsumoCalculado>
            <LecturaDesde>
              <Fecha>2018-01-17</Fecha>
              <Procedencia>20</Procedencia>
              <Lectura>0000014064.00</Lectura>
            </LecturaDesde>
            <LecturaHasta>
              <Fecha>2018-02-14</Fecha>
              <Procedencia>20</Procedencia>
              <Lectura>0000014424.00</Lectura>
            </LecturaHasta>
            <FechaHoraMaximetro>2018-02-14T00:00:00</FechaHoraMaximetro>
          </Integrador>
          <Integrador>
            <Magnitud>AE</Magnitud>
            <CodigoPeriodo>65</CodigoPeriodo>
            <ConstanteMultiplicadora>000001.000</ConstanteMultiplicadora>
            <NumeroRuedasEnteras>07</NumeroRuedasEnteras>
            <NumeroRuedasDecimales>00</NumeroRuedasDecimales>
            <ConsumoCalculado>+0000000221.00</ConsumoCalculado>
            <LecturaDesde>
              <Fecha>2018-01-17</Fecha>
              <Procedencia>20</Procedencia>
              <Lectura>0000024978.00</Lectura>
            </LecturaDesde>
            <LecturaHasta>
              <Fecha>2018-02-14</Fecha>
              <Procedencia>20</Procedencia>
              <Lectura>0000025199.00</Lectura>
            </LecturaHasta>
            <FechaHoraMaximetro>2018-02-14T00:00:00</FechaHoraMaximetro>
          </Integrador>
          <Integrador>
            <Magnitud>AE</Magnitud>
            <CodigoPeriodo>66</CodigoPeriodo>
            <ConstanteMultiplicadora>000001.000</ConstanteMultiplicadora>
            <NumeroRuedasEnteras>07</NumeroRuedasEnteras>
            <NumeroRuedasDecimales>00</NumeroRuedasDecimales>
            <ConsumoCalculado>+0000000651.00</ConsumoCalculado>
            <LecturaDesde>
              <Fecha>2018-01-17</Fecha>
              <Procedencia>20</Procedencia>
              <Lectura>0000061465.00</Lectura>
            </LecturaDesde>
            <LecturaHasta>
              <Fecha>2018-02-14</Fecha>
              <Procedencia>20</Procedencia>
              <Lectura>0000062116.00</Lectura>
            </LecturaHasta>
            <FechaHoraMaximetro>2018-02-14T00:00:00</FechaHoraMaximetro>
          </Integrador>
          <Integrador>
            <Magnitud>R1</Magnitud>
            <CodigoPeriodo>64</CodigoPeriodo>
            <ConstanteMultiplicadora>000001.000</ConstanteMultiplicadora>
            <NumeroRuedasEnteras>07</NumeroRuedasEnteras>
            <NumeroRuedasDecimales>00</NumeroRuedasDecimales>
            <ConsumoCalculado>+0000000324.00</ConsumoCalculado>
            <LecturaDesde>
              <Fecha>2018-01-17</Fecha>
              <Procedencia>20</Procedencia>
              <Lectura>0000010517.00</Lectura>
            </LecturaDesde>
            <LecturaHasta>
              <Fecha>2018-02-14</Fecha>
              <Procedencia>20</Procedencia>
              <Lectura>0000010841.00</Lectura>
            </LecturaHasta>
            <FechaHoraMaximetro>2018-02-14T00:00:00</FechaHoraMaximetro>
          </Integrador>
          <Integrador>
            <Magnitud>R1</Magnitud>
            <CodigoPeriodo>65</CodigoPeriodo>
            <ConstanteMultiplicadora>000001.000</ConstanteMultiplicadora>
            <NumeroRuedasEnteras>07</NumeroRuedasEnteras>
            <NumeroRuedasDecimales>00</NumeroRuedasDecimales>
            <ConsumoCalculado>+0000000193.00</ConsumoCalculado>
            <LecturaDesde>
              <Fecha>2018-01-17</Fecha>
              <Procedencia>20</Procedencia>
              <Lectura>0000019291.00</Lectura>
            </LecturaDesde>
            <LecturaHasta>
              <Fecha>2018-02-14</Fecha>
              <Procedencia>20</Procedencia>
              <Lectura>0000019484.00</Lectura>
            </LecturaHasta>
            <FechaHoraMaximetro>2018-02-14T00:00:00</FechaHoraMaximetro>
          </Integrador>
          <Integrador>
            <Magnitud>R1</Magnitud>
            <CodigoPeriodo>66</CodigoPeriodo>
            <ConstanteMultiplicadora>000001.000</ConstanteMultiplicadora>
            <NumeroRuedasEnteras>07</NumeroRuedasEnteras>
            <NumeroRuedasDecimales>00</NumeroRuedasDecimales>
            <ConsumoCalculado>+0000000577.00</ConsumoCalculado>
            <LecturaDesde>
              <Fecha>2018-01-17</Fecha>
              <Procedencia>20</Procedencia>
              <Lectura>0000045742.00</Lectura>
            </LecturaDesde>
            <LecturaHasta>
              <Fecha>2018-02-14</Fecha>
              <Procedencia>20</Procedencia>
              <Lectura>0000046319.00</Lectura>
            </LecturaHasta>
            <FechaHoraMaximetro>2018-02-14T00:00:00</FechaHoraMaximetro>
          </Integrador>
          <Integrador>
            <Magnitud>PM</Magnitud>
            <CodigoPeriodo>64</CodigoPeriodo>
            <ConstanteMultiplicadora>000001.000</ConstanteMultiplicadora>
            <NumeroRuedasEnteras>07</NumeroRuedasEnteras>
            <NumeroRuedasDecimales>00</NumeroRuedasDecimales>
            <ConsumoCalculado>+0000012000.00</ConsumoCalculado>
            <LecturaDesde>
              <Fecha>2018-01-17</Fecha>
              <Procedencia>20</Procedencia>
              <Lectura>0000000000.00</Lectura>
            </LecturaDesde>
            <LecturaHasta>
              <Fecha>2018-02-14</Fecha>
              <Procedencia>20</Procedencia>
              <Lectura>0000012000.00</Lectura>
            </LecturaHasta>
            <FechaHoraMaximetro>2018-02-14T00:00:00</FechaHoraMaximetro>
          </Integrador>
          <Integrador>
            <Magnitud>PM</Magnitud>
            <CodigoPeriodo>65</CodigoPeriodo>
            <ConstanteMultiplicadora>000001.000</ConstanteMultiplicadora>
            <NumeroRuedasEnteras>07</NumeroRuedasEnteras>
            <NumeroRuedasDecimales>00</NumeroRuedasDecimales>
            <ConsumoCalculado>+0000012000.00</ConsumoCalculado>
            <LecturaDesde>
              <Fecha>2018-01-17</Fecha>
              <Procedencia>20</Procedencia>
              <Lectura>0000000000.00</Lectura>
            </LecturaDesde>
            <LecturaHasta>
              <Fecha>2018-02-14</Fecha>
              <Procedencia>20</Procedencia>
              <Lectura>0000012000.00</Lectura>
            </LecturaHasta>
            <FechaHoraMaximetro>2018-02-14T00:00:00</FechaHoraMaximetro>
          </Integrador>
          <Integrador>
            <Magnitud>PM</Magnitud>
            <CodigoPeriodo>66</CodigoPeriodo>
            <ConstanteMultiplicadora>000001.000</ConstanteMultiplicadora>
            <NumeroRuedasEnteras>07</NumeroRuedasEnteras>
            <NumeroRuedasDecimales>00</NumeroRuedasDecimales>
            <ConsumoCalculado>+0000012000.00</ConsumoCalculado>
            <LecturaDesde>
              <Fecha>2018-01-17</Fecha>
              <Procedencia>20</Procedencia>
              <Lectura>0000000000.00</Lectura>
            </LecturaDesde>
            <LecturaHasta>
              <Fecha>2018-02-14</Fecha>
              <Procedencia>20</Procedencia>
              <Lectura>0000012000.00</Lectura>
            </LecturaHasta>
            <FechaHoraMaximetro>2018-02-14T00:00:00</FechaHoraMaximetro>
          </Integrador>
          <Integrador>
            <Magnitud>AE</Magnitud>
            <CodigoPeriodo>60</CodigoPeriodo>
            <ConstanteMultiplicadora>000001.000</ConstanteMultiplicadora>
            <NumeroRuedasEnteras>07</NumeroRuedasEnteras>
            <NumeroRuedasDecimales>00</NumeroRuedasDecimales>
            <ConsumoCalculado>+0000004350.00</ConsumoCalculado>
            <LecturaDesde>
              <Fecha>2018-01-17</Fecha>
              <Procedencia>20</Procedencia>
              <Lectura>0000627449.00</Lectura>
            </LecturaDesde>
            <LecturaHasta>
              <Fecha>2018-02-14</Fecha>
              <Procedencia>20</Procedencia>
              <Lectura>0000631799.00</Lectura>
            </LecturaHasta>
            <FechaHoraMaximetro>2018-02-14T00:00:00</FechaHoraMaximetro>
          </Integrador>
          <Integrador>
            <Magnitud>R1</Magnitud>
            <CodigoPeriodo>60</CodigoPeriodo>
            <ConstanteMultiplicadora>000001.000</ConstanteMultiplicadora>
            <NumeroRuedasEnteras>07</NumeroRuedasEnteras>
            <NumeroRuedasDecimales>00</NumeroRuedasDecimales>
            <ConsumoCalculado>+0000003848.00</ConsumoCalculado>
            <LecturaDesde>
              <Fecha>2018-01-17</Fecha>
              <Procedencia>20</Procedencia>
              <Lectura>0000364149.00</Lectura>
            </LecturaDesde>
            <LecturaHasta>
              <Fecha>2018-02-14</Fecha>
              <Procedencia>20</Procedencia>
              <Lectura>0000367997.00</Lectura>
            </LecturaHasta>
            <FechaHoraMaximetro>2018-02-14T00:00:00</FechaHoraMaximetro>
          </Integrador>
        </ModeloAparato>
      </Medidas>
    </FacturaATR>
    <RegistroFin>
      <ImporteTotal>+0000000006069.04</ImporteTotal>
      <SaldoTotalFacturacion>+0000000000000.00</SaldoTotalFacturacion>
      <TotalRecibos>00018</TotalRecibos>
      <TipoMoneda>02</TipoMoneda>
      <FechaValor>2018-02-16</FechaValor>
      <FechaLimitePago>2018-03-08</FechaLimitePago>
      <IdRemesa>00000000000000000002516470</IdRemesa>
    </RegistroFin>
  </Facturas>
  <OtrosDatosFactura>
    <SociedadMercantilEmisora>ENDESA DISTRIBUCION ELECTRICA S.L *</SociedadMercantilEmisora>
    <SociedadMercantilDestino>SUNAIR ONE ENERGY, S.L.</SociedadMercantilDestino>
    <DireccionEmisora>AV VILANOVA</DireccionEmisora>
    <DireccionDestino>ANTONI RUBIO 46, LOC, ALMACEN, REUS, 43206, TARRAGONA</DireccionDestino>
  </OtrosDatosFactura>
</MensajeFacturacion>