<?xml version="1.0" encoding="UTF-8"?><MensajeFacturacion xmlns="http://localhost/elegibilidad">
  <Cabecera>
    <CodigoREEEmpresaEmisora>0023</CodigoREEEmpresaEmisora>
    <CodigoREEEmpresaDestino>0815</CodigoREEEmpresaDestino>
    <CodigoDelProceso>F1</CodigoDelProceso>
    <CodigoDePaso>01</CodigoDePaso>
    <CodigoDeSolicitud>000007650607</CodigoDeSolicitud>
    <SecuencialDeSolicitud>00</SecuencialDeSolicitud>
    <FechaSolicitud>2018-02-16T23:52:59</FechaSolicitud>
    <CUPS>ES0031103103900001AX0F</CUPS>
  </Cabecera>
  <Facturas>
    <FacturaATR>
      <DatosGeneralesFacturaATR>
        <DireccionSuministro>
          <Pais>ESPAÑA</Pais>
          <Provincia>29</Provincia>
          <Municipio>000098</Municipio>
          <Poblacion>000001455</Poblacion>
          <TipoVia>PJ</TipoVia>
          <CodPostal>29315</CodPostal>
          <Calle>DISEMINADO</Calle>
          <NumeroFinca>00000</NumeroFinca>
          <TipoAclaradorFinca>NO</TipoAclaradorFinca>
          <AclaradorFinca>LA LAGUNA</AclaradorFinca>
        </DireccionSuministro>
        <Cliente>
          <TipoIdentificador>NI</TipoIdentificador>
          <Identificador>B55567986</Identificador>
        </Cliente>
        <CodContrato>097110545051</CodContrato>
        <DatosGeneralesFactura>
          <CodigoFiscalFactura>S7801N01169502</CodigoFiscalFactura>
          <TipoFactura>N</TipoFactura>
          <MotivoFacturacion>01</MotivoFacturacion>
          <Expediente>
            <NumeroExpediente>0000000000000000</NumeroExpediente>
            <CodigoSolicitud>000000000000</CodigoSolicitud>
          </Expediente>
          <FechaFactura>2018-02-16</FechaFactura>
          <IdentificadorEmisora>B82846817</IdentificadorEmisora>
          <Comentarios>7650607                                                                                             </Comentarios>
          <ImporteTotalFactura>+0000000109.72</ImporteTotalFactura>
          <TipoMoneda>02</TipoMoneda>
        </DatosGeneralesFactura>
        <DatosFacturaATR>
          <FechaBOE>2017-12-27</FechaBOE>
          <TarifaATRFact>003</TarifaATRFact>
          <ModoControlPotencia>2</ModoControlPotencia>
          <MarcaMedidaConPerdidas>N</MarcaMedidaConPerdidas>
          <IndicativoCurvaCarga>02</IndicativoCurvaCarga>
          <Periodo>
            <FechaDesdeFactura>2018-01-24</FechaDesdeFactura>
            <FechaHastaFactura>2018-02-15</FechaHastaFactura>
            <NumeroDias>022</NumeroDias>
          </Periodo>
        </DatosFacturaATR>
      </DatosGeneralesFacturaATR>
      <Potencia>
        <TerminoPotencia>
          <FechaDesde>2018-01-24</FechaDesde>
          <FechaHasta>2018-02-15</FechaHasta>
          <Periodo>
            <PotenciaContratada>00000000016440</PotenciaContratada>
            <PotenciaMaxDemandada>00000000005000</PotenciaMaxDemandada>
            <PotenciaAFacturar>00000000013974</PotenciaAFacturar>
            <PrecioPotencia>00000.111585986</PrecioPotencia>
          </Periodo>
          <Periodo>
            <PotenciaContratada>00000000016440</PotenciaContratada>
            <PotenciaMaxDemandada>00000000007000</PotenciaMaxDemandada>
            <PotenciaAFacturar>00000000013974</PotenciaAFacturar>
            <PrecioPotencia>00000.066951589</PrecioPotencia>
          </Periodo>
          <Periodo>
            <PotenciaContratada>00000000016440</PotenciaContratada>
            <PotenciaMaxDemandada>00000000005000</PotenciaMaxDemandada>
            <PotenciaAFacturar>00000000013974</PotenciaAFacturar>
            <PrecioPotencia>00000.044634397</PrecioPotencia>
          </Periodo>
          <Periodo>
            <PotenciaContratada>00000000000000</PotenciaContratada>
            <PotenciaMaxDemandada>00000000000000</PotenciaMaxDemandada>
            <PotenciaAFacturar>00000000000000</PotenciaAFacturar>
            <PrecioPotencia>00000.000000000</PrecioPotencia>
          </Periodo>
          <Periodo>
            <PotenciaContratada>00000000000000</PotenciaContratada>
            <PotenciaMaxDemandada>00000000000000</PotenciaMaxDemandada>
            <PotenciaAFacturar>00000000000000</PotenciaAFacturar>
            <PrecioPotencia>00000.000000000</PrecioPotencia>
          </Periodo>
          <Periodo>
            <PotenciaContratada>00000000000000</PotenciaContratada>
            <PotenciaMaxDemandada>00000000000000</PotenciaMaxDemandada>
            <PotenciaAFacturar>00000000000000</PotenciaAFacturar>
            <PrecioPotencia>00000.000000000</PrecioPotencia>
          </Periodo>
        </TerminoPotencia>
        <PenalizacionNoICP>N</PenalizacionNoICP>
        <ImporteTotalTerminoPotencia>+0000000068.61</ImporteTotalTerminoPotencia>
      </Potencia>
      <EnergiaActiva>
        <TerminoEnergiaActiva>
          <FechaDesde>2018-01-24</FechaDesde>
          <FechaHasta>2018-02-15</FechaHasta>
          <Periodo>
            <ValorEnergiaActiva>+00000000256.00</ValorEnergiaActiva>
            <PrecioEnergia>00000.018762000</PrecioEnergia>
          </Periodo>
          <Periodo>
            <ValorEnergiaActiva>+00000000683.00</ValorEnergiaActiva>
            <PrecioEnergia>00000.012575000</PrecioEnergia>
          </Periodo>
          <Periodo>
            <ValorEnergiaActiva>+00000000186.00</ValorEnergiaActiva>
            <PrecioEnergia>00000.004670000</PrecioEnergia>
          </Periodo>
          <Periodo>
            <ValorEnergiaActiva>+00000000000.00</ValorEnergiaActiva>
            <PrecioEnergia>00000.000000000</PrecioEnergia>
          </Periodo>
          <Periodo>
            <ValorEnergiaActiva>+00000000000.00</ValorEnergiaActiva>
            <PrecioEnergia>00000.000000000</PrecioEnergia>
          </Periodo>
          <Periodo>
            <ValorEnergiaActiva>+00000000000.00</ValorEnergiaActiva>
            <PrecioEnergia>00000.000000000</PrecioEnergia>
          </Periodo>
        </TerminoEnergiaActiva>
        <ImporteTotalEnergiaActiva>+0000000014.26</ImporteTotalEnergiaActiva>
      </EnergiaActiva>
      <ImpuestoElectrico>
        <BaseImponible>+0000000000.00</BaseImponible>
        <Porcentaje>00000.00000000</Porcentaje>
        <Importe>+0000000000.00</Importe>
      </ImpuestoElectrico>
      <Alquileres>
        <PrecioDiarioAlquiler>
          <PrecioDia>00000.355068000</PrecioDia>
          <NumeroDias>022</NumeroDias>
        </PrecioDiarioAlquiler>
        <ImporteFacturacionAlquileres>+0000000007.81</ImporteFacturacionAlquileres>
      </Alquileres>
      <IVA>
        <BaseImponible>+0000000090.68</BaseImponible>
        <Porcentaje>0021.00</Porcentaje>
        <Importe>+0000000019.04</Importe>
      </IVA>
      <Medidas>
        <CodPM>ES0031103103900001AX2P</CodPM>
        <ModeloAparato>
          <TipoAparato>CA</TipoAparato>
          <MarcaAparato>071</MarcaAparato>
          <NumeroSerie>094000973</NumeroSerie>
          <TipoDHEdM>6</TipoDHEdM>
          <Integrador>
            <Magnitud>AE</Magnitud>
            <CodigoPeriodo>62</CodigoPeriodo>
            <ConstanteMultiplicadora>000001.000</ConstanteMultiplicadora>
            <NumeroRuedasEnteras>08</NumeroRuedasEnteras>
            <NumeroRuedasDecimales>00</NumeroRuedasDecimales>
            <ConsumoCalculado>+0000000510.00</ConsumoCalculado>
            <LecturaDesde>
              <Fecha>2018-01-24</Fecha>
              <Procedencia>20</Procedencia>
              <Lectura>0000068267.00</Lectura>
            </LecturaDesde>
            <LecturaHasta>
              <Fecha>2018-02-15</Fecha>
              <Procedencia>20</Procedencia>
              <Lectura>0000068777.00</Lectura>
            </LecturaHasta>
            <FechaHoraMaximetro>2018-02-15T00:00:00</FechaHoraMaximetro>
          </Integrador>
          <Integrador>
            <Magnitud>AE</Magnitud>
            <CodigoPeriodo>63</CodigoPeriodo>
            <ConstanteMultiplicadora>000001.000</ConstanteMultiplicadora>
            <NumeroRuedasEnteras>08</NumeroRuedasEnteras>
            <NumeroRuedasDecimales>00</NumeroRuedasDecimales>
            <ConsumoCalculado>+0000000139.00</ConsumoCalculado>
            <LecturaDesde>
              <Fecha>2018-01-24</Fecha>
              <Procedencia>20</Procedencia>
              <Lectura>0000030358.00</Lectura>
            </LecturaDesde>
            <LecturaHasta>
              <Fecha>2018-02-15</Fecha>
              <Procedencia>20</Procedencia>
              <Lectura>0000030497.00</Lectura>
            </LecturaHasta>
            <FechaHoraMaximetro>2018-02-15T00:00:00</FechaHoraMaximetro>
          </Integrador>
          <Integrador>
            <Magnitud>AE</Magnitud>
            <CodigoPeriodo>61</CodigoPeriodo>
            <ConstanteMultiplicadora>000001.000</ConstanteMultiplicadora>
            <NumeroRuedasEnteras>08</NumeroRuedasEnteras>
            <NumeroRuedasDecimales>00</NumeroRuedasDecimales>
            <ConsumoCalculado>+0000000189.00</ConsumoCalculado>
            <LecturaDesde>
              <Fecha>2018-01-24</Fecha>
              <Procedencia>20</Procedencia>
              <Lectura>0000025108.00</Lectura>
            </LecturaDesde>
            <LecturaHasta>
              <Fecha>2018-02-15</Fecha>
              <Procedencia>20</Procedencia>
              <Lectura>0000025297.00</Lectura>
            </LecturaHasta>
            <FechaHoraMaximetro>2018-02-15T00:00:00</FechaHoraMaximetro>
          </Integrador>
          <Integrador>
            <Magnitud>R1</Magnitud>
            <CodigoPeriodo>62</CodigoPeriodo>
            <ConstanteMultiplicadora>000001.000</ConstanteMultiplicadora>
            <NumeroRuedasEnteras>08</NumeroRuedasEnteras>
            <NumeroRuedasDecimales>00</NumeroRuedasDecimales>
            <ConsumoCalculado>+0000000043.00</ConsumoCalculado>
            <LecturaDesde>
              <Fecha>2018-01-24</Fecha>
              <Procedencia>20</Procedencia>
              <Lectura>0000023021.00</Lectura>
            </LecturaDesde>
            <LecturaHasta>
              <Fecha>2018-02-15</Fecha>
              <Procedencia>20</Procedencia>
              <Lectura>0000023064.00</Lectura>
            </LecturaHasta>
            <FechaHoraMaximetro>2018-02-15T00:00:00</FechaHoraMaximetro>
          </Integrador>
          <Integrador>
            <Magnitud>R1</Magnitud>
            <CodigoPeriodo>63</CodigoPeriodo>
            <ConstanteMultiplicadora>000001.000</ConstanteMultiplicadora>
            <NumeroRuedasEnteras>08</NumeroRuedasEnteras>
            <NumeroRuedasDecimales>00</NumeroRuedasDecimales>
            <ConsumoCalculado>+0000000013.00</ConsumoCalculado>
            <LecturaDesde>
              <Fecha>2018-01-24</Fecha>
              <Procedencia>20</Procedencia>
              <Lectura>0000010987.00</Lectura>
            </LecturaDesde>
            <LecturaHasta>
              <Fecha>2018-02-15</Fecha>
              <Procedencia>20</Procedencia>
              <Lectura>0000011000.00</Lectura>
            </LecturaHasta>
            <FechaHoraMaximetro>2018-02-15T00:00:00</FechaHoraMaximetro>
          </Integrador>
          <Integrador>
            <Magnitud>R1</Magnitud>
            <CodigoPeriodo>61</CodigoPeriodo>
            <ConstanteMultiplicadora>000001.000</ConstanteMultiplicadora>
            <NumeroRuedasEnteras>08</NumeroRuedasEnteras>
            <NumeroRuedasDecimales>00</NumeroRuedasDecimales>
            <ConsumoCalculado>+0000000004.00</ConsumoCalculado>
            <LecturaDesde>
              <Fecha>2018-01-24</Fecha>
              <Procedencia>20</Procedencia>
              <Lectura>0000007713.00</Lectura>
            </LecturaDesde>
            <LecturaHasta>
              <Fecha>2018-02-15</Fecha>
              <Procedencia>20</Procedencia>
              <Lectura>0000007717.00</Lectura>
            </LecturaHasta>
            <FechaHoraMaximetro>2018-02-15T00:00:00</FechaHoraMaximetro>
          </Integrador>
          <Integrador>
            <Magnitud>PM</Magnitud>
            <CodigoPeriodo>62</CodigoPeriodo>
            <ConstanteMultiplicadora>000001.000</ConstanteMultiplicadora>
            <NumeroRuedasEnteras>08</NumeroRuedasEnteras>
            <NumeroRuedasDecimales>00</NumeroRuedasDecimales>
            <ConsumoCalculado>+0000007000.00</ConsumoCalculado>
            <LecturaDesde>
              <Fecha>2018-01-24</Fecha>
              <Procedencia>20</Procedencia>
              <Lectura>0000000000.00</Lectura>
            </LecturaDesde>
            <LecturaHasta>
              <Fecha>2018-02-15</Fecha>
              <Procedencia>20</Procedencia>
              <Lectura>0000007000.00</Lectura>
            </LecturaHasta>
            <FechaHoraMaximetro>2018-02-15T00:00:00</FechaHoraMaximetro>
          </Integrador>
          <Integrador>
            <Magnitud>PM</Magnitud>
            <CodigoPeriodo>63</CodigoPeriodo>
            <ConstanteMultiplicadora>000001.000</ConstanteMultiplicadora>
            <NumeroRuedasEnteras>08</NumeroRuedasEnteras>
            <NumeroRuedasDecimales>00</NumeroRuedasDecimales>
            <ConsumoCalculado>+0000005000.00</ConsumoCalculado>
            <LecturaDesde>
              <Fecha>2018-01-24</Fecha>
              <Procedencia>20</Procedencia>
              <Lectura>0000000000.00</Lectura>
            </LecturaDesde>
            <LecturaHasta>
              <Fecha>2018-02-15</Fecha>
              <Procedencia>20</Procedencia>
              <Lectura>0000005000.00</Lectura>
            </LecturaHasta>
            <FechaHoraMaximetro>2018-02-15T00:00:00</FechaHoraMaximetro>
          </Integrador>
          <Integrador>
            <Magnitud>PM</Magnitud>
            <CodigoPeriodo>61</CodigoPeriodo>
            <ConstanteMultiplicadora>000001.000</ConstanteMultiplicadora>
            <NumeroRuedasEnteras>08</NumeroRuedasEnteras>
            <NumeroRuedasDecimales>00</NumeroRuedasDecimales>
            <ConsumoCalculado>+0000005000.00</ConsumoCalculado>
            <LecturaDesde>
              <Fecha>2018-01-24</Fecha>
              <Procedencia>20</Procedencia>
              <Lectura>0000000000.00</Lectura>
            </LecturaDesde>
            <LecturaHasta>
              <Fecha>2018-02-15</Fecha>
              <Procedencia>20</Procedencia>
              <Lectura>0000005000.00</Lectura>
            </LecturaHasta>
            <FechaHoraMaximetro>2018-02-15T00:00:00</FechaHoraMaximetro>
          </Integrador>
          <Integrador>
            <Magnitud>AE</Magnitud>
            <CodigoPeriodo>64</CodigoPeriodo>
            <ConstanteMultiplicadora>000001.000</ConstanteMultiplicadora>
            <NumeroRuedasEnteras>08</NumeroRuedasEnteras>
            <NumeroRuedasDecimales>00</NumeroRuedasDecimales>
            <ConsumoCalculado>+0000000067.00</ConsumoCalculado>
            <LecturaDesde>
              <Fecha>2018-01-24</Fecha>
              <Procedencia>20</Procedencia>
              <Lectura>0000010751.00</Lectura>
            </LecturaDesde>
            <LecturaHasta>
              <Fecha>2018-02-15</Fecha>
              <Procedencia>20</Procedencia>
              <Lectura>0000010818.00</Lectura>
            </LecturaHasta>
            <FechaHoraMaximetro>2018-02-15T00:00:00</FechaHoraMaximetro>
          </Integrador>
          <Integrador>
            <Magnitud>AE</Magnitud>
            <CodigoPeriodo>65</CodigoPeriodo>
            <ConstanteMultiplicadora>000001.000</ConstanteMultiplicadora>
            <NumeroRuedasEnteras>08</NumeroRuedasEnteras>
            <NumeroRuedasDecimales>00</NumeroRuedasDecimales>
            <ConsumoCalculado>+0000000173.00</ConsumoCalculado>
            <LecturaDesde>
              <Fecha>2018-01-24</Fecha>
              <Procedencia>20</Procedencia>
              <Lectura>0000029724.00</Lectura>
            </LecturaDesde>
            <LecturaHasta>
              <Fecha>2018-02-15</Fecha>
              <Procedencia>20</Procedencia>
              <Lectura>0000029897.00</Lectura>
            </LecturaHasta>
            <FechaHoraMaximetro>2018-02-15T00:00:00</FechaHoraMaximetro>
          </Integrador>
          <Integrador>
            <Magnitud>AE</Magnitud>
            <CodigoPeriodo>66</CodigoPeriodo>
            <ConstanteMultiplicadora>000001.000</ConstanteMultiplicadora>
            <NumeroRuedasEnteras>08</NumeroRuedasEnteras>
            <NumeroRuedasDecimales>00</NumeroRuedasDecimales>
            <ConsumoCalculado>+0000000047.00</ConsumoCalculado>
            <LecturaDesde>
              <Fecha>2018-01-24</Fecha>
              <Procedencia>20</Procedencia>
              <Lectura>0000012764.00</Lectura>
            </LecturaDesde>
            <LecturaHasta>
              <Fecha>2018-02-15</Fecha>
              <Procedencia>20</Procedencia>
              <Lectura>0000012811.00</Lectura>
            </LecturaHasta>
            <FechaHoraMaximetro>2018-02-15T00:00:00</FechaHoraMaximetro>
          </Integrador>
          <Integrador>
            <Magnitud>R1</Magnitud>
            <CodigoPeriodo>64</CodigoPeriodo>
            <ConstanteMultiplicadora>000001.000</ConstanteMultiplicadora>
            <NumeroRuedasEnteras>08</NumeroRuedasEnteras>
            <NumeroRuedasDecimales>00</NumeroRuedasDecimales>
            <ConsumoCalculado>+0000000000.00</ConsumoCalculado>
            <LecturaDesde>
              <Fecha>2018-01-24</Fecha>
              <Procedencia>20</Procedencia>
              <Lectura>0000003170.00</Lectura>
            </LecturaDesde>
            <LecturaHasta>
              <Fecha>2018-02-15</Fecha>
              <Procedencia>20</Procedencia>
              <Lectura>0000003170.00</Lectura>
            </LecturaHasta>
            <FechaHoraMaximetro>2018-02-15T00:00:00</FechaHoraMaximetro>
          </Integrador>
          <Integrador>
            <Magnitud>R1</Magnitud>
            <CodigoPeriodo>65</CodigoPeriodo>
            <ConstanteMultiplicadora>000001.000</ConstanteMultiplicadora>
            <NumeroRuedasEnteras>08</NumeroRuedasEnteras>
            <NumeroRuedasDecimales>00</NumeroRuedasDecimales>
            <ConsumoCalculado>+0000000015.00</ConsumoCalculado>
            <LecturaDesde>
              <Fecha>2018-01-24</Fecha>
              <Procedencia>20</Procedencia>
              <Lectura>0000009757.00</Lectura>
            </LecturaDesde>
            <LecturaHasta>
              <Fecha>2018-02-15</Fecha>
              <Procedencia>20</Procedencia>
              <Lectura>0000009772.00</Lectura>
            </LecturaHasta>
            <FechaHoraMaximetro>2018-02-15T00:00:00</FechaHoraMaximetro>
          </Integrador>
          <Integrador>
            <Magnitud>R1</Magnitud>
            <CodigoPeriodo>66</CodigoPeriodo>
            <ConstanteMultiplicadora>000001.000</ConstanteMultiplicadora>
            <NumeroRuedasEnteras>08</NumeroRuedasEnteras>
            <NumeroRuedasDecimales>00</NumeroRuedasDecimales>
            <ConsumoCalculado>+0000000004.00</ConsumoCalculado>
            <LecturaDesde>
              <Fecha>2018-01-24</Fecha>
              <Procedencia>20</Procedencia>
              <Lectura>0000004698.00</Lectura>
            </LecturaDesde>
            <LecturaHasta>
              <Fecha>2018-02-15</Fecha>
              <Procedencia>20</Procedencia>
              <Lectura>0000004702.00</Lectura>
            </LecturaHasta>
            <FechaHoraMaximetro>2018-02-15T00:00:00</FechaHoraMaximetro>
          </Integrador>
          <Integrador>
            <Magnitud>PM</Magnitud>
            <CodigoPeriodo>64</CodigoPeriodo>
            <ConstanteMultiplicadora>000001.000</ConstanteMultiplicadora>
            <NumeroRuedasEnteras>08</NumeroRuedasEnteras>
            <NumeroRuedasDecimales>00</NumeroRuedasDecimales>
            <ConsumoCalculado>+0000005000.00</ConsumoCalculado>
            <LecturaDesde>
              <Fecha>2018-01-24</Fecha>
              <Procedencia>20</Procedencia>
              <Lectura>0000000000.00</Lectura>
            </LecturaDesde>
            <LecturaHasta>
              <Fecha>2018-02-15</Fecha>
              <Procedencia>20</Procedencia>
              <Lectura>0000005000.00</Lectura>
            </LecturaHasta>
            <FechaHoraMaximetro>2018-02-15T00:00:00</FechaHoraMaximetro>
          </Integrador>
          <Integrador>
            <Magnitud>PM</Magnitud>
            <CodigoPeriodo>65</CodigoPeriodo>
            <ConstanteMultiplicadora>000001.000</ConstanteMultiplicadora>
            <NumeroRuedasEnteras>08</NumeroRuedasEnteras>
            <NumeroRuedasDecimales>00</NumeroRuedasDecimales>
            <ConsumoCalculado>+0000006000.00</ConsumoCalculado>
            <LecturaDesde>
              <Fecha>2018-01-24</Fecha>
              <Procedencia>20</Procedencia>
              <Lectura>0000000000.00</Lectura>
            </LecturaDesde>
            <LecturaHasta>
              <Fecha>2018-02-15</Fecha>
              <Procedencia>20</Procedencia>
              <Lectura>0000006000.00</Lectura>
            </LecturaHasta>
            <FechaHoraMaximetro>2018-02-15T00:00:00</FechaHoraMaximetro>
          </Integrador>
          <Integrador>
            <Magnitud>PM</Magnitud>
            <CodigoPeriodo>66</CodigoPeriodo>
            <ConstanteMultiplicadora>000001.000</ConstanteMultiplicadora>
            <NumeroRuedasEnteras>08</NumeroRuedasEnteras>
            <NumeroRuedasDecimales>00</NumeroRuedasDecimales>
            <ConsumoCalculado>+0000005000.00</ConsumoCalculado>
            <LecturaDesde>
              <Fecha>2018-01-24</Fecha>
              <Procedencia>20</Procedencia>
              <Lectura>0000000000.00</Lectura>
            </LecturaDesde>
            <LecturaHasta>
              <Fecha>2018-02-15</Fecha>
              <Procedencia>20</Procedencia>
              <Lectura>0000005000.00</Lectura>
            </LecturaHasta>
            <FechaHoraMaximetro>2018-02-15T00:00:00</FechaHoraMaximetro>
          </Integrador>
          <Integrador>
            <Magnitud>AE</Magnitud>
            <CodigoPeriodo>60</CodigoPeriodo>
            <ConstanteMultiplicadora>000001.000</ConstanteMultiplicadora>
            <NumeroRuedasEnteras>08</NumeroRuedasEnteras>
            <NumeroRuedasDecimales>00</NumeroRuedasDecimales>
            <ConsumoCalculado>+0000001125.00</ConsumoCalculado>
            <LecturaDesde>
              <Fecha>2018-01-24</Fecha>
              <Procedencia>20</Procedencia>
              <Lectura>0000176972.00</Lectura>
            </LecturaDesde>
            <LecturaHasta>
              <Fecha>2018-02-15</Fecha>
              <Procedencia>20</Procedencia>
              <Lectura>0000178097.00</Lectura>
            </LecturaHasta>
            <FechaHoraMaximetro>2018-02-15T00:00:00</FechaHoraMaximetro>
          </Integrador>
          <Integrador>
            <Magnitud>R1</Magnitud>
            <CodigoPeriodo>60</CodigoPeriodo>
            <ConstanteMultiplicadora>000001.000</ConstanteMultiplicadora>
            <NumeroRuedasEnteras>08</NumeroRuedasEnteras>
            <NumeroRuedasDecimales>00</NumeroRuedasDecimales>
            <ConsumoCalculado>+0000000079.00</ConsumoCalculado>
            <LecturaDesde>
              <Fecha>2018-01-24</Fecha>
              <Procedencia>20</Procedencia>
              <Lectura>0000059346.00</Lectura>
            </LecturaDesde>
            <LecturaHasta>
              <Fecha>2018-02-15</Fecha>
              <Procedencia>20</Procedencia>
              <Lectura>0000059425.00</Lectura>
            </LecturaHasta>
            <FechaHoraMaximetro>2018-02-15T00:00:00</FechaHoraMaximetro>
          </Integrador>
        </ModeloAparato>
      </Medidas>
    </FacturaATR>
    <RegistroFin>
      <ImporteTotal>+0000000001221.21</ImporteTotal>
      <SaldoTotalFacturacion>+0000000000000.00</SaldoTotalFacturacion>
      <TotalRecibos>00012</TotalRecibos>
      <TipoMoneda>02</TipoMoneda>
      <FechaValor>2018-02-16</FechaValor>
      <FechaLimitePago>2018-03-08</FechaLimitePago>
      <IdRemesa>00000000000000000007650607</IdRemesa>
    </RegistroFin>
  </Facturas>
  <OtrosDatosFactura>
    <SociedadMercantilEmisora>ENDESA DISTRIBUCION ELECTRICAS</SociedadMercantilEmisora>
    <SociedadMercantilDestino>SUNAIR ONE ENERGY, S.L.</SociedadMercantilDestino>
    <DireccionEmisora>AVDA. BORBOLLA, 5</DireccionEmisora>
    <DireccionDestino>P.I.AGRO REUS C/ IGNASI I</DireccionDestino>
  </OtrosDatosFactura>
</MensajeFacturacion>