<?xml version="1.0" encoding="UTF-8"?><MensajeFacturacion xmlns="http://localhost/elegibilidad">
  <Cabecera>
    <CodigoREEEmpresaEmisora>0363</CodigoREEEmpresaEmisora>
    <CodigoREEEmpresaDestino>0815</CodigoREEEmpresaDestino>
    <CodigoDelProceso>F1</CodigoDelProceso>
    <CodigoDePaso>01</CodigoDePaso>
    <CodigoDeSolicitud>000002619983</CodigoDeSolicitud>
    <SecuencialDeSolicitud>00</SecuencialDeSolicitud>
    <FechaSolicitud>2018-02-16T01:11:33</FechaSolicitud>
    <CUPS>ES0031601228859007FV0F</CUPS>
  </Cabecera>
  <Facturas>
    <FacturaATR>
      <DatosGeneralesFacturaATR>
        <DireccionSuministro>
          <Pais>ESPAÑA</Pais>
          <Provincia>38</Provincia>
          <Municipio>000038</Municipio>
          <Poblacion>000000001</Poblacion>
          <TipoVia>CL</TipoVia>
          <CodPostal>38009</CodPostal>
          <Calle>FERNANDO BEAUTELL</Calle>
          <NumeroFinca>00027</NumeroFinca>
          <Piso>BA</Piso>
          <TipoAclaradorFinca>NO</TipoAclaradorFinca>
          <AclaradorFinca>PG COSTA SUR</AclaradorFinca>
        </DireccionSuministro>
        <Cliente>
          <TipoIdentificador>NI</TipoIdentificador>
          <Identificador>B55567986</Identificador>
        </Cliente>
        <CodContrato>000530037381</CodContrato>
        <DatosGeneralesFactura>
          <CodigoFiscalFactura>U3801N01510889</CodigoFiscalFactura>
          <TipoFactura>N</TipoFactura>
          <MotivoFacturacion>01</MotivoFacturacion>
          <Expediente>
            <NumeroExpediente>0000000000000000</NumeroExpediente>
            <CodigoSolicitud>000000000000</CodigoSolicitud>
          </Expediente>
          <FechaFactura>2018-02-16</FechaFactura>
          <IdentificadorEmisora>B82846817</IdentificadorEmisora>
          <Comentarios>2619983                                                                                             </Comentarios>
          <ImporteTotalFactura>+0000000200.57</ImporteTotalFactura>
          <TipoMoneda>02</TipoMoneda>
        </DatosGeneralesFactura>
        <DatosFacturaATR>
          <FechaBOE>2017-12-27</FechaBOE>
          <TarifaATRFact>003</TarifaATRFact>
          <ModoControlPotencia>2</ModoControlPotencia>
          <MarcaMedidaConPerdidas>N</MarcaMedidaConPerdidas>
          <IndicativoCurvaCarga>02</IndicativoCurvaCarga>
          <Periodo>
            <FechaDesdeFactura>2017-12-19</FechaDesdeFactura>
            <FechaHastaFactura>2018-01-16</FechaHastaFactura>
            <NumeroDias>028</NumeroDias>
          </Periodo>
        </DatosFacturaATR>
      </DatosGeneralesFacturaATR>
      <Potencia>
        <TerminoPotencia>
          <FechaDesde>2017-12-19</FechaDesde>
          <FechaHasta>2017-12-31</FechaHasta>
          <Periodo>
            <PotenciaContratada>00000000027713</PotenciaContratada>
            <PotenciaMaxDemandada>00000000023556</PotenciaMaxDemandada>
            <PotenciaAFacturar>00000000023556</PotenciaAFacturar>
            <PrecioPotencia>00000.111585986</PrecioPotencia>
          </Periodo>
          <Periodo>
            <PotenciaContratada>00000000027713</PotenciaContratada>
            <PotenciaMaxDemandada>00000000023556</PotenciaMaxDemandada>
            <PotenciaAFacturar>00000000023556</PotenciaAFacturar>
            <PrecioPotencia>00000.066951589</PrecioPotencia>
          </Periodo>
          <Periodo>
            <PotenciaContratada>00000000027713</PotenciaContratada>
            <PotenciaMaxDemandada>00000000023556</PotenciaMaxDemandada>
            <PotenciaAFacturar>00000000023556</PotenciaAFacturar>
            <PrecioPotencia>00000.044634397</PrecioPotencia>
          </Periodo>
          <Periodo>
            <PotenciaContratada>00000000000000</PotenciaContratada>
            <PotenciaMaxDemandada>00000000000000</PotenciaMaxDemandada>
            <PotenciaAFacturar>00000000000000</PotenciaAFacturar>
            <PrecioPotencia>00000.000000000</PrecioPotencia>
          </Periodo>
          <Periodo>
            <PotenciaContratada>00000000000000</PotenciaContratada>
            <PotenciaMaxDemandada>00000000000000</PotenciaMaxDemandada>
            <PotenciaAFacturar>00000000000000</PotenciaAFacturar>
            <PrecioPotencia>00000.000000000</PrecioPotencia>
          </Periodo>
          <Periodo>
            <PotenciaContratada>00000000000000</PotenciaContratada>
            <PotenciaMaxDemandada>00000000000000</PotenciaMaxDemandada>
            <PotenciaAFacturar>00000000000000</PotenciaAFacturar>
            <PrecioPotencia>00000.000000000</PrecioPotencia>
          </Periodo>
        </TerminoPotencia>
        <TerminoPotencia>
          <FechaDesde>2017-12-31</FechaDesde>
          <FechaHasta>2018-01-16</FechaHasta>
          <Periodo>
            <PotenciaContratada>00000000027713</PotenciaContratada>
            <PotenciaMaxDemandada>00000000023556</PotenciaMaxDemandada>
            <PotenciaAFacturar>00000000023556</PotenciaAFacturar>
            <PrecioPotencia>00000.111585986</PrecioPotencia>
          </Periodo>
          <Periodo>
            <PotenciaContratada>00000000027713</PotenciaContratada>
            <PotenciaMaxDemandada>00000000023556</PotenciaMaxDemandada>
            <PotenciaAFacturar>00000000023556</PotenciaAFacturar>
            <PrecioPotencia>00000.066951589</PrecioPotencia>
          </Periodo>
          <Periodo>
            <PotenciaContratada>00000000027713</PotenciaContratada>
            <PotenciaMaxDemandada>00000000023556</PotenciaMaxDemandada>
            <PotenciaAFacturar>00000000023556</PotenciaAFacturar>
            <PrecioPotencia>00000.044634397</PrecioPotencia>
          </Periodo>
          <Periodo>
            <PotenciaContratada>00000000000000</PotenciaContratada>
            <PotenciaMaxDemandada>00000000000000</PotenciaMaxDemandada>
            <PotenciaAFacturar>00000000000000</PotenciaAFacturar>
            <PrecioPotencia>00000.000000000</PrecioPotencia>
          </Periodo>
          <Periodo>
            <PotenciaContratada>00000000000000</PotenciaContratada>
            <PotenciaMaxDemandada>00000000000000</PotenciaMaxDemandada>
            <PotenciaAFacturar>00000000000000</PotenciaAFacturar>
            <PrecioPotencia>00000.000000000</PrecioPotencia>
          </Periodo>
          <Periodo>
            <PotenciaContratada>00000000000000</PotenciaContratada>
            <PotenciaMaxDemandada>00000000000000</PotenciaMaxDemandada>
            <PotenciaAFacturar>00000000000000</PotenciaAFacturar>
            <PrecioPotencia>00000.000000000</PrecioPotencia>
          </Periodo>
        </TerminoPotencia>
        <PenalizacionNoICP>N</PenalizacionNoICP>
        <ImporteTotalTerminoPotencia>+0000000147.19</ImporteTotalTerminoPotencia>
      </Potencia>
      <EnergiaActiva>
        <TerminoEnergiaActiva>
          <FechaDesde>2017-12-19</FechaDesde>
          <FechaHasta>2017-12-31</FechaHasta>
          <Periodo>
            <ValorEnergiaActiva>+00000000242.00</ValorEnergiaActiva>
            <PrecioEnergia>00000.018762000</PrecioEnergia>
          </Periodo>
          <Periodo>
            <ValorEnergiaActiva>+00000001159.00</ValorEnergiaActiva>
            <PrecioEnergia>00000.012575000</PrecioEnergia>
          </Periodo>
          <Periodo>
            <ValorEnergiaActiva>+00000000268.00</ValorEnergiaActiva>
            <PrecioEnergia>00000.004670000</PrecioEnergia>
          </Periodo>
          <Periodo>
            <ValorEnergiaActiva>+00000000000.00</ValorEnergiaActiva>
            <PrecioEnergia>00000.000000000</PrecioEnergia>
          </Periodo>
          <Periodo>
            <ValorEnergiaActiva>+00000000000.00</ValorEnergiaActiva>
            <PrecioEnergia>00000.000000000</PrecioEnergia>
          </Periodo>
          <Periodo>
            <ValorEnergiaActiva>+00000000000.00</ValorEnergiaActiva>
            <PrecioEnergia>00000.000000000</PrecioEnergia>
          </Periodo>
        </TerminoEnergiaActiva>
        <TerminoEnergiaActiva>
          <FechaDesde>2017-12-31</FechaDesde>
          <FechaHasta>2018-01-16</FechaHasta>
          <Periodo>
            <ValorEnergiaActiva>+00000000323.00</ValorEnergiaActiva>
            <PrecioEnergia>00000.018762000</PrecioEnergia>
          </Periodo>
          <Periodo>
            <ValorEnergiaActiva>+00000001546.00</ValorEnergiaActiva>
            <PrecioEnergia>00000.012575000</PrecioEnergia>
          </Periodo>
          <Periodo>
            <ValorEnergiaActiva>+00000000358.00</ValorEnergiaActiva>
            <PrecioEnergia>00000.004670000</PrecioEnergia>
          </Periodo>
          <Periodo>
            <ValorEnergiaActiva>+00000000000.00</ValorEnergiaActiva>
            <PrecioEnergia>00000.000000000</PrecioEnergia>
          </Periodo>
          <Periodo>
            <ValorEnergiaActiva>+00000000000.00</ValorEnergiaActiva>
            <PrecioEnergia>00000.000000000</PrecioEnergia>
          </Periodo>
          <Periodo>
            <ValorEnergiaActiva>+00000000000.00</ValorEnergiaActiva>
            <PrecioEnergia>00000.000000000</PrecioEnergia>
          </Periodo>
        </TerminoEnergiaActiva>
        <ImporteTotalEnergiaActiva>+0000000047.54</ImporteTotalEnergiaActiva>
      </EnergiaActiva>
      <ImpuestoElectrico>
        <BaseImponible>+0000000000.00</BaseImponible>
        <Porcentaje>00000.00000000</Porcentaje>
        <Importe>+0000000000.00</Importe>
      </ImpuestoElectrico>
      <IVA>
        <BaseImponible>+0000000000.00</BaseImponible>
        <Porcentaje>0000.00</Porcentaje>
        <Importe>+0000000000.00</Importe>
      </IVA>
      <IVAReducido>
        <BaseImponible>+0000000194.73</BaseImponible>
        <Porcentaje>0003.00</Porcentaje>
        <Importe>+0000000005.84</Importe>
      </IVAReducido>
      <Medidas>
        <CodPM>ES0031601228859007FV2P</CodPM>
        <ModeloAparato>
          <TipoAparato>CA</TipoAparato>
          <MarcaAparato>026</MarcaAparato>
          <NumeroSerie>501504776</NumeroSerie>
          <TipoDHEdM>6</TipoDHEdM>
          <Integrador>
            <Magnitud>AE</Magnitud>
            <CodigoPeriodo>62</CodigoPeriodo>
            <ConstanteMultiplicadora>000001.000</ConstanteMultiplicadora>
            <NumeroRuedasEnteras>08</NumeroRuedasEnteras>
            <NumeroRuedasDecimales>00</NumeroRuedasDecimales>
            <ConsumoCalculado>+0000002421.00</ConsumoCalculado>
            <LecturaDesde>
              <Fecha>2017-12-19</Fecha>
              <Procedencia>40</Procedencia>
              <Lectura>0000030546.00</Lectura>
            </LecturaDesde>
            <LecturaHasta>
              <Fecha>2018-01-16</Fecha>
              <Procedencia>40</Procedencia>
              <Lectura>0000032967.00</Lectura>
            </LecturaHasta>
            <FechaHoraMaximetro>2018-01-16T23:59:00</FechaHoraMaximetro>
          </Integrador>
          <Integrador>
            <Magnitud>AE</Magnitud>
            <CodigoPeriodo>63</CodigoPeriodo>
            <ConstanteMultiplicadora>000001.000</ConstanteMultiplicadora>
            <NumeroRuedasEnteras>08</NumeroRuedasEnteras>
            <NumeroRuedasDecimales>00</NumeroRuedasDecimales>
            <ConsumoCalculado>+0000000432.00</ConsumoCalculado>
            <LecturaDesde>
              <Fecha>2017-12-19</Fecha>
              <Procedencia>40</Procedencia>
              <Lectura>0000005971.00</Lectura>
            </LecturaDesde>
            <LecturaHasta>
              <Fecha>2018-01-16</Fecha>
              <Procedencia>40</Procedencia>
              <Lectura>0000006403.00</Lectura>
            </LecturaHasta>
            <FechaHoraMaximetro>2018-01-16T23:59:00</FechaHoraMaximetro>
          </Integrador>
          <Integrador>
            <Magnitud>AE</Magnitud>
            <CodigoPeriodo>61</CodigoPeriodo>
            <ConstanteMultiplicadora>000001.000</ConstanteMultiplicadora>
            <NumeroRuedasEnteras>08</NumeroRuedasEnteras>
            <NumeroRuedasDecimales>00</NumeroRuedasDecimales>
            <ConsumoCalculado>+0000000447.00</ConsumoCalculado>
            <LecturaDesde>
              <Fecha>2017-12-19</Fecha>
              <Procedencia>40</Procedencia>
              <Lectura>0000012721.00</Lectura>
            </LecturaDesde>
            <LecturaHasta>
              <Fecha>2018-01-16</Fecha>
              <Procedencia>40</Procedencia>
              <Lectura>0000013168.00</Lectura>
            </LecturaHasta>
            <FechaHoraMaximetro>2018-01-16T23:59:00</FechaHoraMaximetro>
          </Integrador>
          <Integrador>
            <Magnitud>R1</Magnitud>
            <CodigoPeriodo>62</CodigoPeriodo>
            <ConstanteMultiplicadora>000001.000</ConstanteMultiplicadora>
            <NumeroRuedasEnteras>08</NumeroRuedasEnteras>
            <NumeroRuedasDecimales>00</NumeroRuedasDecimales>
            <ConsumoCalculado>+0000000486.00</ConsumoCalculado>
            <LecturaDesde>
              <Fecha>2017-12-19</Fecha>
              <Procedencia>40</Procedencia>
              <Lectura>0000007438.00</Lectura>
            </LecturaDesde>
            <LecturaHasta>
              <Fecha>2018-01-16</Fecha>
              <Procedencia>40</Procedencia>
              <Lectura>0000007924.00</Lectura>
            </LecturaHasta>
            <FechaHoraMaximetro>2018-01-16T23:59:00</FechaHoraMaximetro>
          </Integrador>
          <Integrador>
            <Magnitud>R1</Magnitud>
            <CodigoPeriodo>63</CodigoPeriodo>
            <ConstanteMultiplicadora>000001.000</ConstanteMultiplicadora>
            <NumeroRuedasEnteras>08</NumeroRuedasEnteras>
            <NumeroRuedasDecimales>00</NumeroRuedasDecimales>
            <ConsumoCalculado>+0000000019.00</ConsumoCalculado>
            <LecturaDesde>
              <Fecha>2017-12-19</Fecha>
              <Procedencia>40</Procedencia>
              <Lectura>0000000568.00</Lectura>
            </LecturaDesde>
            <LecturaHasta>
              <Fecha>2018-01-16</Fecha>
              <Procedencia>40</Procedencia>
              <Lectura>0000000587.00</Lectura>
            </LecturaHasta>
            <FechaHoraMaximetro>2018-01-16T23:59:00</FechaHoraMaximetro>
          </Integrador>
          <Integrador>
            <Magnitud>R1</Magnitud>
            <CodigoPeriodo>61</CodigoPeriodo>
            <ConstanteMultiplicadora>000001.000</ConstanteMultiplicadora>
            <NumeroRuedasEnteras>08</NumeroRuedasEnteras>
            <NumeroRuedasDecimales>00</NumeroRuedasDecimales>
            <ConsumoCalculado>+0000000034.00</ConsumoCalculado>
            <LecturaDesde>
              <Fecha>2017-12-19</Fecha>
              <Procedencia>40</Procedencia>
              <Lectura>0000003172.00</Lectura>
            </LecturaDesde>
            <LecturaHasta>
              <Fecha>2018-01-16</Fecha>
              <Procedencia>40</Procedencia>
              <Lectura>0000003206.00</Lectura>
            </LecturaHasta>
            <FechaHoraMaximetro>2018-01-16T23:59:00</FechaHoraMaximetro>
          </Integrador>
          <Integrador>
            <Magnitud>PM</Magnitud>
            <CodigoPeriodo>62</CodigoPeriodo>
            <ConstanteMultiplicadora>000001.000</ConstanteMultiplicadora>
            <NumeroRuedasEnteras>08</NumeroRuedasEnteras>
            <NumeroRuedasDecimales>00</NumeroRuedasDecimales>
            <ConsumoCalculado>+0000023556.00</ConsumoCalculado>
            <LecturaDesde>
              <Fecha>2017-12-19</Fecha>
              <Procedencia>40</Procedencia>
              <Lectura>0000000000.00</Lectura>
            </LecturaDesde>
            <LecturaHasta>
              <Fecha>2018-01-16</Fecha>
              <Procedencia>40</Procedencia>
              <Lectura>0000023556.00</Lectura>
            </LecturaHasta>
            <FechaHoraMaximetro>2018-01-16T23:59:00</FechaHoraMaximetro>
          </Integrador>
          <Integrador>
            <Magnitud>PM</Magnitud>
            <CodigoPeriodo>63</CodigoPeriodo>
            <ConstanteMultiplicadora>000001.000</ConstanteMultiplicadora>
            <NumeroRuedasEnteras>08</NumeroRuedasEnteras>
            <NumeroRuedasDecimales>00</NumeroRuedasDecimales>
            <ConsumoCalculado>+0000023556.00</ConsumoCalculado>
            <LecturaDesde>
              <Fecha>2017-12-19</Fecha>
              <Procedencia>40</Procedencia>
              <Lectura>0000000000.00</Lectura>
            </LecturaDesde>
            <LecturaHasta>
              <Fecha>2018-01-16</Fecha>
              <Procedencia>40</Procedencia>
              <Lectura>0000023556.00</Lectura>
            </LecturaHasta>
            <FechaHoraMaximetro>2018-01-16T23:59:00</FechaHoraMaximetro>
          </Integrador>
          <Integrador>
            <Magnitud>PM</Magnitud>
            <CodigoPeriodo>61</CodigoPeriodo>
            <ConstanteMultiplicadora>000001.000</ConstanteMultiplicadora>
            <NumeroRuedasEnteras>08</NumeroRuedasEnteras>
            <NumeroRuedasDecimales>00</NumeroRuedasDecimales>
            <ConsumoCalculado>+0000023556.00</ConsumoCalculado>
            <LecturaDesde>
              <Fecha>2017-12-19</Fecha>
              <Procedencia>40</Procedencia>
              <Lectura>0000000000.00</Lectura>
            </LecturaDesde>
            <LecturaHasta>
              <Fecha>2018-01-16</Fecha>
              <Procedencia>40</Procedencia>
              <Lectura>0000023556.00</Lectura>
            </LecturaHasta>
            <FechaHoraMaximetro>2018-01-16T23:59:00</FechaHoraMaximetro>
          </Integrador>
          <Integrador>
            <Magnitud>AE</Magnitud>
            <CodigoPeriodo>64</CodigoPeriodo>
            <ConstanteMultiplicadora>000001.000</ConstanteMultiplicadora>
            <NumeroRuedasEnteras>08</NumeroRuedasEnteras>
            <NumeroRuedasDecimales>00</NumeroRuedasDecimales>
            <ConsumoCalculado>+0000000118.00</ConsumoCalculado>
            <LecturaDesde>
              <Fecha>2017-12-19</Fecha>
              <Procedencia>40</Procedencia>
              <Lectura>0000001466.00</Lectura>
            </LecturaDesde>
            <LecturaHasta>
              <Fecha>2018-01-16</Fecha>
              <Procedencia>40</Procedencia>
              <Lectura>0000001584.00</Lectura>
            </LecturaHasta>
            <FechaHoraMaximetro>2018-01-16T23:59:00</FechaHoraMaximetro>
          </Integrador>
          <Integrador>
            <Magnitud>AE</Magnitud>
            <CodigoPeriodo>65</CodigoPeriodo>
            <ConstanteMultiplicadora>000001.000</ConstanteMultiplicadora>
            <NumeroRuedasEnteras>08</NumeroRuedasEnteras>
            <NumeroRuedasDecimales>00</NumeroRuedasDecimales>
            <ConsumoCalculado>+0000000284.00</ConsumoCalculado>
            <LecturaDesde>
              <Fecha>2017-12-19</Fecha>
              <Procedencia>40</Procedencia>
              <Lectura>0000003785.00</Lectura>
            </LecturaDesde>
            <LecturaHasta>
              <Fecha>2018-01-16</Fecha>
              <Procedencia>40</Procedencia>
              <Lectura>0000004069.00</Lectura>
            </LecturaHasta>
            <FechaHoraMaximetro>2018-01-16T23:59:00</FechaHoraMaximetro>
          </Integrador>
          <Integrador>
            <Magnitud>AE</Magnitud>
            <CodigoPeriodo>66</CodigoPeriodo>
            <ConstanteMultiplicadora>000001.000</ConstanteMultiplicadora>
            <NumeroRuedasEnteras>08</NumeroRuedasEnteras>
            <NumeroRuedasDecimales>00</NumeroRuedasDecimales>
            <ConsumoCalculado>+0000000194.00</ConsumoCalculado>
            <LecturaDesde>
              <Fecha>2017-12-19</Fecha>
              <Procedencia>40</Procedencia>
              <Lectura>0000002415.00</Lectura>
            </LecturaDesde>
            <LecturaHasta>
              <Fecha>2018-01-16</Fecha>
              <Procedencia>40</Procedencia>
              <Lectura>0000002609.00</Lectura>
            </LecturaHasta>
            <FechaHoraMaximetro>2018-01-16T23:59:00</FechaHoraMaximetro>
          </Integrador>
          <Integrador>
            <Magnitud>R1</Magnitud>
            <CodigoPeriodo>64</CodigoPeriodo>
            <ConstanteMultiplicadora>000001.000</ConstanteMultiplicadora>
            <NumeroRuedasEnteras>08</NumeroRuedasEnteras>
            <NumeroRuedasDecimales>00</NumeroRuedasDecimales>
            <ConsumoCalculado>+0000000001.00</ConsumoCalculado>
            <LecturaDesde>
              <Fecha>2017-12-19</Fecha>
              <Procedencia>40</Procedencia>
              <Lectura>0000000290.00</Lectura>
            </LecturaDesde>
            <LecturaHasta>
              <Fecha>2018-01-16</Fecha>
              <Procedencia>40</Procedencia>
              <Lectura>0000000291.00</Lectura>
            </LecturaHasta>
            <FechaHoraMaximetro>2018-01-16T23:59:00</FechaHoraMaximetro>
          </Integrador>
          <Integrador>
            <Magnitud>R1</Magnitud>
            <CodigoPeriodo>65</CodigoPeriodo>
            <ConstanteMultiplicadora>000001.000</ConstanteMultiplicadora>
            <NumeroRuedasEnteras>08</NumeroRuedasEnteras>
            <NumeroRuedasDecimales>00</NumeroRuedasDecimales>
            <ConsumoCalculado>+0000000012.00</ConsumoCalculado>
            <LecturaDesde>
              <Fecha>2017-12-19</Fecha>
              <Procedencia>40</Procedencia>
              <Lectura>0000000386.00</Lectura>
            </LecturaDesde>
            <LecturaHasta>
              <Fecha>2018-01-16</Fecha>
              <Procedencia>40</Procedencia>
              <Lectura>0000000398.00</Lectura>
            </LecturaHasta>
            <FechaHoraMaximetro>2018-01-16T23:59:00</FechaHoraMaximetro>
          </Integrador>
          <Integrador>
            <Magnitud>R1</Magnitud>
            <CodigoPeriodo>66</CodigoPeriodo>
            <ConstanteMultiplicadora>000001.000</ConstanteMultiplicadora>
            <NumeroRuedasEnteras>08</NumeroRuedasEnteras>
            <NumeroRuedasDecimales>00</NumeroRuedasDecimales>
            <ConsumoCalculado>+0000000008.00</ConsumoCalculado>
            <LecturaDesde>
              <Fecha>2017-12-19</Fecha>
              <Procedencia>40</Procedencia>
              <Lectura>0000000236.00</Lectura>
            </LecturaDesde>
            <LecturaHasta>
              <Fecha>2018-01-16</Fecha>
              <Procedencia>40</Procedencia>
              <Lectura>0000000244.00</Lectura>
            </LecturaHasta>
            <FechaHoraMaximetro>2018-01-16T23:59:00</FechaHoraMaximetro>
          </Integrador>
          <Integrador>
            <Magnitud>PM</Magnitud>
            <CodigoPeriodo>64</CodigoPeriodo>
            <ConstanteMultiplicadora>000001.000</ConstanteMultiplicadora>
            <NumeroRuedasEnteras>08</NumeroRuedasEnteras>
            <NumeroRuedasDecimales>00</NumeroRuedasDecimales>
            <ConsumoCalculado>+0000023556.00</ConsumoCalculado>
            <LecturaDesde>
              <Fecha>2017-12-19</Fecha>
              <Procedencia>40</Procedencia>
              <Lectura>0000000000.00</Lectura>
            </LecturaDesde>
            <LecturaHasta>
              <Fecha>2018-01-16</Fecha>
              <Procedencia>40</Procedencia>
              <Lectura>0000023556.00</Lectura>
            </LecturaHasta>
            <FechaHoraMaximetro>2018-01-16T23:59:00</FechaHoraMaximetro>
          </Integrador>
          <Integrador>
            <Magnitud>PM</Magnitud>
            <CodigoPeriodo>65</CodigoPeriodo>
            <ConstanteMultiplicadora>000001.000</ConstanteMultiplicadora>
            <NumeroRuedasEnteras>08</NumeroRuedasEnteras>
            <NumeroRuedasDecimales>00</NumeroRuedasDecimales>
            <ConsumoCalculado>+0000023556.00</ConsumoCalculado>
            <LecturaDesde>
              <Fecha>2017-12-19</Fecha>
              <Procedencia>40</Procedencia>
              <Lectura>0000000000.00</Lectura>
            </LecturaDesde>
            <LecturaHasta>
              <Fecha>2018-01-16</Fecha>
              <Procedencia>40</Procedencia>
              <Lectura>0000023556.00</Lectura>
            </LecturaHasta>
            <FechaHoraMaximetro>2018-01-16T23:59:00</FechaHoraMaximetro>
          </Integrador>
          <Integrador>
            <Magnitud>PM</Magnitud>
            <CodigoPeriodo>66</CodigoPeriodo>
            <ConstanteMultiplicadora>000001.000</ConstanteMultiplicadora>
            <NumeroRuedasEnteras>08</NumeroRuedasEnteras>
            <NumeroRuedasDecimales>00</NumeroRuedasDecimales>
            <ConsumoCalculado>+0000023556.00</ConsumoCalculado>
            <LecturaDesde>
              <Fecha>2017-12-19</Fecha>
              <Procedencia>40</Procedencia>
              <Lectura>0000000000.00</Lectura>
            </LecturaDesde>
            <LecturaHasta>
              <Fecha>2018-01-16</Fecha>
              <Procedencia>40</Procedencia>
              <Lectura>0000023556.00</Lectura>
            </LecturaHasta>
            <FechaHoraMaximetro>2018-01-16T23:59:00</FechaHoraMaximetro>
          </Integrador>
          <Integrador>
            <Magnitud>AE</Magnitud>
            <CodigoPeriodo>60</CodigoPeriodo>
            <ConstanteMultiplicadora>000001.000</ConstanteMultiplicadora>
            <NumeroRuedasEnteras>08</NumeroRuedasEnteras>
            <NumeroRuedasDecimales>00</NumeroRuedasDecimales>
            <ConsumoCalculado>+0000003896.00</ConsumoCalculado>
            <LecturaDesde>
              <Fecha>2017-12-19</Fecha>
              <Procedencia>40</Procedencia>
              <Lectura>0000056907.00</Lectura>
            </LecturaDesde>
            <LecturaHasta>
              <Fecha>2018-01-16</Fecha>
              <Procedencia>40</Procedencia>
              <Lectura>0000060801.00</Lectura>
            </LecturaHasta>
            <FechaHoraMaximetro>2018-01-16T23:59:00</FechaHoraMaximetro>
          </Integrador>
          <Integrador>
            <Magnitud>R1</Magnitud>
            <CodigoPeriodo>60</CodigoPeriodo>
            <ConstanteMultiplicadora>000001.000</ConstanteMultiplicadora>
            <NumeroRuedasEnteras>08</NumeroRuedasEnteras>
            <NumeroRuedasDecimales>00</NumeroRuedasDecimales>
            <ConsumoCalculado>+0000000560.00</ConsumoCalculado>
            <LecturaDesde>
              <Fecha>2017-12-19</Fecha>
              <Procedencia>40</Procedencia>
              <Lectura>0000012092.00</Lectura>
            </LecturaDesde>
            <LecturaHasta>
              <Fecha>2018-01-16</Fecha>
              <Procedencia>40</Procedencia>
              <Lectura>0000012653.00</Lectura>
            </LecturaHasta>
            <FechaHoraMaximetro>2018-01-16T23:59:00</FechaHoraMaximetro>
          </Integrador>
        </ModeloAparato>
      </Medidas>
    </FacturaATR>
    <RegistroFin>
      <ImporteTotal>+0000000001203.36</ImporteTotal>
      <SaldoTotalFacturacion>+0000000000000.00</SaldoTotalFacturacion>
      <TotalRecibos>00020</TotalRecibos>
      <TipoMoneda>02</TipoMoneda>
      <FechaValor>2018-02-16</FechaValor>
      <FechaLimitePago>2018-03-08</FechaLimitePago>
      <IdRemesa>00000000000000000002619983</IdRemesa>
    </RegistroFin>
  </Facturas>
  <OtrosDatosFactura>
    <SociedadMercantilEmisora>ENDESA DISTRIBUCION ELECTRICA SLU</SociedadMercantilEmisora>
    <SociedadMercantilDestino>SUNAIR ONE ENERGY, S.L.</SociedadMercantilDestino>
    <DireccionEmisora>AV VILANOVA</DireccionEmisora>
    <DireccionDestino>P.I.AGRO REUS C/ IGNASI I</DireccionDestino>
  </OtrosDatosFactura>
</MensajeFacturacion>