<?xml version="1.0" encoding="UTF-8"?><MensajeFacturacion xmlns="http://localhost/elegibilidad">
  <Cabecera>
    <CodigoREEEmpresaEmisora>0363</CodigoREEEmpresaEmisora>
    <CodigoREEEmpresaDestino>0815</CodigoREEEmpresaDestino>
    <CodigoDelProceso>F1</CodigoDelProceso>
    <CodigoDePaso>01</CodigoDePaso>
    <CodigoDeSolicitud>000002620486</CodigoDeSolicitud>
    <SecuencialDeSolicitud>00</SecuencialDeSolicitud>
    <FechaSolicitud>2018-02-18T12:32:29</FechaSolicitud>
    <CUPS>ES0031607227311004RB0F</CUPS>
  </Cabecera>
  <Facturas>
    <FacturaATR>
      <DatosGeneralesFacturaATR>
        <DireccionSuministro>
          <Pais>ESPAÑA</Pais>
          <Provincia>38</Provincia>
          <Municipio>000023</Municipio>
          <Poblacion>000001302</Poblacion>
          <TipoVia>CL</TipoVia>
          <CodPostal>38320</CodPostal>
          <Calle>EUGENIO NIEBLA RODRIGUEZ</Calle>
          <NumeroFinca>00009</NumeroFinca>
          <Piso>BA</Piso>
        </DireccionSuministro>
        <Cliente>
          <TipoIdentificador>NI</TipoIdentificador>
          <Identificador>B55567986</Identificador>
        </Cliente>
        <CodContrato>500000583395</CodContrato>
        <DatosGeneralesFactura>
          <CodigoFiscalFactura>U3801N01523649</CodigoFiscalFactura>
          <TipoFactura>N</TipoFactura>
          <MotivoFacturacion>01</MotivoFacturacion>
          <Expediente>
            <NumeroExpediente>0000000000000000</NumeroExpediente>
            <CodigoSolicitud>000000000000</CodigoSolicitud>
          </Expediente>
          <FechaFactura>2018-02-18</FechaFactura>
          <IdentificadorEmisora>B82846817</IdentificadorEmisora>
          <Comentarios>2620486                                                                                             </Comentarios>
          <ImporteTotalFactura>+0000000178.82</ImporteTotalFactura>
          <TipoMoneda>02</TipoMoneda>
        </DatosGeneralesFactura>
        <DatosFacturaATR>
          <FechaBOE>2017-12-27</FechaBOE>
          <TarifaATRFact>003</TarifaATRFact>
          <ModoControlPotencia>2</ModoControlPotencia>
          <MarcaMedidaConPerdidas>N</MarcaMedidaConPerdidas>
          <IndicativoCurvaCarga>02</IndicativoCurvaCarga>
          <Periodo>
            <FechaDesdeFactura>2018-01-15</FechaDesdeFactura>
            <FechaHastaFactura>2018-02-14</FechaHastaFactura>
            <NumeroDias>030</NumeroDias>
          </Periodo>
        </DatosFacturaATR>
      </DatosGeneralesFacturaATR>
      <Potencia>
        <TerminoPotencia>
          <FechaDesde>2018-01-15</FechaDesde>
          <FechaHasta>2018-02-14</FechaHasta>
          <Periodo>
            <PotenciaContratada>00000000027000</PotenciaContratada>
            <PotenciaMaxDemandada>00000000022950</PotenciaMaxDemandada>
            <PotenciaAFacturar>00000000022950</PotenciaAFacturar>
            <PrecioPotencia>00000.111585986</PrecioPotencia>
          </Periodo>
          <Periodo>
            <PotenciaContratada>00000000027000</PotenciaContratada>
            <PotenciaMaxDemandada>00000000022950</PotenciaMaxDemandada>
            <PotenciaAFacturar>00000000022950</PotenciaAFacturar>
            <PrecioPotencia>00000.066951589</PrecioPotencia>
          </Periodo>
          <Periodo>
            <PotenciaContratada>00000000027000</PotenciaContratada>
            <PotenciaMaxDemandada>00000000022950</PotenciaMaxDemandada>
            <PotenciaAFacturar>00000000022950</PotenciaAFacturar>
            <PrecioPotencia>00000.044634397</PrecioPotencia>
          </Periodo>
          <Periodo>
            <PotenciaContratada>00000000000000</PotenciaContratada>
            <PotenciaMaxDemandada>00000000000000</PotenciaMaxDemandada>
            <PotenciaAFacturar>00000000000000</PotenciaAFacturar>
            <PrecioPotencia>00000.000000000</PrecioPotencia>
          </Periodo>
          <Periodo>
            <PotenciaContratada>00000000000000</PotenciaContratada>
            <PotenciaMaxDemandada>00000000000000</PotenciaMaxDemandada>
            <PotenciaAFacturar>00000000000000</PotenciaAFacturar>
            <PrecioPotencia>00000.000000000</PrecioPotencia>
          </Periodo>
          <Periodo>
            <PotenciaContratada>00000000000000</PotenciaContratada>
            <PotenciaMaxDemandada>00000000000000</PotenciaMaxDemandada>
            <PotenciaAFacturar>00000000000000</PotenciaAFacturar>
            <PrecioPotencia>00000.000000000</PrecioPotencia>
          </Periodo>
        </TerminoPotencia>
        <PenalizacionNoICP>N</PenalizacionNoICP>
        <ImporteTotalTerminoPotencia>+0000000153.65</ImporteTotalTerminoPotencia>
      </Potencia>
      <EnergiaActiva>
        <TerminoEnergiaActiva>
          <FechaDesde>2018-01-15</FechaDesde>
          <FechaHasta>2018-02-14</FechaHasta>
          <Periodo>
            <ValorEnergiaActiva>+00000000135.00</ValorEnergiaActiva>
            <PrecioEnergia>00000.018762000</PrecioEnergia>
          </Periodo>
          <Periodo>
            <ValorEnergiaActiva>+00000000405.00</ValorEnergiaActiva>
            <PrecioEnergia>00000.012575000</PrecioEnergia>
          </Periodo>
          <Periodo>
            <ValorEnergiaActiva>+00000000270.00</ValorEnergiaActiva>
            <PrecioEnergia>00000.004670000</PrecioEnergia>
          </Periodo>
          <Periodo>
            <ValorEnergiaActiva>+00000000000.00</ValorEnergiaActiva>
            <PrecioEnergia>00000.000000000</PrecioEnergia>
          </Periodo>
          <Periodo>
            <ValorEnergiaActiva>+00000000000.00</ValorEnergiaActiva>
            <PrecioEnergia>00000.000000000</PrecioEnergia>
          </Periodo>
          <Periodo>
            <ValorEnergiaActiva>+00000000000.00</ValorEnergiaActiva>
            <PrecioEnergia>00000.000000000</PrecioEnergia>
          </Periodo>
        </TerminoEnergiaActiva>
        <ImporteTotalEnergiaActiva>+0000000008.89</ImporteTotalEnergiaActiva>
      </EnergiaActiva>
      <ImpuestoElectrico>
        <BaseImponible>+0000000000.00</BaseImponible>
        <Porcentaje>00000.00000000</Porcentaje>
        <Importe>+0000000000.00</Importe>
      </ImpuestoElectrico>
      <Alquileres>
        <PrecioDiarioAlquiler>
          <PrecioDia>00000.355068000</PrecioDia>
          <NumeroDias>030</NumeroDias>
        </PrecioDiarioAlquiler>
        <ImporteFacturacionAlquileres>+0000000010.65</ImporteFacturacionAlquileres>
      </Alquileres>
      <IVA>
        <BaseImponible>+0000000010.65</BaseImponible>
        <Porcentaje>0007.00</Porcentaje>
        <Importe>+0000000000.75</Importe>
      </IVA>
      <IVAReducido>
        <BaseImponible>+0000000162.54</BaseImponible>
        <Porcentaje>0003.00</Porcentaje>
        <Importe>+0000000004.88</Importe>
      </IVAReducido>
      <Medidas>
        <CodPM>ES0031607227311004RB3P</CodPM>
        <ModeloAparato>
          <TipoAparato>CA</TipoAparato>
          <MarcaAparato>199</MarcaAparato>
          <NumeroSerie>86932864</NumeroSerie>
          <TipoDHEdM>6</TipoDHEdM>
          <Integrador>
            <Magnitud>AE</Magnitud>
            <CodigoPeriodo>62</CodigoPeriodo>
            <ConstanteMultiplicadora>000001.000</ConstanteMultiplicadora>
            <NumeroRuedasEnteras>08</NumeroRuedasEnteras>
            <NumeroRuedasDecimales>00</NumeroRuedasDecimales>
            <ConsumoCalculado>+0000000297.00</ConsumoCalculado>
            <LecturaDesde>
              <Fecha>2018-01-15</Fecha>
              <Procedencia>20</Procedencia>
              <Lectura>0000548012.00</Lectura>
            </LecturaDesde>
            <LecturaHasta>
              <Fecha>2018-02-14</Fecha>
              <Procedencia>40</Procedencia>
              <Lectura>0000548309.00</Lectura>
            </LecturaHasta>
            <FechaHoraMaximetro>2018-02-14T23:59:00</FechaHoraMaximetro>
          </Integrador>
          <Integrador>
            <Magnitud>AE</Magnitud>
            <CodigoPeriodo>63</CodigoPeriodo>
            <ConstanteMultiplicadora>000001.000</ConstanteMultiplicadora>
            <NumeroRuedasEnteras>08</NumeroRuedasEnteras>
            <NumeroRuedasDecimales>00</NumeroRuedasDecimales>
            <ConsumoCalculado>+0000000198.00</ConsumoCalculado>
            <LecturaDesde>
              <Fecha>2018-01-15</Fecha>
              <Procedencia>20</Procedencia>
              <Lectura>0000320775.00</Lectura>
            </LecturaDesde>
            <LecturaHasta>
              <Fecha>2018-02-14</Fecha>
              <Procedencia>40</Procedencia>
              <Lectura>0000320973.00</Lectura>
            </LecturaHasta>
            <FechaHoraMaximetro>2018-02-14T23:59:00</FechaHoraMaximetro>
          </Integrador>
          <Integrador>
            <Magnitud>AE</Magnitud>
            <CodigoPeriodo>61</CodigoPeriodo>
            <ConstanteMultiplicadora>000001.000</ConstanteMultiplicadora>
            <NumeroRuedasEnteras>08</NumeroRuedasEnteras>
            <NumeroRuedasDecimales>00</NumeroRuedasDecimales>
            <ConsumoCalculado>+0000000099.00</ConsumoCalculado>
            <LecturaDesde>
              <Fecha>2018-01-15</Fecha>
              <Procedencia>20</Procedencia>
              <Lectura>0000177949.00</Lectura>
            </LecturaDesde>
            <LecturaHasta>
              <Fecha>2018-02-14</Fecha>
              <Procedencia>40</Procedencia>
              <Lectura>0000178048.00</Lectura>
            </LecturaHasta>
            <FechaHoraMaximetro>2018-02-14T23:59:00</FechaHoraMaximetro>
          </Integrador>
          <Integrador>
            <Magnitud>R1</Magnitud>
            <CodigoPeriodo>62</CodigoPeriodo>
            <ConstanteMultiplicadora>000001.000</ConstanteMultiplicadora>
            <NumeroRuedasEnteras>08</NumeroRuedasEnteras>
            <NumeroRuedasDecimales>00</NumeroRuedasDecimales>
            <ConsumoCalculado>+0000000000.00</ConsumoCalculado>
            <LecturaDesde>
              <Fecha>2018-01-15</Fecha>
              <Procedencia>20</Procedencia>
              <Lectura>0000103419.00</Lectura>
            </LecturaDesde>
            <LecturaHasta>
              <Fecha>2018-02-14</Fecha>
              <Procedencia>40</Procedencia>
              <Lectura>0000103419.00</Lectura>
            </LecturaHasta>
            <FechaHoraMaximetro>2018-02-14T23:59:00</FechaHoraMaximetro>
          </Integrador>
          <Integrador>
            <Magnitud>R1</Magnitud>
            <CodigoPeriodo>63</CodigoPeriodo>
            <ConstanteMultiplicadora>000001.000</ConstanteMultiplicadora>
            <NumeroRuedasEnteras>08</NumeroRuedasEnteras>
            <NumeroRuedasDecimales>00</NumeroRuedasDecimales>
            <ConsumoCalculado>+0000000000.00</ConsumoCalculado>
            <LecturaDesde>
              <Fecha>2018-01-15</Fecha>
              <Procedencia>20</Procedencia>
              <Lectura>0000062047.00</Lectura>
            </LecturaDesde>
            <LecturaHasta>
              <Fecha>2018-02-14</Fecha>
              <Procedencia>40</Procedencia>
              <Lectura>0000062047.00</Lectura>
            </LecturaHasta>
            <FechaHoraMaximetro>2018-02-14T23:59:00</FechaHoraMaximetro>
          </Integrador>
          <Integrador>
            <Magnitud>R1</Magnitud>
            <CodigoPeriodo>61</CodigoPeriodo>
            <ConstanteMultiplicadora>000001.000</ConstanteMultiplicadora>
            <NumeroRuedasEnteras>08</NumeroRuedasEnteras>
            <NumeroRuedasDecimales>00</NumeroRuedasDecimales>
            <ConsumoCalculado>+0000000000.00</ConsumoCalculado>
            <LecturaDesde>
              <Fecha>2018-01-15</Fecha>
              <Procedencia>20</Procedencia>
              <Lectura>0000032083.00</Lectura>
            </LecturaDesde>
            <LecturaHasta>
              <Fecha>2018-02-14</Fecha>
              <Procedencia>40</Procedencia>
              <Lectura>0000032083.00</Lectura>
            </LecturaHasta>
            <FechaHoraMaximetro>2018-02-14T23:59:00</FechaHoraMaximetro>
          </Integrador>
          <Integrador>
            <Magnitud>PM</Magnitud>
            <CodigoPeriodo>62</CodigoPeriodo>
            <ConstanteMultiplicadora>000001.000</ConstanteMultiplicadora>
            <NumeroRuedasEnteras>08</NumeroRuedasEnteras>
            <NumeroRuedasDecimales>00</NumeroRuedasDecimales>
            <ConsumoCalculado>+0000022950.00</ConsumoCalculado>
            <LecturaDesde>
              <Fecha>2018-01-15</Fecha>
              <Procedencia>20</Procedencia>
              <Lectura>0000000000.00</Lectura>
            </LecturaDesde>
            <LecturaHasta>
              <Fecha>2018-02-14</Fecha>
              <Procedencia>40</Procedencia>
              <Lectura>0000022950.00</Lectura>
            </LecturaHasta>
            <FechaHoraMaximetro>2018-02-14T23:59:00</FechaHoraMaximetro>
          </Integrador>
          <Integrador>
            <Magnitud>PM</Magnitud>
            <CodigoPeriodo>63</CodigoPeriodo>
            <ConstanteMultiplicadora>000001.000</ConstanteMultiplicadora>
            <NumeroRuedasEnteras>08</NumeroRuedasEnteras>
            <NumeroRuedasDecimales>00</NumeroRuedasDecimales>
            <ConsumoCalculado>+0000022950.00</ConsumoCalculado>
            <LecturaDesde>
              <Fecha>2018-01-15</Fecha>
              <Procedencia>20</Procedencia>
              <Lectura>0000000000.00</Lectura>
            </LecturaDesde>
            <LecturaHasta>
              <Fecha>2018-02-14</Fecha>
              <Procedencia>40</Procedencia>
              <Lectura>0000022950.00</Lectura>
            </LecturaHasta>
            <FechaHoraMaximetro>2018-02-14T23:59:00</FechaHoraMaximetro>
          </Integrador>
          <Integrador>
            <Magnitud>PM</Magnitud>
            <CodigoPeriodo>61</CodigoPeriodo>
            <ConstanteMultiplicadora>000001.000</ConstanteMultiplicadora>
            <NumeroRuedasEnteras>08</NumeroRuedasEnteras>
            <NumeroRuedasDecimales>00</NumeroRuedasDecimales>
            <ConsumoCalculado>+0000022950.00</ConsumoCalculado>
            <LecturaDesde>
              <Fecha>2018-01-15</Fecha>
              <Procedencia>20</Procedencia>
              <Lectura>0000000000.00</Lectura>
            </LecturaDesde>
            <LecturaHasta>
              <Fecha>2018-02-14</Fecha>
              <Procedencia>40</Procedencia>
              <Lectura>0000022950.00</Lectura>
            </LecturaHasta>
            <FechaHoraMaximetro>2018-02-14T23:59:00</FechaHoraMaximetro>
          </Integrador>
          <Integrador>
            <Magnitud>AE</Magnitud>
            <CodigoPeriodo>64</CodigoPeriodo>
            <ConstanteMultiplicadora>000001.000</ConstanteMultiplicadora>
            <NumeroRuedasEnteras>08</NumeroRuedasEnteras>
            <NumeroRuedasDecimales>00</NumeroRuedasDecimales>
            <ConsumoCalculado>+0000000036.00</ConsumoCalculado>
            <LecturaDesde>
              <Fecha>2018-01-15</Fecha>
              <Procedencia>20</Procedencia>
              <Lectura>0000070803.00</Lectura>
            </LecturaDesde>
            <LecturaHasta>
              <Fecha>2018-02-14</Fecha>
              <Procedencia>40</Procedencia>
              <Lectura>0000070839.00</Lectura>
            </LecturaHasta>
            <FechaHoraMaximetro>2018-02-14T23:59:00</FechaHoraMaximetro>
          </Integrador>
          <Integrador>
            <Magnitud>AE</Magnitud>
            <CodigoPeriodo>65</CodigoPeriodo>
            <ConstanteMultiplicadora>000001.000</ConstanteMultiplicadora>
            <NumeroRuedasEnteras>08</NumeroRuedasEnteras>
            <NumeroRuedasDecimales>00</NumeroRuedasDecimales>
            <ConsumoCalculado>+0000000108.00</ConsumoCalculado>
            <LecturaDesde>
              <Fecha>2018-01-15</Fecha>
              <Procedencia>20</Procedencia>
              <Lectura>0000219358.00</Lectura>
            </LecturaDesde>
            <LecturaHasta>
              <Fecha>2018-02-14</Fecha>
              <Procedencia>40</Procedencia>
              <Lectura>0000219466.00</Lectura>
            </LecturaHasta>
            <FechaHoraMaximetro>2018-02-14T23:59:00</FechaHoraMaximetro>
          </Integrador>
          <Integrador>
            <Magnitud>AE</Magnitud>
            <CodigoPeriodo>66</CodigoPeriodo>
            <ConstanteMultiplicadora>000001.000</ConstanteMultiplicadora>
            <NumeroRuedasEnteras>08</NumeroRuedasEnteras>
            <NumeroRuedasDecimales>00</NumeroRuedasDecimales>
            <ConsumoCalculado>+0000000072.00</ConsumoCalculado>
            <LecturaDesde>
              <Fecha>2018-01-15</Fecha>
              <Procedencia>20</Procedencia>
              <Lectura>0000135996.00</Lectura>
            </LecturaDesde>
            <LecturaHasta>
              <Fecha>2018-02-14</Fecha>
              <Procedencia>40</Procedencia>
              <Lectura>0000136068.00</Lectura>
            </LecturaHasta>
            <FechaHoraMaximetro>2018-02-14T23:59:00</FechaHoraMaximetro>
          </Integrador>
          <Integrador>
            <Magnitud>R1</Magnitud>
            <CodigoPeriodo>64</CodigoPeriodo>
            <ConstanteMultiplicadora>000001.000</ConstanteMultiplicadora>
            <NumeroRuedasEnteras>08</NumeroRuedasEnteras>
            <NumeroRuedasDecimales>00</NumeroRuedasDecimales>
            <ConsumoCalculado>+0000000000.00</ConsumoCalculado>
            <LecturaDesde>
              <Fecha>2018-01-15</Fecha>
              <Procedencia>20</Procedencia>
              <Lectura>0000012978.00</Lectura>
            </LecturaDesde>
            <LecturaHasta>
              <Fecha>2018-02-14</Fecha>
              <Procedencia>40</Procedencia>
              <Lectura>0000012978.00</Lectura>
            </LecturaHasta>
            <FechaHoraMaximetro>2018-02-14T23:59:00</FechaHoraMaximetro>
          </Integrador>
          <Integrador>
            <Magnitud>R1</Magnitud>
            <CodigoPeriodo>65</CodigoPeriodo>
            <ConstanteMultiplicadora>000001.000</ConstanteMultiplicadora>
            <NumeroRuedasEnteras>08</NumeroRuedasEnteras>
            <NumeroRuedasDecimales>00</NumeroRuedasDecimales>
            <ConsumoCalculado>+0000000000.00</ConsumoCalculado>
            <LecturaDesde>
              <Fecha>2018-01-15</Fecha>
              <Procedencia>20</Procedencia>
              <Lectura>0000041983.00</Lectura>
            </LecturaDesde>
            <LecturaHasta>
              <Fecha>2018-02-14</Fecha>
              <Procedencia>40</Procedencia>
              <Lectura>0000041983.00</Lectura>
            </LecturaHasta>
            <FechaHoraMaximetro>2018-02-14T23:59:00</FechaHoraMaximetro>
          </Integrador>
          <Integrador>
            <Magnitud>R1</Magnitud>
            <CodigoPeriodo>66</CodigoPeriodo>
            <ConstanteMultiplicadora>000001.000</ConstanteMultiplicadora>
            <NumeroRuedasEnteras>08</NumeroRuedasEnteras>
            <NumeroRuedasDecimales>00</NumeroRuedasDecimales>
            <ConsumoCalculado>+0000000000.00</ConsumoCalculado>
            <LecturaDesde>
              <Fecha>2018-01-15</Fecha>
              <Procedencia>20</Procedencia>
              <Lectura>0000026587.00</Lectura>
            </LecturaDesde>
            <LecturaHasta>
              <Fecha>2018-02-14</Fecha>
              <Procedencia>40</Procedencia>
              <Lectura>0000026587.00</Lectura>
            </LecturaHasta>
            <FechaHoraMaximetro>2018-02-14T23:59:00</FechaHoraMaximetro>
          </Integrador>
          <Integrador>
            <Magnitud>PM</Magnitud>
            <CodigoPeriodo>64</CodigoPeriodo>
            <ConstanteMultiplicadora>000001.000</ConstanteMultiplicadora>
            <NumeroRuedasEnteras>08</NumeroRuedasEnteras>
            <NumeroRuedasDecimales>00</NumeroRuedasDecimales>
            <ConsumoCalculado>+0000022950.00</ConsumoCalculado>
            <LecturaDesde>
              <Fecha>2018-01-15</Fecha>
              <Procedencia>20</Procedencia>
              <Lectura>0000000000.00</Lectura>
            </LecturaDesde>
            <LecturaHasta>
              <Fecha>2018-02-14</Fecha>
              <Procedencia>40</Procedencia>
              <Lectura>0000022950.00</Lectura>
            </LecturaHasta>
            <FechaHoraMaximetro>2018-02-14T23:59:00</FechaHoraMaximetro>
          </Integrador>
          <Integrador>
            <Magnitud>PM</Magnitud>
            <CodigoPeriodo>65</CodigoPeriodo>
            <ConstanteMultiplicadora>000001.000</ConstanteMultiplicadora>
            <NumeroRuedasEnteras>08</NumeroRuedasEnteras>
            <NumeroRuedasDecimales>00</NumeroRuedasDecimales>
            <ConsumoCalculado>+0000022950.00</ConsumoCalculado>
            <LecturaDesde>
              <Fecha>2018-01-15</Fecha>
              <Procedencia>20</Procedencia>
              <Lectura>0000000000.00</Lectura>
            </LecturaDesde>
            <LecturaHasta>
              <Fecha>2018-02-14</Fecha>
              <Procedencia>40</Procedencia>
              <Lectura>0000022950.00</Lectura>
            </LecturaHasta>
            <FechaHoraMaximetro>2018-02-14T23:59:00</FechaHoraMaximetro>
          </Integrador>
          <Integrador>
            <Magnitud>PM</Magnitud>
            <CodigoPeriodo>66</CodigoPeriodo>
            <ConstanteMultiplicadora>000001.000</ConstanteMultiplicadora>
            <NumeroRuedasEnteras>08</NumeroRuedasEnteras>
            <NumeroRuedasDecimales>00</NumeroRuedasDecimales>
            <ConsumoCalculado>+0000022950.00</ConsumoCalculado>
            <LecturaDesde>
              <Fecha>2018-01-15</Fecha>
              <Procedencia>20</Procedencia>
              <Lectura>0000000000.00</Lectura>
            </LecturaDesde>
            <LecturaHasta>
              <Fecha>2018-02-14</Fecha>
              <Procedencia>40</Procedencia>
              <Lectura>0000022950.00</Lectura>
            </LecturaHasta>
            <FechaHoraMaximetro>2018-02-14T23:59:00</FechaHoraMaximetro>
          </Integrador>
          <Integrador>
            <Magnitud>AE</Magnitud>
            <CodigoPeriodo>60</CodigoPeriodo>
            <ConstanteMultiplicadora>000001.000</ConstanteMultiplicadora>
            <NumeroRuedasEnteras>08</NumeroRuedasEnteras>
            <NumeroRuedasDecimales>00</NumeroRuedasDecimales>
            <ConsumoCalculado>+0000000810.00</ConsumoCalculado>
            <LecturaDesde>
              <Fecha>2018-01-15</Fecha>
              <Procedencia>20</Procedencia>
              <Lectura>0001472893.00</Lectura>
            </LecturaDesde>
            <LecturaHasta>
              <Fecha>2018-02-14</Fecha>
              <Procedencia>40</Procedencia>
              <Lectura>0001473703.00</Lectura>
            </LecturaHasta>
            <FechaHoraMaximetro>2018-02-14T23:59:00</FechaHoraMaximetro>
          </Integrador>
          <Integrador>
            <Magnitud>R1</Magnitud>
            <CodigoPeriodo>60</CodigoPeriodo>
            <ConstanteMultiplicadora>000001.000</ConstanteMultiplicadora>
            <NumeroRuedasEnteras>08</NumeroRuedasEnteras>
            <NumeroRuedasDecimales>00</NumeroRuedasDecimales>
            <ConsumoCalculado>+0000000000.00</ConsumoCalculado>
            <LecturaDesde>
              <Fecha>2018-01-15</Fecha>
              <Procedencia>20</Procedencia>
              <Lectura>0000279097.00</Lectura>
            </LecturaDesde>
            <LecturaHasta>
              <Fecha>2018-02-14</Fecha>
              <Procedencia>40</Procedencia>
              <Lectura>0000279097.00</Lectura>
            </LecturaHasta>
            <FechaHoraMaximetro>2018-02-14T23:59:00</FechaHoraMaximetro>
          </Integrador>
        </ModeloAparato>
      </Medidas>
    </FacturaATR>
    <RegistroFin>
      <ImporteTotal>+0000000000732.93</ImporteTotal>
      <SaldoTotalFacturacion>+0000000000000.00</SaldoTotalFacturacion>
      <TotalRecibos>00007</TotalRecibos>
      <TipoMoneda>02</TipoMoneda>
      <FechaValor>2018-02-18</FechaValor>
      <FechaLimitePago>2018-03-12</FechaLimitePago>
      <IdRemesa>00000000000000000002620486</IdRemesa>
    </RegistroFin>
  </Facturas>
  <OtrosDatosFactura>
    <SociedadMercantilEmisora>ENDESA DISTRIBUCION ELECTRICA SLU</SociedadMercantilEmisora>
    <SociedadMercantilDestino>SUNAIR ONE ENERGY, S.L.</SociedadMercantilDestino>
    <DireccionEmisora>AV VILANOVA</DireccionEmisora>
    <DireccionDestino>P.I.AGRO REUS C/ IGNASI I</DireccionDestino>
  </OtrosDatosFactura>
</MensajeFacturacion>