<?xml version="1.0" encoding="UTF-8"?><MensajeFacturacion xmlns="http://localhost/elegibilidad">
  <Cabecera>
    <CodigoREEEmpresaEmisora>0363</CodigoREEEmpresaEmisora>
    <CodigoREEEmpresaDestino>0815</CodigoREEEmpresaDestino>
    <CodigoDelProceso>F1</CodigoDelProceso>
    <CodigoDePaso>01</CodigoDePaso>
    <CodigoDeSolicitud>000002620486</CodigoDeSolicitud>
    <SecuencialDeSolicitud>00</SecuencialDeSolicitud>
    <FechaSolicitud>2018-02-18T12:32:29</FechaSolicitud>
    <CUPS>ES0031601182633001JD0F</CUPS>
  </Cabecera>
  <Facturas>
    <FacturaATR>
      <DatosGeneralesFacturaATR>
        <DireccionSuministro>
          <Pais>ESPAÑA</Pais>
          <Provincia>38</Provincia>
          <Municipio>000032</Municipio>
          <Poblacion>000000911</Poblacion>
          <TipoVia>UR</TipoVia>
          <CodPostal>38290</CodPostal>
          <Calle>COSTANERA (AV CANTABRICO, DEL)</Calle>
          <NumeroFinca>00070</NumeroFinca>
          <AclaradorFinca>VIVIENDA</AclaradorFinca>
        </DireccionSuministro>
        <Cliente>
          <TipoIdentificador>NI</TipoIdentificador>
          <Identificador>B55567986</Identificador>
        </Cliente>
        <CodContrato>000529410697</CodContrato>
        <DatosGeneralesFactura>
          <CodigoFiscalFactura>U4801N02093855</CodigoFiscalFactura>
          <TipoFactura>N</TipoFactura>
          <MotivoFacturacion>01</MotivoFacturacion>
          <Expediente>
            <NumeroExpediente>0000000000000000</NumeroExpediente>
            <CodigoSolicitud>000000000000</CodigoSolicitud>
          </Expediente>
          <FechaFactura>2018-02-18</FechaFactura>
          <IdentificadorEmisora>B82846817</IdentificadorEmisora>
          <Comentarios>2620486                                                                                             </Comentarios>
          <ImporteTotalFactura>+0000000058.49</ImporteTotalFactura>
          <TipoMoneda>02</TipoMoneda>
        </DatosGeneralesFactura>
        <DatosFacturaATR>
          <FechaBOE>2017-12-27</FechaBOE>
          <TarifaATRFact>004</TarifaATRFact>
          <ModoControlPotencia>1</ModoControlPotencia>
          <MarcaMedidaConPerdidas>N</MarcaMedidaConPerdidas>
          <IndicativoCurvaCarga>01</IndicativoCurvaCarga>
          <PeriodoCCH>
            <FechaDesdeCCH>2018-01-16</FechaDesdeCCH>
            <FechaHastaCCH>2018-02-15</FechaHastaCCH>
          </PeriodoCCH>
          <Periodo>
            <FechaDesdeFactura>2018-01-16</FechaDesdeFactura>
            <FechaHastaFactura>2018-02-15</FechaHastaFactura>
            <NumeroDias>030</NumeroDias>
          </Periodo>
        </DatosFacturaATR>
      </DatosGeneralesFacturaATR>
      <Potencia>
        <TerminoPotencia>
          <FechaDesde>2018-01-16</FechaDesde>
          <FechaHasta>2018-02-15</FechaHasta>
          <Periodo>
            <PotenciaContratada>00000000009200</PotenciaContratada>
            <PotenciaMaxDemandada>00000000009200</PotenciaMaxDemandada>
            <PotenciaAFacturar>00000000009200</PotenciaAFacturar>
            <PrecioPotencia>00000.104229000</PrecioPotencia>
          </Periodo>
          <Periodo>
            <PotenciaContratada>00000000000000</PotenciaContratada>
            <PotenciaMaxDemandada>00000000000000</PotenciaMaxDemandada>
            <PotenciaAFacturar>00000000000000</PotenciaAFacturar>
            <PrecioPotencia>00000.000000000</PrecioPotencia>
          </Periodo>
          <Periodo>
            <PotenciaContratada>00000000000000</PotenciaContratada>
            <PotenciaMaxDemandada>00000000000000</PotenciaMaxDemandada>
            <PotenciaAFacturar>00000000000000</PotenciaAFacturar>
            <PrecioPotencia>00000.000000000</PrecioPotencia>
          </Periodo>
          <Periodo>
            <PotenciaContratada>00000000000000</PotenciaContratada>
            <PotenciaMaxDemandada>00000000000000</PotenciaMaxDemandada>
            <PotenciaAFacturar>00000000000000</PotenciaAFacturar>
            <PrecioPotencia>00000.000000000</PrecioPotencia>
          </Periodo>
          <Periodo>
            <PotenciaContratada>00000000000000</PotenciaContratada>
            <PotenciaMaxDemandada>00000000000000</PotenciaMaxDemandada>
            <PotenciaAFacturar>00000000000000</PotenciaAFacturar>
            <PrecioPotencia>00000.000000000</PrecioPotencia>
          </Periodo>
          <Periodo>
            <PotenciaContratada>00000000000000</PotenciaContratada>
            <PotenciaMaxDemandada>00000000000000</PotenciaMaxDemandada>
            <PotenciaAFacturar>00000000000000</PotenciaAFacturar>
            <PrecioPotencia>00000.000000000</PrecioPotencia>
          </Periodo>
        </TerminoPotencia>
        <PenalizacionNoICP>N</PenalizacionNoICP>
        <ImporteTotalTerminoPotencia>+0000000028.77</ImporteTotalTerminoPotencia>
      </Potencia>
      <EnergiaActiva>
        <TerminoEnergiaActiva>
          <FechaDesde>2018-01-16</FechaDesde>
          <FechaHasta>2018-02-15</FechaHasta>
          <Periodo>
            <ValorEnergiaActiva>+00000000420.00</ValorEnergiaActiva>
            <PrecioEnergia>00000.062012000</PrecioEnergia>
          </Periodo>
          <Periodo>
            <ValorEnergiaActiva>+00000000509.00</ValorEnergiaActiva>
            <PrecioEnergia>00000.002215000</PrecioEnergia>
          </Periodo>
          <Periodo>
            <ValorEnergiaActiva>+00000000000.00</ValorEnergiaActiva>
            <PrecioEnergia>00000.000000000</PrecioEnergia>
          </Periodo>
          <Periodo>
            <ValorEnergiaActiva>+00000000000.00</ValorEnergiaActiva>
            <PrecioEnergia>00000.000000000</PrecioEnergia>
          </Periodo>
          <Periodo>
            <ValorEnergiaActiva>+00000000000.00</ValorEnergiaActiva>
            <PrecioEnergia>00000.000000000</PrecioEnergia>
          </Periodo>
          <Periodo>
            <ValorEnergiaActiva>+00000000000.00</ValorEnergiaActiva>
            <PrecioEnergia>00000.000000000</PrecioEnergia>
          </Periodo>
        </TerminoEnergiaActiva>
        <ImporteTotalEnergiaActiva>+0000000027.18</ImporteTotalEnergiaActiva>
      </EnergiaActiva>
      <ImpuestoElectrico>
        <BaseImponible>+0000000000.00</BaseImponible>
        <Porcentaje>00000.00000000</Porcentaje>
        <Importe>+0000000000.00</Importe>
      </ImpuestoElectrico>
      <Alquileres>
        <PrecioDiarioAlquiler>
          <PrecioDia>00000.026630000</PrecioDia>
          <NumeroDias>030</NumeroDias>
        </PrecioDiarioAlquiler>
        <ImporteFacturacionAlquileres>+0000000000.80</ImporteFacturacionAlquileres>
      </Alquileres>
      <IVA>
        <BaseImponible>+0000000000.80</BaseImponible>
        <Porcentaje>0007.00</Porcentaje>
        <Importe>+0000000000.06</Importe>
      </IVA>
      <IVAReducido>
        <BaseImponible>+0000000055.95</BaseImponible>
        <Porcentaje>0003.00</Porcentaje>
        <Importe>+0000000001.68</Importe>
      </IVAReducido>
      <Medidas>
        <CodPM>ES0031601182633001JD2P</CodPM>
        <ModeloAparato>
          <TipoAparato>TG</TipoAparato>
          <MarcaAparato>199</MarcaAparato>
          <NumeroSerie>303608920</NumeroSerie>
          <TipoDHEdM>2</TipoDHEdM>
          <Integrador>
            <Magnitud>AE</Magnitud>
            <CodigoPeriodo>22</CodigoPeriodo>
            <ConstanteMultiplicadora>000001.000</ConstanteMultiplicadora>
            <NumeroRuedasEnteras>06</NumeroRuedasEnteras>
            <NumeroRuedasDecimales>00</NumeroRuedasDecimales>
            <ConsumoCalculado>+0000000509.00</ConsumoCalculado>
            <LecturaDesde>
              <Fecha>2018-01-16</Fecha>
              <Procedencia>60</Procedencia>
              <Lectura>0000012471.00</Lectura>
            </LecturaDesde>
            <LecturaHasta>
              <Fecha>2018-02-15</Fecha>
              <Procedencia>60</Procedencia>
              <Lectura>0000012980.00</Lectura>
            </LecturaHasta>
          </Integrador>
          <Integrador>
            <Magnitud>AE</Magnitud>
            <CodigoPeriodo>21</CodigoPeriodo>
            <ConstanteMultiplicadora>000001.000</ConstanteMultiplicadora>
            <NumeroRuedasEnteras>06</NumeroRuedasEnteras>
            <NumeroRuedasDecimales>00</NumeroRuedasDecimales>
            <ConsumoCalculado>+0000000420.00</ConsumoCalculado>
            <LecturaDesde>
              <Fecha>2018-01-16</Fecha>
              <Procedencia>60</Procedencia>
              <Lectura>0000010438.00</Lectura>
            </LecturaDesde>
            <LecturaHasta>
              <Fecha>2018-02-15</Fecha>
              <Procedencia>60</Procedencia>
              <Lectura>0000010858.00</Lectura>
            </LecturaHasta>
          </Integrador>
        </ModeloAparato>
      </Medidas>
    </FacturaATR>
    <RegistroFin>
      <ImporteTotal>+0000000000732.93</ImporteTotal>
      <SaldoTotalFacturacion>+0000000000000.00</SaldoTotalFacturacion>
      <TotalRecibos>00007</TotalRecibos>
      <TipoMoneda>02</TipoMoneda>
      <FechaValor>2018-02-18</FechaValor>
      <FechaLimitePago>2018-03-12</FechaLimitePago>
      <IdRemesa>00000000000000000002620486</IdRemesa>
    </RegistroFin>
  </Facturas>
  <OtrosDatosFactura>
    <SociedadMercantilEmisora>ENDESA DISTRIBUCION ELECTRICA SLU</SociedadMercantilEmisora>
    <SociedadMercantilDestino>SUNAIR ONE ENERGY, S.L.</SociedadMercantilDestino>
    <DireccionEmisora>AV VILANOVA</DireccionEmisora>
    <DireccionDestino>P.I.AGRO REUS C/ IGNASI I</DireccionDestino>
  </OtrosDatosFactura>
</MensajeFacturacion>