<?xml version="1.0" encoding="UTF-8"?><MensajeFacturacion xmlns="http://localhost/elegibilidad">
  <Cabecera>
    <CodigoREEEmpresaEmisora>0024</CodigoREEEmpresaEmisora>
    <CodigoREEEmpresaDestino>0815</CodigoREEEmpresaDestino>
    <CodigoDelProceso>F1</CodigoDelProceso>
    <CodigoDePaso>01</CodigoDePaso>
    <CodigoDeSolicitud>000002516470</CodigoDeSolicitud>
    <SecuencialDeSolicitud>00</SecuencialDeSolicitud>
    <FechaSolicitud>2018-02-16T01:50:57</FechaSolicitud>
    <CUPS>ES0031405277483001GT0F</CUPS>
  </Cabecera>
  <Facturas>
    <FacturaATR>
      <DatosGeneralesFacturaATR>
        <DireccionSuministro>
          <Pais>ESPAÑA</Pais>
          <Provincia>08</Provincia>
          <Municipio>000187</Municipio>
          <Poblacion>000000284</Poblacion>
          <TipoVia>CL</TipoVia>
          <CodPostal>08206</CodPostal>
          <Calle>ABAT ESCARRE</Calle>
          <NumeroFinca>00009</NumeroFinca>
          <Piso>LO</Piso>
          <Puerta>002</Puerta>
        </DireccionSuministro>
        <Cliente>
          <TipoIdentificador>NI</TipoIdentificador>
          <Identificador>B55567986</Identificador>
        </Cliente>
        <CodContrato>500000634175</CodContrato>
        <DatosGeneralesFactura>
          <CodigoFiscalFactura>F1801N05409902</CodigoFiscalFactura>
          <TipoFactura>N</TipoFactura>
          <MotivoFacturacion>01</MotivoFacturacion>
          <Expediente>
            <NumeroExpediente>0000000000000000</NumeroExpediente>
            <CodigoSolicitud>000000000000</CodigoSolicitud>
          </Expediente>
          <FechaFactura>2018-02-16</FechaFactura>
          <IdentificadorEmisora>B82846817</IdentificadorEmisora>
          <Comentarios>2516470                                                                                             </Comentarios>
          <ImporteTotalFactura>+0000000616.13</ImporteTotalFactura>
          <TipoMoneda>02</TipoMoneda>
        </DatosGeneralesFactura>
        <DatosFacturaATR>
          <FechaBOE>2017-12-27</FechaBOE>
          <TarifaATRFact>003</TarifaATRFact>
          <ModoControlPotencia>2</ModoControlPotencia>
          <MarcaMedidaConPerdidas>N</MarcaMedidaConPerdidas>
          <IndicativoCurvaCarga>02</IndicativoCurvaCarga>
          <Periodo>
            <FechaDesdeFactura>2018-01-11</FechaDesdeFactura>
            <FechaHastaFactura>2018-02-10</FechaHastaFactura>
            <NumeroDias>030</NumeroDias>
          </Periodo>
        </DatosFacturaATR>
      </DatosGeneralesFacturaATR>
      <Potencia>
        <TerminoPotencia>
          <FechaDesde>2018-01-11</FechaDesde>
          <FechaHasta>2018-02-10</FechaHasta>
          <Periodo>
            <PotenciaContratada>00000000040000</PotenciaContratada>
            <PotenciaMaxDemandada>00000000041000</PotenciaMaxDemandada>
            <PotenciaAFacturar>00000000041000</PotenciaAFacturar>
            <PrecioPotencia>00000.111585986</PrecioPotencia>
          </Periodo>
          <Periodo>
            <PotenciaContratada>00000000040000</PotenciaContratada>
            <PotenciaMaxDemandada>00000000041000</PotenciaMaxDemandada>
            <PotenciaAFacturar>00000000041000</PotenciaAFacturar>
            <PrecioPotencia>00000.066951589</PrecioPotencia>
          </Periodo>
          <Periodo>
            <PotenciaContratada>00000000040000</PotenciaContratada>
            <PotenciaMaxDemandada>00000000023000</PotenciaMaxDemandada>
            <PotenciaAFacturar>00000000034000</PotenciaAFacturar>
            <PrecioPotencia>00000.044634397</PrecioPotencia>
          </Periodo>
          <Periodo>
            <PotenciaContratada>00000000000000</PotenciaContratada>
            <PotenciaMaxDemandada>00000000000000</PotenciaMaxDemandada>
            <PotenciaAFacturar>00000000000000</PotenciaAFacturar>
            <PrecioPotencia>00000.000000000</PrecioPotencia>
          </Periodo>
          <Periodo>
            <PotenciaContratada>00000000000000</PotenciaContratada>
            <PotenciaMaxDemandada>00000000000000</PotenciaMaxDemandada>
            <PotenciaAFacturar>00000000000000</PotenciaAFacturar>
            <PrecioPotencia>00000.000000000</PrecioPotencia>
          </Periodo>
          <Periodo>
            <PotenciaContratada>00000000000000</PotenciaContratada>
            <PotenciaMaxDemandada>00000000000000</PotenciaMaxDemandada>
            <PotenciaAFacturar>00000000000000</PotenciaAFacturar>
            <PrecioPotencia>00000.000000000</PrecioPotencia>
          </Periodo>
        </TerminoPotencia>
        <PenalizacionNoICP>N</PenalizacionNoICP>
        <ImporteTotalTerminoPotencia>+0000000265.13</ImporteTotalTerminoPotencia>
      </Potencia>
      <EnergiaActiva>
        <TerminoEnergiaActiva>
          <FechaDesde>2018-01-11</FechaDesde>
          <FechaHasta>2018-02-10</FechaHasta>
          <Periodo>
            <ValorEnergiaActiva>+00000003237.00</ValorEnergiaActiva>
            <PrecioEnergia>00000.018762000</PrecioEnergia>
          </Periodo>
          <Periodo>
            <ValorEnergiaActiva>+00000008386.00</ValorEnergiaActiva>
            <PrecioEnergia>00000.012575000</PrecioEnergia>
          </Periodo>
          <Periodo>
            <ValorEnergiaActiva>+00000003391.00</ValorEnergiaActiva>
            <PrecioEnergia>00000.004670000</PrecioEnergia>
          </Periodo>
          <Periodo>
            <ValorEnergiaActiva>+00000000000.00</ValorEnergiaActiva>
            <PrecioEnergia>00000.000000000</PrecioEnergia>
          </Periodo>
          <Periodo>
            <ValorEnergiaActiva>+00000000000.00</ValorEnergiaActiva>
            <PrecioEnergia>00000.000000000</PrecioEnergia>
          </Periodo>
          <Periodo>
            <ValorEnergiaActiva>+00000000000.00</ValorEnergiaActiva>
            <PrecioEnergia>00000.000000000</PrecioEnergia>
          </Periodo>
        </TerminoEnergiaActiva>
        <ImporteTotalEnergiaActiva>+0000000182.02</ImporteTotalEnergiaActiva>
      </EnergiaActiva>
      <EnergiaReactiva>
        <TerminoEnergiaReactiva>
          <FechaDesde>2018-01-11</FechaDesde>
          <FechaHasta>2018-02-10</FechaHasta>
          <Periodo>
            <ValorEnergiaReactiva>+00000000434.00</ValorEnergiaReactiva>
            <PrecioEnergiaReactiva>00000.041554000</PrecioEnergiaReactiva>
          </Periodo>
          <Periodo>
            <ValorEnergiaReactiva>+00000000803.00</ValorEnergiaReactiva>
            <PrecioEnergiaReactiva>00000.041554000</PrecioEnergiaReactiva>
          </Periodo>
          <Periodo>
            <ValorEnergiaReactiva>+00000000000.00</ValorEnergiaReactiva>
            <PrecioEnergiaReactiva>00000000000000</PrecioEnergiaReactiva>
          </Periodo>
          <Periodo>
            <ValorEnergiaReactiva>+00000000000.00</ValorEnergiaReactiva>
            <PrecioEnergiaReactiva>00000000000000</PrecioEnergiaReactiva>
          </Periodo>
          <Periodo>
            <ValorEnergiaReactiva>+00000000000.00</ValorEnergiaReactiva>
            <PrecioEnergiaReactiva>00000000000000</PrecioEnergiaReactiva>
          </Periodo>
          <Periodo>
            <ValorEnergiaReactiva>+00000000000.00</ValorEnergiaReactiva>
            <PrecioEnergiaReactiva>00000000000000</PrecioEnergiaReactiva>
          </Periodo>
        </TerminoEnergiaReactiva>
        <ImporteTotalEnergiaReactiva>+0000000051.40</ImporteTotalEnergiaReactiva>
      </EnergiaReactiva>
      <ImpuestoElectrico>
        <BaseImponible>+0000000000.00</BaseImponible>
        <Porcentaje>00000.00000000</Porcentaje>
        <Importe>+0000000000.00</Importe>
      </ImpuestoElectrico>
      <Alquileres>
        <PrecioDiarioAlquiler>
          <PrecioDia>00000.355068000</PrecioDia>
          <NumeroDias>030</NumeroDias>
        </PrecioDiarioAlquiler>
        <ImporteFacturacionAlquileres>+0000000010.65</ImporteFacturacionAlquileres>
      </Alquileres>
      <IVA>
        <BaseImponible>+0000000509.20</BaseImponible>
        <Porcentaje>0021.00</Porcentaje>
        <Importe>+0000000106.93</Importe>
      </IVA>
      <Medidas>
        <CodPM>ES0031405277483001GT1P</CodPM>
        <ModeloAparato>
          <TipoAparato>CA</TipoAparato>
          <MarcaAparato>132</MarcaAparato>
          <NumeroSerie>002517553</NumeroSerie>
          <TipoDHEdM>6</TipoDHEdM>
          <Integrador>
            <Magnitud>AE</Magnitud>
            <CodigoPeriodo>62</CodigoPeriodo>
            <ConstanteMultiplicadora>000001.000</ConstanteMultiplicadora>
            <NumeroRuedasEnteras>07</NumeroRuedasEnteras>
            <NumeroRuedasDecimales>00</NumeroRuedasDecimales>
            <ConsumoCalculado>+0000006340.00</ConsumoCalculado>
            <LecturaDesde>
              <Fecha>2018-01-11</Fecha>
              <Procedencia>50</Procedencia>
              <Lectura>0000698951.00</Lectura>
            </LecturaDesde>
            <LecturaHasta>
              <Fecha>2018-02-10</Fecha>
              <Procedencia>50</Procedencia>
              <Lectura>0000705291.00</Lectura>
            </LecturaHasta>
            <FechaHoraMaximetro>2018-02-10T00:00:00</FechaHoraMaximetro>
          </Integrador>
          <Integrador>
            <Magnitud>AE</Magnitud>
            <CodigoPeriodo>63</CodigoPeriodo>
            <ConstanteMultiplicadora>000001.000</ConstanteMultiplicadora>
            <NumeroRuedasEnteras>07</NumeroRuedasEnteras>
            <NumeroRuedasDecimales>00</NumeroRuedasDecimales>
            <ConsumoCalculado>+0000002375.00</ConsumoCalculado>
            <LecturaDesde>
              <Fecha>2018-01-11</Fecha>
              <Procedencia>50</Procedencia>
              <Lectura>0000197073.00</Lectura>
            </LecturaDesde>
            <LecturaHasta>
              <Fecha>2018-02-10</Fecha>
              <Procedencia>50</Procedencia>
              <Lectura>0000199448.00</Lectura>
            </LecturaHasta>
            <FechaHoraMaximetro>2018-02-10T00:00:00</FechaHoraMaximetro>
          </Integrador>
          <Integrador>
            <Magnitud>AE</Magnitud>
            <CodigoPeriodo>61</CodigoPeriodo>
            <ConstanteMultiplicadora>000001.000</ConstanteMultiplicadora>
            <NumeroRuedasEnteras>07</NumeroRuedasEnteras>
            <NumeroRuedasDecimales>00</NumeroRuedasDecimales>
            <ConsumoCalculado>+0000002618.00</ConsumoCalculado>
            <LecturaDesde>
              <Fecha>2018-01-11</Fecha>
              <Procedencia>50</Procedencia>
              <Lectura>0000269545.00</Lectura>
            </LecturaDesde>
            <LecturaHasta>
              <Fecha>2018-02-10</Fecha>
              <Procedencia>50</Procedencia>
              <Lectura>0000272163.00</Lectura>
            </LecturaHasta>
            <FechaHoraMaximetro>2018-02-10T00:00:00</FechaHoraMaximetro>
          </Integrador>
          <Integrador>
            <Magnitud>R1</Magnitud>
            <CodigoPeriodo>62</CodigoPeriodo>
            <ConstanteMultiplicadora>000001.000</ConstanteMultiplicadora>
            <NumeroRuedasEnteras>07</NumeroRuedasEnteras>
            <NumeroRuedasDecimales>00</NumeroRuedasDecimales>
            <ConsumoCalculado>+0000002670.00</ConsumoCalculado>
            <LecturaDesde>
              <Fecha>2018-01-11</Fecha>
              <Procedencia>50</Procedencia>
              <Lectura>0000319937.00</Lectura>
            </LecturaDesde>
            <LecturaHasta>
              <Fecha>2018-02-10</Fecha>
              <Procedencia>50</Procedencia>
              <Lectura>0000322607.00</Lectura>
            </LecturaHasta>
            <FechaHoraMaximetro>2018-02-10T00:00:00</FechaHoraMaximetro>
          </Integrador>
          <Integrador>
            <Magnitud>R1</Magnitud>
            <CodigoPeriodo>63</CodigoPeriodo>
            <ConstanteMultiplicadora>000001.000</ConstanteMultiplicadora>
            <NumeroRuedasEnteras>07</NumeroRuedasEnteras>
            <NumeroRuedasDecimales>00</NumeroRuedasDecimales>
            <ConsumoCalculado>+0000000000.00</ConsumoCalculado>
            <LecturaDesde>
              <Fecha>2018-01-11</Fecha>
              <Procedencia>50</Procedencia>
              <Lectura>0000134214.00</Lectura>
            </LecturaDesde>
            <LecturaHasta>
              <Fecha>2018-02-10</Fecha>
              <Procedencia>50</Procedencia>
              <Lectura>0000134214.00</Lectura>
            </LecturaHasta>
            <FechaHoraMaximetro>2018-02-10T00:00:00</FechaHoraMaximetro>
          </Integrador>
          <Integrador>
            <Magnitud>R1</Magnitud>
            <CodigoPeriodo>61</CodigoPeriodo>
            <ConstanteMultiplicadora>000001.000</ConstanteMultiplicadora>
            <NumeroRuedasEnteras>07</NumeroRuedasEnteras>
            <NumeroRuedasDecimales>00</NumeroRuedasDecimales>
            <ConsumoCalculado>+0000001151.00</ConsumoCalculado>
            <LecturaDesde>
              <Fecha>2018-01-11</Fecha>
              <Procedencia>50</Procedencia>
              <Lectura>0000118242.00</Lectura>
            </LecturaDesde>
            <LecturaHasta>
              <Fecha>2018-02-10</Fecha>
              <Procedencia>50</Procedencia>
              <Lectura>0000119393.00</Lectura>
            </LecturaHasta>
            <FechaHoraMaximetro>2018-02-10T00:00:00</FechaHoraMaximetro>
          </Integrador>
          <Integrador>
            <Magnitud>PM</Magnitud>
            <CodigoPeriodo>62</CodigoPeriodo>
            <ConstanteMultiplicadora>000001.000</ConstanteMultiplicadora>
            <NumeroRuedasEnteras>07</NumeroRuedasEnteras>
            <NumeroRuedasDecimales>00</NumeroRuedasDecimales>
            <ConsumoCalculado>+0000040000.00</ConsumoCalculado>
            <LecturaDesde>
              <Fecha>2018-01-11</Fecha>
              <Procedencia>50</Procedencia>
              <Lectura>0000000000.00</Lectura>
            </LecturaDesde>
            <LecturaHasta>
              <Fecha>2018-02-10</Fecha>
              <Procedencia>50</Procedencia>
              <Lectura>0000040000.00</Lectura>
            </LecturaHasta>
            <FechaHoraMaximetro>2018-02-10T00:00:00</FechaHoraMaximetro>
          </Integrador>
          <Integrador>
            <Magnitud>PM</Magnitud>
            <CodigoPeriodo>63</CodigoPeriodo>
            <ConstanteMultiplicadora>000001.000</ConstanteMultiplicadora>
            <NumeroRuedasEnteras>07</NumeroRuedasEnteras>
            <NumeroRuedasDecimales>00</NumeroRuedasDecimales>
            <ConsumoCalculado>+0000021000.00</ConsumoCalculado>
            <LecturaDesde>
              <Fecha>2018-01-11</Fecha>
              <Procedencia>50</Procedencia>
              <Lectura>0000000000.00</Lectura>
            </LecturaDesde>
            <LecturaHasta>
              <Fecha>2018-02-10</Fecha>
              <Procedencia>50</Procedencia>
              <Lectura>0000021000.00</Lectura>
            </LecturaHasta>
            <FechaHoraMaximetro>2018-02-10T00:00:00</FechaHoraMaximetro>
          </Integrador>
          <Integrador>
            <Magnitud>PM</Magnitud>
            <CodigoPeriodo>61</CodigoPeriodo>
            <ConstanteMultiplicadora>000001.000</ConstanteMultiplicadora>
            <NumeroRuedasEnteras>07</NumeroRuedasEnteras>
            <NumeroRuedasDecimales>00</NumeroRuedasDecimales>
            <ConsumoCalculado>+0000041000.00</ConsumoCalculado>
            <LecturaDesde>
              <Fecha>2018-01-11</Fecha>
              <Procedencia>50</Procedencia>
              <Lectura>0000000000.00</Lectura>
            </LecturaDesde>
            <LecturaHasta>
              <Fecha>2018-02-10</Fecha>
              <Procedencia>50</Procedencia>
              <Lectura>0000041000.00</Lectura>
            </LecturaHasta>
            <FechaHoraMaximetro>2018-02-10T00:00:00</FechaHoraMaximetro>
          </Integrador>
          <Integrador>
            <Magnitud>AE</Magnitud>
            <CodigoPeriodo>64</CodigoPeriodo>
            <ConstanteMultiplicadora>000001.000</ConstanteMultiplicadora>
            <NumeroRuedasEnteras>07</NumeroRuedasEnteras>
            <NumeroRuedasDecimales>00</NumeroRuedasDecimales>
            <ConsumoCalculado>+0000000619.00</ConsumoCalculado>
            <LecturaDesde>
              <Fecha>2018-01-11</Fecha>
              <Procedencia>50</Procedencia>
              <Lectura>0000082362.00</Lectura>
            </LecturaDesde>
            <LecturaHasta>
              <Fecha>2018-02-10</Fecha>
              <Procedencia>50</Procedencia>
              <Lectura>0000082981.00</Lectura>
            </LecturaHasta>
            <FechaHoraMaximetro>2018-02-10T00:00:00</FechaHoraMaximetro>
          </Integrador>
          <Integrador>
            <Magnitud>AE</Magnitud>
            <CodigoPeriodo>65</CodigoPeriodo>
            <ConstanteMultiplicadora>000001.000</ConstanteMultiplicadora>
            <NumeroRuedasEnteras>07</NumeroRuedasEnteras>
            <NumeroRuedasDecimales>00</NumeroRuedasDecimales>
            <ConsumoCalculado>+0000002046.00</ConsumoCalculado>
            <LecturaDesde>
              <Fecha>2018-01-11</Fecha>
              <Procedencia>50</Procedencia>
              <Lectura>0000219859.00</Lectura>
            </LecturaDesde>
            <LecturaHasta>
              <Fecha>2018-02-10</Fecha>
              <Procedencia>50</Procedencia>
              <Lectura>0000221905.00</Lectura>
            </LecturaHasta>
            <FechaHoraMaximetro>2018-02-10T00:00:00</FechaHoraMaximetro>
          </Integrador>
          <Integrador>
            <Magnitud>AE</Magnitud>
            <CodigoPeriodo>66</CodigoPeriodo>
            <ConstanteMultiplicadora>000001.000</ConstanteMultiplicadora>
            <NumeroRuedasEnteras>07</NumeroRuedasEnteras>
            <NumeroRuedasDecimales>00</NumeroRuedasDecimales>
            <ConsumoCalculado>+0000001016.00</ConsumoCalculado>
            <LecturaDesde>
              <Fecha>2018-01-11</Fecha>
              <Procedencia>50</Procedencia>
              <Lectura>0000085653.00</Lectura>
            </LecturaDesde>
            <LecturaHasta>
              <Fecha>2018-02-10</Fecha>
              <Procedencia>50</Procedencia>
              <Lectura>0000086669.00</Lectura>
            </LecturaHasta>
            <FechaHoraMaximetro>2018-02-10T00:00:00</FechaHoraMaximetro>
          </Integrador>
          <Integrador>
            <Magnitud>R1</Magnitud>
            <CodigoPeriodo>64</CodigoPeriodo>
            <ConstanteMultiplicadora>000001.000</ConstanteMultiplicadora>
            <NumeroRuedasEnteras>07</NumeroRuedasEnteras>
            <NumeroRuedasDecimales>00</NumeroRuedasDecimales>
            <ConsumoCalculado>+0000000351.00</ConsumoCalculado>
            <LecturaDesde>
              <Fecha>2018-01-11</Fecha>
              <Procedencia>50</Procedencia>
              <Lectura>0000043190.00</Lectura>
            </LecturaDesde>
            <LecturaHasta>
              <Fecha>2018-02-10</Fecha>
              <Procedencia>50</Procedencia>
              <Lectura>0000043541.00</Lectura>
            </LecturaHasta>
            <FechaHoraMaximetro>2018-02-10T00:00:00</FechaHoraMaximetro>
          </Integrador>
          <Integrador>
            <Magnitud>R1</Magnitud>
            <CodigoPeriodo>65</CodigoPeriodo>
            <ConstanteMultiplicadora>000001.000</ConstanteMultiplicadora>
            <NumeroRuedasEnteras>07</NumeroRuedasEnteras>
            <NumeroRuedasDecimales>00</NumeroRuedasDecimales>
            <ConsumoCalculado>+0000000900.00</ConsumoCalculado>
            <LecturaDesde>
              <Fecha>2018-01-11</Fecha>
              <Procedencia>50</Procedencia>
              <Lectura>0000119004.00</Lectura>
            </LecturaDesde>
            <LecturaHasta>
              <Fecha>2018-02-10</Fecha>
              <Procedencia>50</Procedencia>
              <Lectura>0000119904.00</Lectura>
            </LecturaHasta>
            <FechaHoraMaximetro>2018-02-10T00:00:00</FechaHoraMaximetro>
          </Integrador>
          <Integrador>
            <Magnitud>R1</Magnitud>
            <CodigoPeriodo>66</CodigoPeriodo>
            <ConstanteMultiplicadora>000001.000</ConstanteMultiplicadora>
            <NumeroRuedasEnteras>07</NumeroRuedasEnteras>
            <NumeroRuedasDecimales>00</NumeroRuedasDecimales>
            <ConsumoCalculado>+0000000435.00</ConsumoCalculado>
            <LecturaDesde>
              <Fecha>2018-01-11</Fecha>
              <Procedencia>50</Procedencia>
              <Lectura>0000057665.00</Lectura>
            </LecturaDesde>
            <LecturaHasta>
              <Fecha>2018-02-10</Fecha>
              <Procedencia>50</Procedencia>
              <Lectura>0000058100.00</Lectura>
            </LecturaHasta>
            <FechaHoraMaximetro>2018-02-10T00:00:00</FechaHoraMaximetro>
          </Integrador>
          <Integrador>
            <Magnitud>PM</Magnitud>
            <CodigoPeriodo>64</CodigoPeriodo>
            <ConstanteMultiplicadora>000001.000</ConstanteMultiplicadora>
            <NumeroRuedasEnteras>07</NumeroRuedasEnteras>
            <NumeroRuedasDecimales>00</NumeroRuedasDecimales>
            <ConsumoCalculado>+0000040000.00</ConsumoCalculado>
            <LecturaDesde>
              <Fecha>2018-01-11</Fecha>
              <Procedencia>50</Procedencia>
              <Lectura>0000000000.00</Lectura>
            </LecturaDesde>
            <LecturaHasta>
              <Fecha>2018-02-10</Fecha>
              <Procedencia>50</Procedencia>
              <Lectura>0000040000.00</Lectura>
            </LecturaHasta>
            <FechaHoraMaximetro>2018-02-10T00:00:00</FechaHoraMaximetro>
          </Integrador>
          <Integrador>
            <Magnitud>PM</Magnitud>
            <CodigoPeriodo>65</CodigoPeriodo>
            <ConstanteMultiplicadora>000001.000</ConstanteMultiplicadora>
            <NumeroRuedasEnteras>07</NumeroRuedasEnteras>
            <NumeroRuedasDecimales>00</NumeroRuedasDecimales>
            <ConsumoCalculado>+0000041000.00</ConsumoCalculado>
            <LecturaDesde>
              <Fecha>2018-01-11</Fecha>
              <Procedencia>50</Procedencia>
              <Lectura>0000000000.00</Lectura>
            </LecturaDesde>
            <LecturaHasta>
              <Fecha>2018-02-10</Fecha>
              <Procedencia>50</Procedencia>
              <Lectura>0000041000.00</Lectura>
            </LecturaHasta>
            <FechaHoraMaximetro>2018-02-10T00:00:00</FechaHoraMaximetro>
          </Integrador>
          <Integrador>
            <Magnitud>PM</Magnitud>
            <CodigoPeriodo>66</CodigoPeriodo>
            <ConstanteMultiplicadora>000001.000</ConstanteMultiplicadora>
            <NumeroRuedasEnteras>07</NumeroRuedasEnteras>
            <NumeroRuedasDecimales>00</NumeroRuedasDecimales>
            <ConsumoCalculado>+0000023000.00</ConsumoCalculado>
            <LecturaDesde>
              <Fecha>2018-01-11</Fecha>
              <Procedencia>50</Procedencia>
              <Lectura>0000000000.00</Lectura>
            </LecturaDesde>
            <LecturaHasta>
              <Fecha>2018-02-10</Fecha>
              <Procedencia>50</Procedencia>
              <Lectura>0000023000.00</Lectura>
            </LecturaHasta>
            <FechaHoraMaximetro>2018-02-10T00:00:00</FechaHoraMaximetro>
          </Integrador>
          <Integrador>
            <Magnitud>AE</Magnitud>
            <CodigoPeriodo>60</CodigoPeriodo>
            <ConstanteMultiplicadora>000001.000</ConstanteMultiplicadora>
            <NumeroRuedasEnteras>07</NumeroRuedasEnteras>
            <NumeroRuedasDecimales>00</NumeroRuedasDecimales>
            <ConsumoCalculado>+0000015014.00</ConsumoCalculado>
            <LecturaDesde>
              <Fecha>2018-01-11</Fecha>
              <Procedencia>50</Procedencia>
              <Lectura>0001553445.00</Lectura>
            </LecturaDesde>
            <LecturaHasta>
              <Fecha>2018-02-10</Fecha>
              <Procedencia>50</Procedencia>
              <Lectura>0001568459.00</Lectura>
            </LecturaHasta>
            <FechaHoraMaximetro>2018-02-10T00:00:00</FechaHoraMaximetro>
          </Integrador>
          <Integrador>
            <Magnitud>R1</Magnitud>
            <CodigoPeriodo>60</CodigoPeriodo>
            <ConstanteMultiplicadora>000001.000</ConstanteMultiplicadora>
            <NumeroRuedasEnteras>07</NumeroRuedasEnteras>
            <NumeroRuedasDecimales>00</NumeroRuedasDecimales>
            <ConsumoCalculado>+0000005507.00</ConsumoCalculado>
            <LecturaDesde>
              <Fecha>2018-01-11</Fecha>
              <Procedencia>50</Procedencia>
              <Lectura>0000792252.00</Lectura>
            </LecturaDesde>
            <LecturaHasta>
              <Fecha>2018-02-10</Fecha>
              <Procedencia>50</Procedencia>
              <Lectura>0000797759.00</Lectura>
            </LecturaHasta>
            <FechaHoraMaximetro>2018-02-10T00:00:00</FechaHoraMaximetro>
          </Integrador>
        </ModeloAparato>
      </Medidas>
    </FacturaATR>
    <RegistroFin>
      <ImporteTotal>+0000000006069.04</ImporteTotal>
      <SaldoTotalFacturacion>+0000000000000.00</SaldoTotalFacturacion>
      <TotalRecibos>00018</TotalRecibos>
      <TipoMoneda>02</TipoMoneda>
      <FechaValor>2018-02-16</FechaValor>
      <FechaLimitePago>2018-03-08</FechaLimitePago>
      <IdRemesa>00000000000000000002516470</IdRemesa>
    </RegistroFin>
  </Facturas>
  <OtrosDatosFactura>
    <SociedadMercantilEmisora>ENDESA DISTRIBUCION ELECTRICA S.L *</SociedadMercantilEmisora>
    <SociedadMercantilDestino>SUNAIR ONE ENERGY, S.L.</SociedadMercantilDestino>
    <DireccionEmisora>AV VILANOVA</DireccionEmisora>
    <DireccionDestino>ANTONI RUBIO 46, LOC, ALMACEN, REUS, 43206, TARRAGONA</DireccionDestino>
  </OtrosDatosFactura>
</MensajeFacturacion>