<?xml version="1.0" encoding="UTF-8"?><MensajeFacturacion xmlns="http://localhost/elegibilidad">
  <Cabecera>
    <CodigoREEEmpresaEmisora>0023</CodigoREEEmpresaEmisora>
    <CodigoREEEmpresaDestino>0815</CodigoREEEmpresaDestino>
    <CodigoDelProceso>F1</CodigoDelProceso>
    <CodigoDePaso>01</CodigoDePaso>
    <CodigoDeSolicitud>000007650607</CodigoDeSolicitud>
    <SecuencialDeSolicitud>00</SecuencialDeSolicitud>
    <FechaSolicitud>2018-02-16T23:52:59</FechaSolicitud>
    <CUPS>ES0031103554622001ZA0F</CUPS>
  </Cabecera>
  <Facturas>
    <FacturaATR>
      <DatosGeneralesFacturaATR>
        <DireccionSuministro>
          <Pais>ESPAÑA</Pais>
          <Provincia>29</Provincia>
          <Municipio>000067</Municipio>
          <Poblacion>000001397</Poblacion>
          <TipoVia>CL</TipoVia>
          <CodPostal>29004</CodPostal>
          <Calle>TUCIDIDES</Calle>
          <NumeroFinca>00018</NumeroFinca>
        </DireccionSuministro>
        <Cliente>
          <TipoIdentificador>NI</TipoIdentificador>
          <Identificador>B55567986</Identificador>
        </Cliente>
        <CodContrato>097124252983</CodContrato>
        <DatosGeneralesFactura>
          <CodigoFiscalFactura>S2801N07573176</CodigoFiscalFactura>
          <TipoFactura>N</TipoFactura>
          <MotivoFacturacion>01</MotivoFacturacion>
          <Expediente>
            <NumeroExpediente>0000000000000000</NumeroExpediente>
            <CodigoSolicitud>000000000000</CodigoSolicitud>
          </Expediente>
          <FechaFactura>2018-02-16</FechaFactura>
          <IdentificadorEmisora>B82846817</IdentificadorEmisora>
          <Comentarios>7650607                                                                                             </Comentarios>
          <ImporteTotalFactura>+0000000154.65</ImporteTotalFactura>
          <TipoMoneda>02</TipoMoneda>
        </DatosGeneralesFactura>
        <DatosFacturaATR>
          <FechaBOE>2017-12-27</FechaBOE>
          <TarifaATRFact>003</TarifaATRFact>
          <ModoControlPotencia>2</ModoControlPotencia>
          <MarcaMedidaConPerdidas>N</MarcaMedidaConPerdidas>
          <IndicativoCurvaCarga>02</IndicativoCurvaCarga>
          <Periodo>
            <FechaDesdeFactura>2018-01-23</FechaDesdeFactura>
            <FechaHastaFactura>2018-02-16</FechaHastaFactura>
            <NumeroDias>024</NumeroDias>
          </Periodo>
        </DatosFacturaATR>
      </DatosGeneralesFacturaATR>
      <Potencia>
        <TerminoPotencia>
          <FechaDesde>2018-01-23</FechaDesde>
          <FechaHasta>2018-02-16</FechaHasta>
          <Periodo>
            <PotenciaContratada>00000000023010</PotenciaContratada>
            <PotenciaMaxDemandada>00000000006000</PotenciaMaxDemandada>
            <PotenciaAFacturar>00000000019558</PotenciaAFacturar>
            <PrecioPotencia>00000.111585986</PrecioPotencia>
          </Periodo>
          <Periodo>
            <PotenciaContratada>00000000023010</PotenciaContratada>
            <PotenciaMaxDemandada>00000000006000</PotenciaMaxDemandada>
            <PotenciaAFacturar>00000000019558</PotenciaAFacturar>
            <PrecioPotencia>00000.066951589</PrecioPotencia>
          </Periodo>
          <Periodo>
            <PotenciaContratada>00000000023010</PotenciaContratada>
            <PotenciaMaxDemandada>00000000002000</PotenciaMaxDemandada>
            <PotenciaAFacturar>00000000019558</PotenciaAFacturar>
            <PrecioPotencia>00000.044634397</PrecioPotencia>
          </Periodo>
          <Periodo>
            <PotenciaContratada>00000000000000</PotenciaContratada>
            <PotenciaMaxDemandada>00000000000000</PotenciaMaxDemandada>
            <PotenciaAFacturar>00000000000000</PotenciaAFacturar>
            <PrecioPotencia>00000.000000000</PrecioPotencia>
          </Periodo>
          <Periodo>
            <PotenciaContratada>00000000000000</PotenciaContratada>
            <PotenciaMaxDemandada>00000000000000</PotenciaMaxDemandada>
            <PotenciaAFacturar>00000000000000</PotenciaAFacturar>
            <PrecioPotencia>00000.000000000</PrecioPotencia>
          </Periodo>
          <Periodo>
            <PotenciaContratada>00000000000000</PotenciaContratada>
            <PotenciaMaxDemandada>00000000000000</PotenciaMaxDemandada>
            <PotenciaAFacturar>00000000000000</PotenciaAFacturar>
            <PrecioPotencia>00000.000000000</PrecioPotencia>
          </Periodo>
        </TerminoPotencia>
        <PenalizacionNoICP>N</PenalizacionNoICP>
        <ImporteTotalTerminoPotencia>+0000000104.76</ImporteTotalTerminoPotencia>
      </Potencia>
      <EnergiaActiva>
        <TerminoEnergiaActiva>
          <FechaDesde>2018-01-23</FechaDesde>
          <FechaHasta>2018-02-16</FechaHasta>
          <Periodo>
            <ValorEnergiaActiva>+00000000284.00</ValorEnergiaActiva>
            <PrecioEnergia>00000.018762000</PrecioEnergia>
          </Periodo>
          <Periodo>
            <ValorEnergiaActiva>+00000000636.00</ValorEnergiaActiva>
            <PrecioEnergia>00000.012575000</PrecioEnergia>
          </Periodo>
          <Periodo>
            <ValorEnergiaActiva>+00000000258.00</ValorEnergiaActiva>
            <PrecioEnergia>00000.004670000</PrecioEnergia>
          </Periodo>
          <Periodo>
            <ValorEnergiaActiva>+00000000000.00</ValorEnergiaActiva>
            <PrecioEnergia>00000.000000000</PrecioEnergia>
          </Periodo>
          <Periodo>
            <ValorEnergiaActiva>+00000000000.00</ValorEnergiaActiva>
            <PrecioEnergia>00000.000000000</PrecioEnergia>
          </Periodo>
          <Periodo>
            <ValorEnergiaActiva>+00000000000.00</ValorEnergiaActiva>
            <PrecioEnergia>00000.000000000</PrecioEnergia>
          </Periodo>
        </TerminoEnergiaActiva>
        <ImporteTotalEnergiaActiva>+0000000014.53</ImporteTotalEnergiaActiva>
      </EnergiaActiva>
      <ImpuestoElectrico>
        <BaseImponible>+0000000000.00</BaseImponible>
        <Porcentaje>00000.00000000</Porcentaje>
        <Importe>+0000000000.00</Importe>
      </ImpuestoElectrico>
      <Alquileres>
        <PrecioDiarioAlquiler>
          <PrecioDia>00000.355068000</PrecioDia>
          <NumeroDias>024</NumeroDias>
        </PrecioDiarioAlquiler>
        <ImporteFacturacionAlquileres>+0000000008.52</ImporteFacturacionAlquileres>
      </Alquileres>
      <IVA>
        <BaseImponible>+0000000127.81</BaseImponible>
        <Porcentaje>0021.00</Porcentaje>
        <Importe>+0000000026.84</Importe>
      </IVA>
      <Medidas>
        <CodPM>ES0031103554622001ZA1P</CodPM>
        <ModeloAparato>
          <TipoAparato>CA</TipoAparato>
          <MarcaAparato>132</MarcaAparato>
          <NumeroSerie>000972856</NumeroSerie>
          <TipoDHEdM>6</TipoDHEdM>
          <Integrador>
            <Magnitud>AE</Magnitud>
            <CodigoPeriodo>62</CodigoPeriodo>
            <ConstanteMultiplicadora>000001.000</ConstanteMultiplicadora>
            <NumeroRuedasEnteras>08</NumeroRuedasEnteras>
            <NumeroRuedasDecimales>00</NumeroRuedasDecimales>
            <ConsumoCalculado>+0000000537.00</ConsumoCalculado>
            <LecturaDesde>
              <Fecha>2018-01-23</Fecha>
              <Procedencia>20</Procedencia>
              <Lectura>0000175157.00</Lectura>
            </LecturaDesde>
            <LecturaHasta>
              <Fecha>2018-02-16</Fecha>
              <Procedencia>20</Procedencia>
              <Lectura>0000175694.00</Lectura>
            </LecturaHasta>
            <FechaHoraMaximetro>2018-02-16T00:00:00</FechaHoraMaximetro>
          </Integrador>
          <Integrador>
            <Magnitud>AE</Magnitud>
            <CodigoPeriodo>63</CodigoPeriodo>
            <ConstanteMultiplicadora>000001.000</ConstanteMultiplicadora>
            <NumeroRuedasEnteras>08</NumeroRuedasEnteras>
            <NumeroRuedasDecimales>00</NumeroRuedasDecimales>
            <ConsumoCalculado>+0000000183.00</ConsumoCalculado>
            <LecturaDesde>
              <Fecha>2018-01-23</Fecha>
              <Procedencia>20</Procedencia>
              <Lectura>0000071753.00</Lectura>
            </LecturaDesde>
            <LecturaHasta>
              <Fecha>2018-02-16</Fecha>
              <Procedencia>20</Procedencia>
              <Lectura>0000071936.00</Lectura>
            </LecturaHasta>
            <FechaHoraMaximetro>2018-02-16T00:00:00</FechaHoraMaximetro>
          </Integrador>
          <Integrador>
            <Magnitud>AE</Magnitud>
            <CodigoPeriodo>61</CodigoPeriodo>
            <ConstanteMultiplicadora>000001.000</ConstanteMultiplicadora>
            <NumeroRuedasEnteras>08</NumeroRuedasEnteras>
            <NumeroRuedasDecimales>00</NumeroRuedasDecimales>
            <ConsumoCalculado>+0000000256.00</ConsumoCalculado>
            <LecturaDesde>
              <Fecha>2018-01-23</Fecha>
              <Procedencia>20</Procedencia>
              <Lectura>0000078450.00</Lectura>
            </LecturaDesde>
            <LecturaHasta>
              <Fecha>2018-02-16</Fecha>
              <Procedencia>20</Procedencia>
              <Lectura>0000078706.00</Lectura>
            </LecturaHasta>
            <FechaHoraMaximetro>2018-02-16T00:00:00</FechaHoraMaximetro>
          </Integrador>
          <Integrador>
            <Magnitud>R1</Magnitud>
            <CodigoPeriodo>62</CodigoPeriodo>
            <ConstanteMultiplicadora>000001.000</ConstanteMultiplicadora>
            <NumeroRuedasEnteras>08</NumeroRuedasEnteras>
            <NumeroRuedasDecimales>00</NumeroRuedasDecimales>
            <ConsumoCalculado>+0000000012.00</ConsumoCalculado>
            <LecturaDesde>
              <Fecha>2018-01-23</Fecha>
              <Procedencia>20</Procedencia>
              <Lectura>0000047307.00</Lectura>
            </LecturaDesde>
            <LecturaHasta>
              <Fecha>2018-02-16</Fecha>
              <Procedencia>20</Procedencia>
              <Lectura>0000047319.00</Lectura>
            </LecturaHasta>
            <FechaHoraMaximetro>2018-02-16T00:00:00</FechaHoraMaximetro>
          </Integrador>
          <Integrador>
            <Magnitud>R1</Magnitud>
            <CodigoPeriodo>63</CodigoPeriodo>
            <ConstanteMultiplicadora>000001.000</ConstanteMultiplicadora>
            <NumeroRuedasEnteras>08</NumeroRuedasEnteras>
            <NumeroRuedasDecimales>00</NumeroRuedasDecimales>
            <ConsumoCalculado>+0000000007.00</ConsumoCalculado>
            <LecturaDesde>
              <Fecha>2018-01-23</Fecha>
              <Procedencia>20</Procedencia>
              <Lectura>0000012824.00</Lectura>
            </LecturaDesde>
            <LecturaHasta>
              <Fecha>2018-02-16</Fecha>
              <Procedencia>20</Procedencia>
              <Lectura>0000012831.00</Lectura>
            </LecturaHasta>
            <FechaHoraMaximetro>2018-02-16T00:00:00</FechaHoraMaximetro>
          </Integrador>
          <Integrador>
            <Magnitud>R1</Magnitud>
            <CodigoPeriodo>61</CodigoPeriodo>
            <ConstanteMultiplicadora>000001.000</ConstanteMultiplicadora>
            <NumeroRuedasEnteras>08</NumeroRuedasEnteras>
            <NumeroRuedasDecimales>00</NumeroRuedasDecimales>
            <ConsumoCalculado>+0000000002.00</ConsumoCalculado>
            <LecturaDesde>
              <Fecha>2018-01-23</Fecha>
              <Procedencia>20</Procedencia>
              <Lectura>0000021663.00</Lectura>
            </LecturaDesde>
            <LecturaHasta>
              <Fecha>2018-02-16</Fecha>
              <Procedencia>20</Procedencia>
              <Lectura>0000021665.00</Lectura>
            </LecturaHasta>
            <FechaHoraMaximetro>2018-02-16T00:00:00</FechaHoraMaximetro>
          </Integrador>
          <Integrador>
            <Magnitud>PM</Magnitud>
            <CodigoPeriodo>62</CodigoPeriodo>
            <ConstanteMultiplicadora>000001.000</ConstanteMultiplicadora>
            <NumeroRuedasEnteras>08</NumeroRuedasEnteras>
            <NumeroRuedasDecimales>00</NumeroRuedasDecimales>
            <ConsumoCalculado>+0000006000.00</ConsumoCalculado>
            <LecturaDesde>
              <Fecha>2018-01-23</Fecha>
              <Procedencia>20</Procedencia>
              <Lectura>0000000000.00</Lectura>
            </LecturaDesde>
            <LecturaHasta>
              <Fecha>2018-02-16</Fecha>
              <Procedencia>20</Procedencia>
              <Lectura>0000006000.00</Lectura>
            </LecturaHasta>
            <FechaHoraMaximetro>2018-02-16T00:00:00</FechaHoraMaximetro>
          </Integrador>
          <Integrador>
            <Magnitud>PM</Magnitud>
            <CodigoPeriodo>63</CodigoPeriodo>
            <ConstanteMultiplicadora>000001.000</ConstanteMultiplicadora>
            <NumeroRuedasEnteras>08</NumeroRuedasEnteras>
            <NumeroRuedasDecimales>00</NumeroRuedasDecimales>
            <ConsumoCalculado>+0000002000.00</ConsumoCalculado>
            <LecturaDesde>
              <Fecha>2018-01-23</Fecha>
              <Procedencia>20</Procedencia>
              <Lectura>0000000000.00</Lectura>
            </LecturaDesde>
            <LecturaHasta>
              <Fecha>2018-02-16</Fecha>
              <Procedencia>20</Procedencia>
              <Lectura>0000002000.00</Lectura>
            </LecturaHasta>
            <FechaHoraMaximetro>2018-02-16T00:00:00</FechaHoraMaximetro>
          </Integrador>
          <Integrador>
            <Magnitud>PM</Magnitud>
            <CodigoPeriodo>61</CodigoPeriodo>
            <ConstanteMultiplicadora>000001.000</ConstanteMultiplicadora>
            <NumeroRuedasEnteras>08</NumeroRuedasEnteras>
            <NumeroRuedasDecimales>00</NumeroRuedasDecimales>
            <ConsumoCalculado>+0000006000.00</ConsumoCalculado>
            <LecturaDesde>
              <Fecha>2018-01-23</Fecha>
              <Procedencia>20</Procedencia>
              <Lectura>0000000000.00</Lectura>
            </LecturaDesde>
            <LecturaHasta>
              <Fecha>2018-02-16</Fecha>
              <Procedencia>20</Procedencia>
              <Lectura>0000006000.00</Lectura>
            </LecturaHasta>
            <FechaHoraMaximetro>2018-02-16T00:00:00</FechaHoraMaximetro>
          </Integrador>
          <Integrador>
            <Magnitud>AE</Magnitud>
            <CodigoPeriodo>64</CodigoPeriodo>
            <ConstanteMultiplicadora>000001.000</ConstanteMultiplicadora>
            <NumeroRuedasEnteras>08</NumeroRuedasEnteras>
            <NumeroRuedasDecimales>00</NumeroRuedasDecimales>
            <ConsumoCalculado>+0000000028.00</ConsumoCalculado>
            <LecturaDesde>
              <Fecha>2018-01-23</Fecha>
              <Procedencia>20</Procedencia>
              <Lectura>0000017824.00</Lectura>
            </LecturaDesde>
            <LecturaHasta>
              <Fecha>2018-02-16</Fecha>
              <Procedencia>20</Procedencia>
              <Lectura>0000017852.00</Lectura>
            </LecturaHasta>
            <FechaHoraMaximetro>2018-02-16T00:00:00</FechaHoraMaximetro>
          </Integrador>
          <Integrador>
            <Magnitud>AE</Magnitud>
            <CodigoPeriodo>65</CodigoPeriodo>
            <ConstanteMultiplicadora>000001.000</ConstanteMultiplicadora>
            <NumeroRuedasEnteras>08</NumeroRuedasEnteras>
            <NumeroRuedasDecimales>00</NumeroRuedasDecimales>
            <ConsumoCalculado>+0000000099.00</ConsumoCalculado>
            <LecturaDesde>
              <Fecha>2018-01-23</Fecha>
              <Procedencia>20</Procedencia>
              <Lectura>0000038252.00</Lectura>
            </LecturaDesde>
            <LecturaHasta>
              <Fecha>2018-02-16</Fecha>
              <Procedencia>20</Procedencia>
              <Lectura>0000038351.00</Lectura>
            </LecturaHasta>
            <FechaHoraMaximetro>2018-02-16T00:00:00</FechaHoraMaximetro>
          </Integrador>
          <Integrador>
            <Magnitud>AE</Magnitud>
            <CodigoPeriodo>66</CodigoPeriodo>
            <ConstanteMultiplicadora>000001.000</ConstanteMultiplicadora>
            <NumeroRuedasEnteras>08</NumeroRuedasEnteras>
            <NumeroRuedasDecimales>00</NumeroRuedasDecimales>
            <ConsumoCalculado>+0000000075.00</ConsumoCalculado>
            <LecturaDesde>
              <Fecha>2018-01-23</Fecha>
              <Procedencia>20</Procedencia>
              <Lectura>0000030192.00</Lectura>
            </LecturaDesde>
            <LecturaHasta>
              <Fecha>2018-02-16</Fecha>
              <Procedencia>20</Procedencia>
              <Lectura>0000030267.00</Lectura>
            </LecturaHasta>
            <FechaHoraMaximetro>2018-02-16T00:00:00</FechaHoraMaximetro>
          </Integrador>
          <Integrador>
            <Magnitud>R1</Magnitud>
            <CodigoPeriodo>64</CodigoPeriodo>
            <ConstanteMultiplicadora>000001.000</ConstanteMultiplicadora>
            <NumeroRuedasEnteras>08</NumeroRuedasEnteras>
            <NumeroRuedasDecimales>00</NumeroRuedasDecimales>
            <ConsumoCalculado>+0000000002.00</ConsumoCalculado>
            <LecturaDesde>
              <Fecha>2018-01-23</Fecha>
              <Procedencia>20</Procedencia>
              <Lectura>0000004196.00</Lectura>
            </LecturaDesde>
            <LecturaHasta>
              <Fecha>2018-02-16</Fecha>
              <Procedencia>20</Procedencia>
              <Lectura>0000004198.00</Lectura>
            </LecturaHasta>
            <FechaHoraMaximetro>2018-02-16T00:00:00</FechaHoraMaximetro>
          </Integrador>
          <Integrador>
            <Magnitud>R1</Magnitud>
            <CodigoPeriodo>65</CodigoPeriodo>
            <ConstanteMultiplicadora>000001.000</ConstanteMultiplicadora>
            <NumeroRuedasEnteras>08</NumeroRuedasEnteras>
            <NumeroRuedasDecimales>00</NumeroRuedasDecimales>
            <ConsumoCalculado>+0000000009.00</ConsumoCalculado>
            <LecturaDesde>
              <Fecha>2018-01-23</Fecha>
              <Procedencia>20</Procedencia>
              <Lectura>0000008706.00</Lectura>
            </LecturaDesde>
            <LecturaHasta>
              <Fecha>2018-02-16</Fecha>
              <Procedencia>20</Procedencia>
              <Lectura>0000008715.00</Lectura>
            </LecturaHasta>
            <FechaHoraMaximetro>2018-02-16T00:00:00</FechaHoraMaximetro>
          </Integrador>
          <Integrador>
            <Magnitud>R1</Magnitud>
            <CodigoPeriodo>66</CodigoPeriodo>
            <ConstanteMultiplicadora>000001.000</ConstanteMultiplicadora>
            <NumeroRuedasEnteras>08</NumeroRuedasEnteras>
            <NumeroRuedasDecimales>00</NumeroRuedasDecimales>
            <ConsumoCalculado>+0000000001.00</ConsumoCalculado>
            <LecturaDesde>
              <Fecha>2018-01-23</Fecha>
              <Procedencia>20</Procedencia>
              <Lectura>0000005072.00</Lectura>
            </LecturaDesde>
            <LecturaHasta>
              <Fecha>2018-02-16</Fecha>
              <Procedencia>20</Procedencia>
              <Lectura>0000005073.00</Lectura>
            </LecturaHasta>
            <FechaHoraMaximetro>2018-02-16T00:00:00</FechaHoraMaximetro>
          </Integrador>
          <Integrador>
            <Magnitud>PM</Magnitud>
            <CodigoPeriodo>64</CodigoPeriodo>
            <ConstanteMultiplicadora>000001.000</ConstanteMultiplicadora>
            <NumeroRuedasEnteras>08</NumeroRuedasEnteras>
            <NumeroRuedasDecimales>00</NumeroRuedasDecimales>
            <ConsumoCalculado>+0000001000.00</ConsumoCalculado>
            <LecturaDesde>
              <Fecha>2018-01-23</Fecha>
              <Procedencia>20</Procedencia>
              <Lectura>0000000000.00</Lectura>
            </LecturaDesde>
            <LecturaHasta>
              <Fecha>2018-02-16</Fecha>
              <Procedencia>20</Procedencia>
              <Lectura>0000001000.00</Lectura>
            </LecturaHasta>
            <FechaHoraMaximetro>2018-02-16T00:00:00</FechaHoraMaximetro>
          </Integrador>
          <Integrador>
            <Magnitud>PM</Magnitud>
            <CodigoPeriodo>65</CodigoPeriodo>
            <ConstanteMultiplicadora>000001.000</ConstanteMultiplicadora>
            <NumeroRuedasEnteras>08</NumeroRuedasEnteras>
            <NumeroRuedasDecimales>00</NumeroRuedasDecimales>
            <ConsumoCalculado>+0000006000.00</ConsumoCalculado>
            <LecturaDesde>
              <Fecha>2018-01-23</Fecha>
              <Procedencia>20</Procedencia>
              <Lectura>0000000000.00</Lectura>
            </LecturaDesde>
            <LecturaHasta>
              <Fecha>2018-02-16</Fecha>
              <Procedencia>20</Procedencia>
              <Lectura>0000006000.00</Lectura>
            </LecturaHasta>
            <FechaHoraMaximetro>2018-02-16T00:00:00</FechaHoraMaximetro>
          </Integrador>
          <Integrador>
            <Magnitud>PM</Magnitud>
            <CodigoPeriodo>66</CodigoPeriodo>
            <ConstanteMultiplicadora>000001.000</ConstanteMultiplicadora>
            <NumeroRuedasEnteras>08</NumeroRuedasEnteras>
            <NumeroRuedasDecimales>00</NumeroRuedasDecimales>
            <ConsumoCalculado>+0000002000.00</ConsumoCalculado>
            <LecturaDesde>
              <Fecha>2018-01-23</Fecha>
              <Procedencia>20</Procedencia>
              <Lectura>0000000000.00</Lectura>
            </LecturaDesde>
            <LecturaHasta>
              <Fecha>2018-02-16</Fecha>
              <Procedencia>20</Procedencia>
              <Lectura>0000002000.00</Lectura>
            </LecturaHasta>
            <FechaHoraMaximetro>2018-02-16T00:00:00</FechaHoraMaximetro>
          </Integrador>
          <Integrador>
            <Magnitud>AE</Magnitud>
            <CodigoPeriodo>60</CodigoPeriodo>
            <ConstanteMultiplicadora>000001.000</ConstanteMultiplicadora>
            <NumeroRuedasEnteras>08</NumeroRuedasEnteras>
            <NumeroRuedasDecimales>00</NumeroRuedasDecimales>
            <ConsumoCalculado>+0000001178.00</ConsumoCalculado>
            <LecturaDesde>
              <Fecha>2018-01-23</Fecha>
              <Procedencia>20</Procedencia>
              <Lectura>0000411630.00</Lectura>
            </LecturaDesde>
            <LecturaHasta>
              <Fecha>2018-02-16</Fecha>
              <Procedencia>20</Procedencia>
              <Lectura>0000412808.00</Lectura>
            </LecturaHasta>
            <FechaHoraMaximetro>2018-02-16T00:00:00</FechaHoraMaximetro>
          </Integrador>
          <Integrador>
            <Magnitud>R1</Magnitud>
            <CodigoPeriodo>60</CodigoPeriodo>
            <ConstanteMultiplicadora>000001.000</ConstanteMultiplicadora>
            <NumeroRuedasEnteras>08</NumeroRuedasEnteras>
            <NumeroRuedasDecimales>00</NumeroRuedasDecimales>
            <ConsumoCalculado>+0000000033.00</ConsumoCalculado>
            <LecturaDesde>
              <Fecha>2018-01-23</Fecha>
              <Procedencia>20</Procedencia>
              <Lectura>0000099771.00</Lectura>
            </LecturaDesde>
            <LecturaHasta>
              <Fecha>2018-02-16</Fecha>
              <Procedencia>20</Procedencia>
              <Lectura>0000099804.00</Lectura>
            </LecturaHasta>
            <FechaHoraMaximetro>2018-02-16T00:00:00</FechaHoraMaximetro>
          </Integrador>
        </ModeloAparato>
      </Medidas>
    </FacturaATR>
    <RegistroFin>
      <ImporteTotal>+0000000001221.21</ImporteTotal>
      <SaldoTotalFacturacion>+0000000000000.00</SaldoTotalFacturacion>
      <TotalRecibos>00012</TotalRecibos>
      <TipoMoneda>02</TipoMoneda>
      <FechaValor>2018-02-16</FechaValor>
      <FechaLimitePago>2018-03-08</FechaLimitePago>
      <IdRemesa>00000000000000000007650607</IdRemesa>
    </RegistroFin>
  </Facturas>
  <OtrosDatosFactura>
    <SociedadMercantilEmisora>ENDESA DISTRIBUCION ELECTRICAS</SociedadMercantilEmisora>
    <SociedadMercantilDestino>SUNAIR ONE ENERGY, S.L.</SociedadMercantilDestino>
    <DireccionEmisora>AVDA. BORBOLLA, 5</DireccionEmisora>
    <DireccionDestino>P.I.AGRO REUS C/ IGNASI I</DireccionDestino>
  </OtrosDatosFactura>
</MensajeFacturacion>