<?xml version="1.0" encoding="UTF-8"?><MensajeFacturacion xmlns="http://localhost/elegibilidad">
  <Cabecera>
    <CodigoREEEmpresaEmisora>0024</CodigoREEEmpresaEmisora>
    <CodigoREEEmpresaDestino>0815</CodigoREEEmpresaDestino>
    <CodigoDelProceso>F1</CodigoDelProceso>
    <CodigoDePaso>01</CodigoDePaso>
    <CodigoDeSolicitud>000002516470</CodigoDeSolicitud>
    <SecuencialDeSolicitud>00</SecuencialDeSolicitud>
    <FechaSolicitud>2018-02-16T01:50:57</FechaSolicitud>
    <CUPS>ES0031405096564001YN0F</CUPS>
  </Cabecera>
  <Facturas>
    <FacturaATR>
      <DatosGeneralesFacturaATR>
        <DireccionSuministro>
          <Pais>ESPAÑA</Pais>
          <Provincia>08</Provincia>
          <Municipio>000238</Municipio>
          <Poblacion>000000364</Poblacion>
          <TipoVia>CL</TipoVia>
          <CodPostal>08192</CodPostal>
          <Calle>ANTONI FORRELLAD</Calle>
          <NumeroFinca>00011</NumeroFinca>
        </DireccionSuministro>
        <Cliente>
          <TipoIdentificador>NI</TipoIdentificador>
          <Identificador>B55567986</Identificador>
        </Cliente>
        <CodContrato>000509080443</CodContrato>
        <DatosGeneralesFactura>
          <CodigoFiscalFactura>F8802N00007885</CodigoFiscalFactura>
          <TipoFactura>N</TipoFactura>
          <MotivoFacturacion>03</MotivoFacturacion>
          <Expediente>
            <NumeroExpediente>0000000000000000</NumeroExpediente>
            <CodigoSolicitud>000000000000</CodigoSolicitud>
          </Expediente>
          <FechaFactura>2018-02-16</FechaFactura>
          <IdentificadorEmisora>B82846817</IdentificadorEmisora>
          <Comentarios>2516470                                                                                             </Comentarios>
          <ImporteTotalFactura>+0000000384.93</ImporteTotalFactura>
          <TipoMoneda>02</TipoMoneda>
        </DatosGeneralesFactura>
        <DatosFacturaATR>
          <FechaBOE>2017-12-27</FechaBOE>
          <TarifaATRFact>003</TarifaATRFact>
          <ModoControlPotencia>2</ModoControlPotencia>
          <MarcaMedidaConPerdidas>N</MarcaMedidaConPerdidas>
          <IndicativoCurvaCarga>02</IndicativoCurvaCarga>
          <Periodo>
            <FechaDesdeFactura>2018-01-18</FechaDesdeFactura>
            <FechaHastaFactura>2018-02-15</FechaHastaFactura>
            <NumeroDias>028</NumeroDias>
          </Periodo>
        </DatosFacturaATR>
      </DatosGeneralesFacturaATR>
      <Potencia>
        <TerminoPotencia>
          <FechaDesde>2018-01-18</FechaDesde>
          <FechaHasta>2018-02-15</FechaHasta>
          <Periodo>
            <PotenciaContratada>00000000040000</PotenciaContratada>
            <PotenciaMaxDemandada>00000000040000</PotenciaMaxDemandada>
            <PotenciaAFacturar>00000000040000</PotenciaAFacturar>
            <PrecioPotencia>00000.111585986</PrecioPotencia>
          </Periodo>
          <Periodo>
            <PotenciaContratada>00000000040000</PotenciaContratada>
            <PotenciaMaxDemandada>00000000040000</PotenciaMaxDemandada>
            <PotenciaAFacturar>00000000040000</PotenciaAFacturar>
            <PrecioPotencia>00000.066951589</PrecioPotencia>
          </Periodo>
          <Periodo>
            <PotenciaContratada>00000000040000</PotenciaContratada>
            <PotenciaMaxDemandada>00000000040000</PotenciaMaxDemandada>
            <PotenciaAFacturar>00000000040000</PotenciaAFacturar>
            <PrecioPotencia>00000.044634397</PrecioPotencia>
          </Periodo>
          <Periodo>
            <PotenciaContratada>00000000000000</PotenciaContratada>
            <PotenciaMaxDemandada>00000000000000</PotenciaMaxDemandada>
            <PotenciaAFacturar>00000000000000</PotenciaAFacturar>
            <PrecioPotencia>00000.000000000</PrecioPotencia>
          </Periodo>
          <Periodo>
            <PotenciaContratada>00000000000000</PotenciaContratada>
            <PotenciaMaxDemandada>00000000000000</PotenciaMaxDemandada>
            <PotenciaAFacturar>00000000000000</PotenciaAFacturar>
            <PrecioPotencia>00000.000000000</PrecioPotencia>
          </Periodo>
          <Periodo>
            <PotenciaContratada>00000000000000</PotenciaContratada>
            <PotenciaMaxDemandada>00000000000000</PotenciaMaxDemandada>
            <PotenciaAFacturar>00000000000000</PotenciaAFacturar>
            <PrecioPotencia>00000.000000000</PrecioPotencia>
          </Periodo>
        </TerminoPotencia>
        <PenalizacionNoICP>N</PenalizacionNoICP>
        <ImporteTotalTerminoPotencia>+0000000249.95</ImporteTotalTerminoPotencia>
      </Potencia>
      <EnergiaActiva>
        <TerminoEnergiaActiva>
          <FechaDesde>2018-01-18</FechaDesde>
          <FechaHasta>2018-02-15</FechaHasta>
          <Periodo>
            <ValorEnergiaActiva>+00000000273.00</ValorEnergiaActiva>
            <PrecioEnergia>00000.018762000</PrecioEnergia>
          </Periodo>
          <Periodo>
            <ValorEnergiaActiva>+00000002667.00</ValorEnergiaActiva>
            <PrecioEnergia>00000.012575000</PrecioEnergia>
          </Periodo>
          <Periodo>
            <ValorEnergiaActiva>+00000000950.00</ValorEnergiaActiva>
            <PrecioEnergia>00000.004670000</PrecioEnergia>
          </Periodo>
          <Periodo>
            <ValorEnergiaActiva>+00000000000.00</ValorEnergiaActiva>
            <PrecioEnergia>00000.000000000</PrecioEnergia>
          </Periodo>
          <Periodo>
            <ValorEnergiaActiva>+00000000000.00</ValorEnergiaActiva>
            <PrecioEnergia>00000.000000000</PrecioEnergia>
          </Periodo>
          <Periodo>
            <ValorEnergiaActiva>+00000000000.00</ValorEnergiaActiva>
            <PrecioEnergia>00000.000000000</PrecioEnergia>
          </Periodo>
        </TerminoEnergiaActiva>
        <ImporteTotalEnergiaActiva>+0000000043.10</ImporteTotalEnergiaActiva>
      </EnergiaActiva>
      <EnergiaReactiva>
        <TerminoEnergiaReactiva>
          <FechaDesde>2018-01-18</FechaDesde>
          <FechaHasta>2018-02-15</FechaHasta>
          <Periodo>
            <ValorEnergiaReactiva>+00000000000.00</ValorEnergiaReactiva>
            <PrecioEnergiaReactiva>00000000000000</PrecioEnergiaReactiva>
          </Periodo>
          <Periodo>
            <ValorEnergiaReactiva>+00000000364.00</ValorEnergiaReactiva>
            <PrecioEnergiaReactiva>00000.041554000</PrecioEnergiaReactiva>
          </Periodo>
          <Periodo>
            <ValorEnergiaReactiva>+00000000000.00</ValorEnergiaReactiva>
            <PrecioEnergiaReactiva>00000000000000</PrecioEnergiaReactiva>
          </Periodo>
          <Periodo>
            <ValorEnergiaReactiva>+00000000000.00</ValorEnergiaReactiva>
            <PrecioEnergiaReactiva>00000000000000</PrecioEnergiaReactiva>
          </Periodo>
          <Periodo>
            <ValorEnergiaReactiva>+00000000000.00</ValorEnergiaReactiva>
            <PrecioEnergiaReactiva>00000000000000</PrecioEnergiaReactiva>
          </Periodo>
          <Periodo>
            <ValorEnergiaReactiva>+00000000000.00</ValorEnergiaReactiva>
            <PrecioEnergiaReactiva>00000000000000</PrecioEnergiaReactiva>
          </Periodo>
        </TerminoEnergiaReactiva>
        <ImporteTotalEnergiaReactiva>+0000000015.13</ImporteTotalEnergiaReactiva>
      </EnergiaReactiva>
      <ImpuestoElectrico>
        <BaseImponible>+0000000000.00</BaseImponible>
        <Porcentaje>00000.00000000</Porcentaje>
        <Importe>+0000000000.00</Importe>
      </ImpuestoElectrico>
      <Alquileres>
        <PrecioDiarioAlquiler>
          <PrecioDia>00000.355068000</PrecioDia>
          <NumeroDias>028</NumeroDias>
        </PrecioDiarioAlquiler>
        <ImporteFacturacionAlquileres>+0000000009.94</ImporteFacturacionAlquileres>
      </Alquileres>
      <IVA>
        <BaseImponible>+0000000318.12</BaseImponible>
        <Porcentaje>0021.00</Porcentaje>
        <Importe>+0000000066.81</Importe>
      </IVA>
      <Medidas>
        <CodPM>ES0031405096564001YN0F</CodPM>
        <ModeloAparato>
          <TipoAparato>CG</TipoAparato>
          <MarcaAparato>199</MarcaAparato>
          <NumeroSerie>085124843</NumeroSerie>
          <TipoDHEdM>6</TipoDHEdM>
          <Integrador>
            <Magnitud>AE</Magnitud>
            <CodigoPeriodo>62</CodigoPeriodo>
            <ConstanteMultiplicadora>000001.000</ConstanteMultiplicadora>
            <NumeroRuedasEnteras>08</NumeroRuedasEnteras>
            <NumeroRuedasDecimales>00</NumeroRuedasDecimales>
            <ConsumoCalculado>+0000002301.00</ConsumoCalculado>
            <LecturaDesde>
              <Fecha>2018-01-18</Fecha>
              <Procedencia>20</Procedencia>
              <Lectura>0000365467.00</Lectura>
            </LecturaDesde>
            <LecturaHasta>
              <Fecha>2018-02-15</Fecha>
              <Procedencia>40</Procedencia>
              <Lectura>0000367768.00</Lectura>
            </LecturaHasta>
            <FechaHoraMaximetro>2018-02-15T00:00:00</FechaHoraMaximetro>
          </Integrador>
          <Integrador>
            <Magnitud>AE</Magnitud>
            <CodigoPeriodo>63</CodigoPeriodo>
            <ConstanteMultiplicadora>000001.000</ConstanteMultiplicadora>
            <NumeroRuedasEnteras>08</NumeroRuedasEnteras>
            <NumeroRuedasDecimales>00</NumeroRuedasDecimales>
            <ConsumoCalculado>+0000000787.00</ConsumoCalculado>
            <LecturaDesde>
              <Fecha>2018-01-18</Fecha>
              <Procedencia>20</Procedencia>
              <Lectura>0000073291.00</Lectura>
            </LecturaDesde>
            <LecturaHasta>
              <Fecha>2018-02-15</Fecha>
              <Procedencia>40</Procedencia>
              <Lectura>0000074078.00</Lectura>
            </LecturaHasta>
            <FechaHoraMaximetro>2018-02-15T00:00:00</FechaHoraMaximetro>
          </Integrador>
          <Integrador>
            <Magnitud>AE</Magnitud>
            <CodigoPeriodo>61</CodigoPeriodo>
            <ConstanteMultiplicadora>000001.000</ConstanteMultiplicadora>
            <NumeroRuedasEnteras>08</NumeroRuedasEnteras>
            <NumeroRuedasDecimales>00</NumeroRuedasDecimales>
            <ConsumoCalculado>+0000000243.00</ConsumoCalculado>
            <LecturaDesde>
              <Fecha>2018-01-18</Fecha>
              <Procedencia>20</Procedencia>
              <Lectura>0000122204.00</Lectura>
            </LecturaDesde>
            <LecturaHasta>
              <Fecha>2018-02-15</Fecha>
              <Procedencia>40</Procedencia>
              <Lectura>0000122447.00</Lectura>
            </LecturaHasta>
            <FechaHoraMaximetro>2018-02-15T00:00:00</FechaHoraMaximetro>
          </Integrador>
          <Integrador>
            <Magnitud>R1</Magnitud>
            <CodigoPeriodo>62</CodigoPeriodo>
            <ConstanteMultiplicadora>000001.000</ConstanteMultiplicadora>
            <NumeroRuedasEnteras>08</NumeroRuedasEnteras>
            <NumeroRuedasDecimales>00</NumeroRuedasDecimales>
            <ConsumoCalculado>+0000001044.00</ConsumoCalculado>
            <LecturaDesde>
              <Fecha>2018-01-18</Fecha>
              <Procedencia>20</Procedencia>
              <Lectura>0000129005.00</Lectura>
            </LecturaDesde>
            <LecturaHasta>
              <Fecha>2018-02-15</Fecha>
              <Procedencia>40</Procedencia>
              <Lectura>0000130049.00</Lectura>
            </LecturaHasta>
            <FechaHoraMaximetro>2018-02-15T00:00:00</FechaHoraMaximetro>
          </Integrador>
          <Integrador>
            <Magnitud>R1</Magnitud>
            <CodigoPeriodo>63</CodigoPeriodo>
            <ConstanteMultiplicadora>000001.000</ConstanteMultiplicadora>
            <NumeroRuedasEnteras>08</NumeroRuedasEnteras>
            <NumeroRuedasDecimales>00</NumeroRuedasDecimales>
            <ConsumoCalculado>+0000000787.00</ConsumoCalculado>
            <LecturaDesde>
              <Fecha>2018-01-18</Fecha>
              <Procedencia>20</Procedencia>
              <Lectura>0000018204.00</Lectura>
            </LecturaDesde>
            <LecturaHasta>
              <Fecha>2018-02-15</Fecha>
              <Procedencia>40</Procedencia>
              <Lectura>0000018991.00</Lectura>
            </LecturaHasta>
            <FechaHoraMaximetro>2018-02-15T00:00:00</FechaHoraMaximetro>
          </Integrador>
          <Integrador>
            <Magnitud>R1</Magnitud>
            <CodigoPeriodo>61</CodigoPeriodo>
            <ConstanteMultiplicadora>000001.000</ConstanteMultiplicadora>
            <NumeroRuedasEnteras>08</NumeroRuedasEnteras>
            <NumeroRuedasDecimales>00</NumeroRuedasDecimales>
            <ConsumoCalculado>+0000000075.00</ConsumoCalculado>
            <LecturaDesde>
              <Fecha>2018-01-18</Fecha>
              <Procedencia>20</Procedencia>
              <Lectura>0000042473.00</Lectura>
            </LecturaDesde>
            <LecturaHasta>
              <Fecha>2018-02-15</Fecha>
              <Procedencia>40</Procedencia>
              <Lectura>0000042548.00</Lectura>
            </LecturaHasta>
            <FechaHoraMaximetro>2018-02-15T00:00:00</FechaHoraMaximetro>
          </Integrador>
          <Integrador>
            <Magnitud>PM</Magnitud>
            <CodigoPeriodo>62</CodigoPeriodo>
            <ConstanteMultiplicadora>000001.000</ConstanteMultiplicadora>
            <NumeroRuedasEnteras>08</NumeroRuedasEnteras>
            <NumeroRuedasDecimales>00</NumeroRuedasDecimales>
            <ConsumoCalculado>+0000040000.00</ConsumoCalculado>
            <LecturaDesde>
              <Fecha>2018-01-18</Fecha>
              <Procedencia>20</Procedencia>
              <Lectura>0000000000.00</Lectura>
            </LecturaDesde>
            <LecturaHasta>
              <Fecha>2018-02-15</Fecha>
              <Procedencia>40</Procedencia>
              <Lectura>0000040000.00</Lectura>
            </LecturaHasta>
            <FechaHoraMaximetro>2018-02-15T00:00:00</FechaHoraMaximetro>
          </Integrador>
          <Integrador>
            <Magnitud>PM</Magnitud>
            <CodigoPeriodo>63</CodigoPeriodo>
            <ConstanteMultiplicadora>000001.000</ConstanteMultiplicadora>
            <NumeroRuedasEnteras>08</NumeroRuedasEnteras>
            <NumeroRuedasDecimales>00</NumeroRuedasDecimales>
            <ConsumoCalculado>+0000040000.00</ConsumoCalculado>
            <LecturaDesde>
              <Fecha>2018-01-18</Fecha>
              <Procedencia>20</Procedencia>
              <Lectura>0000000000.00</Lectura>
            </LecturaDesde>
            <LecturaHasta>
              <Fecha>2018-02-15</Fecha>
              <Procedencia>40</Procedencia>
              <Lectura>0000040000.00</Lectura>
            </LecturaHasta>
            <FechaHoraMaximetro>2018-02-15T00:00:00</FechaHoraMaximetro>
          </Integrador>
          <Integrador>
            <Magnitud>PM</Magnitud>
            <CodigoPeriodo>61</CodigoPeriodo>
            <ConstanteMultiplicadora>000001.000</ConstanteMultiplicadora>
            <NumeroRuedasEnteras>08</NumeroRuedasEnteras>
            <NumeroRuedasDecimales>00</NumeroRuedasDecimales>
            <ConsumoCalculado>+0000040000.00</ConsumoCalculado>
            <LecturaDesde>
              <Fecha>2018-01-18</Fecha>
              <Procedencia>20</Procedencia>
              <Lectura>0000000000.00</Lectura>
            </LecturaDesde>
            <LecturaHasta>
              <Fecha>2018-02-15</Fecha>
              <Procedencia>40</Procedencia>
              <Lectura>0000040000.00</Lectura>
            </LecturaHasta>
            <FechaHoraMaximetro>2018-02-15T00:00:00</FechaHoraMaximetro>
          </Integrador>
          <Integrador>
            <Magnitud>AE</Magnitud>
            <CodigoPeriodo>64</CodigoPeriodo>
            <ConstanteMultiplicadora>000001.000</ConstanteMultiplicadora>
            <NumeroRuedasEnteras>08</NumeroRuedasEnteras>
            <NumeroRuedasDecimales>00</NumeroRuedasDecimales>
            <ConsumoCalculado>+0000000030.00</ConsumoCalculado>
            <LecturaDesde>
              <Fecha>2018-01-18</Fecha>
              <Procedencia>20</Procedencia>
              <Lectura>0000014627.00</Lectura>
            </LecturaDesde>
            <LecturaHasta>
              <Fecha>2018-02-15</Fecha>
              <Procedencia>40</Procedencia>
              <Lectura>0000014657.00</Lectura>
            </LecturaHasta>
            <FechaHoraMaximetro>2018-02-15T00:00:00</FechaHoraMaximetro>
          </Integrador>
          <Integrador>
            <Magnitud>AE</Magnitud>
            <CodigoPeriodo>65</CodigoPeriodo>
            <ConstanteMultiplicadora>000001.000</ConstanteMultiplicadora>
            <NumeroRuedasEnteras>08</NumeroRuedasEnteras>
            <NumeroRuedasDecimales>00</NumeroRuedasDecimales>
            <ConsumoCalculado>+0000000366.00</ConsumoCalculado>
            <LecturaDesde>
              <Fecha>2018-01-18</Fecha>
              <Procedencia>20</Procedencia>
              <Lectura>0000041159.00</Lectura>
            </LecturaDesde>
            <LecturaHasta>
              <Fecha>2018-02-15</Fecha>
              <Procedencia>40</Procedencia>
              <Lectura>0000041525.00</Lectura>
            </LecturaHasta>
            <FechaHoraMaximetro>2018-02-15T00:00:00</FechaHoraMaximetro>
          </Integrador>
          <Integrador>
            <Magnitud>AE</Magnitud>
            <CodigoPeriodo>66</CodigoPeriodo>
            <ConstanteMultiplicadora>000001.000</ConstanteMultiplicadora>
            <NumeroRuedasEnteras>08</NumeroRuedasEnteras>
            <NumeroRuedasDecimales>00</NumeroRuedasDecimales>
            <ConsumoCalculado>+0000000163.00</ConsumoCalculado>
            <LecturaDesde>
              <Fecha>2018-01-18</Fecha>
              <Procedencia>20</Procedencia>
              <Lectura>0000025850.00</Lectura>
            </LecturaDesde>
            <LecturaHasta>
              <Fecha>2018-02-15</Fecha>
              <Procedencia>40</Procedencia>
              <Lectura>0000026013.00</Lectura>
            </LecturaHasta>
            <FechaHoraMaximetro>2018-02-15T00:00:00</FechaHoraMaximetro>
          </Integrador>
          <Integrador>
            <Magnitud>R1</Magnitud>
            <CodigoPeriodo>64</CodigoPeriodo>
            <ConstanteMultiplicadora>000001.000</ConstanteMultiplicadora>
            <NumeroRuedasEnteras>08</NumeroRuedasEnteras>
            <NumeroRuedasDecimales>00</NumeroRuedasDecimales>
            <ConsumoCalculado>+0000000001.00</ConsumoCalculado>
            <LecturaDesde>
              <Fecha>2018-01-18</Fecha>
              <Procedencia>20</Procedencia>
              <Lectura>0000003902.00</Lectura>
            </LecturaDesde>
            <LecturaHasta>
              <Fecha>2018-02-15</Fecha>
              <Procedencia>40</Procedencia>
              <Lectura>0000003903.00</Lectura>
            </LecturaHasta>
            <FechaHoraMaximetro>2018-02-15T00:00:00</FechaHoraMaximetro>
          </Integrador>
          <Integrador>
            <Magnitud>R1</Magnitud>
            <CodigoPeriodo>65</CodigoPeriodo>
            <ConstanteMultiplicadora>000001.000</ConstanteMultiplicadora>
            <NumeroRuedasEnteras>08</NumeroRuedasEnteras>
            <NumeroRuedasDecimales>00</NumeroRuedasDecimales>
            <ConsumoCalculado>+0000000200.00</ConsumoCalculado>
            <LecturaDesde>
              <Fecha>2018-01-18</Fecha>
              <Procedencia>20</Procedencia>
              <Lectura>0000011989.00</Lectura>
            </LecturaDesde>
            <LecturaHasta>
              <Fecha>2018-02-15</Fecha>
              <Procedencia>40</Procedencia>
              <Lectura>0000012189.00</Lectura>
            </LecturaHasta>
            <FechaHoraMaximetro>2018-02-15T00:00:00</FechaHoraMaximetro>
          </Integrador>
          <Integrador>
            <Magnitud>R1</Magnitud>
            <CodigoPeriodo>66</CodigoPeriodo>
            <ConstanteMultiplicadora>000001.000</ConstanteMultiplicadora>
            <NumeroRuedasEnteras>08</NumeroRuedasEnteras>
            <NumeroRuedasDecimales>00</NumeroRuedasDecimales>
            <ConsumoCalculado>+0000000061.00</ConsumoCalculado>
            <LecturaDesde>
              <Fecha>2018-01-18</Fecha>
              <Procedencia>20</Procedencia>
              <Lectura>0000005252.00</Lectura>
            </LecturaDesde>
            <LecturaHasta>
              <Fecha>2018-02-15</Fecha>
              <Procedencia>40</Procedencia>
              <Lectura>0000005313.00</Lectura>
            </LecturaHasta>
            <FechaHoraMaximetro>2018-02-15T00:00:00</FechaHoraMaximetro>
          </Integrador>
          <Integrador>
            <Magnitud>PM</Magnitud>
            <CodigoPeriodo>64</CodigoPeriodo>
            <ConstanteMultiplicadora>000001.000</ConstanteMultiplicadora>
            <NumeroRuedasEnteras>08</NumeroRuedasEnteras>
            <NumeroRuedasDecimales>00</NumeroRuedasDecimales>
            <ConsumoCalculado>+0000000000.00</ConsumoCalculado>
            <LecturaDesde>
              <Fecha>2018-01-18</Fecha>
              <Procedencia>20</Procedencia>
              <Lectura>0000000000.00</Lectura>
            </LecturaDesde>
            <LecturaHasta>
              <Fecha>2018-02-15</Fecha>
              <Procedencia>40</Procedencia>
              <Lectura>0000000000.00</Lectura>
            </LecturaHasta>
            <FechaHoraMaximetro>2018-02-15T00:00:00</FechaHoraMaximetro>
          </Integrador>
          <Integrador>
            <Magnitud>PM</Magnitud>
            <CodigoPeriodo>65</CodigoPeriodo>
            <ConstanteMultiplicadora>000001.000</ConstanteMultiplicadora>
            <NumeroRuedasEnteras>08</NumeroRuedasEnteras>
            <NumeroRuedasDecimales>00</NumeroRuedasDecimales>
            <ConsumoCalculado>+0000000000.00</ConsumoCalculado>
            <LecturaDesde>
              <Fecha>2018-01-18</Fecha>
              <Procedencia>20</Procedencia>
              <Lectura>0000000000.00</Lectura>
            </LecturaDesde>
            <LecturaHasta>
              <Fecha>2018-02-15</Fecha>
              <Procedencia>40</Procedencia>
              <Lectura>0000000000.00</Lectura>
            </LecturaHasta>
            <FechaHoraMaximetro>2018-02-15T00:00:00</FechaHoraMaximetro>
          </Integrador>
          <Integrador>
            <Magnitud>PM</Magnitud>
            <CodigoPeriodo>66</CodigoPeriodo>
            <ConstanteMultiplicadora>000001.000</ConstanteMultiplicadora>
            <NumeroRuedasEnteras>08</NumeroRuedasEnteras>
            <NumeroRuedasDecimales>00</NumeroRuedasDecimales>
            <ConsumoCalculado>+0000000000.00</ConsumoCalculado>
            <LecturaDesde>
              <Fecha>2018-01-18</Fecha>
              <Procedencia>20</Procedencia>
              <Lectura>0000000000.00</Lectura>
            </LecturaDesde>
            <LecturaHasta>
              <Fecha>2018-02-15</Fecha>
              <Procedencia>40</Procedencia>
              <Lectura>0000000000.00</Lectura>
            </LecturaHasta>
            <FechaHoraMaximetro>2018-02-15T00:00:00</FechaHoraMaximetro>
          </Integrador>
          <Integrador>
            <Magnitud>AE</Magnitud>
            <CodigoPeriodo>60</CodigoPeriodo>
            <ConstanteMultiplicadora>000001.000</ConstanteMultiplicadora>
            <NumeroRuedasEnteras>08</NumeroRuedasEnteras>
            <NumeroRuedasDecimales>00</NumeroRuedasDecimales>
            <ConsumoCalculado>+0000003890.00</ConsumoCalculado>
            <LecturaDesde>
              <Fecha>2018-01-18</Fecha>
              <Procedencia>20</Procedencia>
              <Lectura>0000642601.00</Lectura>
            </LecturaDesde>
            <LecturaHasta>
              <Fecha>2018-02-15</Fecha>
              <Procedencia>40</Procedencia>
              <Lectura>0000646491.00</Lectura>
            </LecturaHasta>
            <FechaHoraMaximetro>2018-02-15T00:00:00</FechaHoraMaximetro>
          </Integrador>
          <Integrador>
            <Magnitud>R1</Magnitud>
            <CodigoPeriodo>60</CodigoPeriodo>
            <ConstanteMultiplicadora>000001.000</ConstanteMultiplicadora>
            <NumeroRuedasEnteras>08</NumeroRuedasEnteras>
            <NumeroRuedasDecimales>00</NumeroRuedasDecimales>
            <ConsumoCalculado>+0000002166.00</ConsumoCalculado>
            <LecturaDesde>
              <Fecha>2018-01-18</Fecha>
              <Procedencia>20</Procedencia>
              <Lectura>0000210827.00</Lectura>
            </LecturaDesde>
            <LecturaHasta>
              <Fecha>2018-02-15</Fecha>
              <Procedencia>40</Procedencia>
              <Lectura>0000212993.00</Lectura>
            </LecturaHasta>
            <FechaHoraMaximetro>2018-02-15T00:00:00</FechaHoraMaximetro>
          </Integrador>
        </ModeloAparato>
      </Medidas>
    </FacturaATR>
    <RegistroFin>
      <ImporteTotal>+0000000006069.04</ImporteTotal>
      <SaldoTotalFacturacion>+0000000000000.00</SaldoTotalFacturacion>
      <TotalRecibos>00018</TotalRecibos>
      <TipoMoneda>02</TipoMoneda>
      <FechaValor>2018-02-16</FechaValor>
      <FechaLimitePago>2018-03-08</FechaLimitePago>
      <IdRemesa>00000000000000000002516470</IdRemesa>
    </RegistroFin>
  </Facturas>
  <OtrosDatosFactura>
    <SociedadMercantilEmisora>ENDESA DISTRIBUCION ELECTRICA S.L *</SociedadMercantilEmisora>
    <SociedadMercantilDestino>SUNAIR ONE ENERGY, S.L.</SociedadMercantilDestino>
    <DireccionEmisora>AV VILANOVA</DireccionEmisora>
    <DireccionDestino>ANTONI RUBIO 46, LOC, ALMACEN, REUS, 43206, TARRAGONA</DireccionDestino>
  </OtrosDatosFactura>
</MensajeFacturacion>