<?xml version="1.0" encoding="UTF-8"?><MensajeFacturacion xmlns="http://localhost/elegibilidad">
  <Cabecera>
    <CodigoREEEmpresaEmisora>0363</CodigoREEEmpresaEmisora>
    <CodigoREEEmpresaDestino>0815</CodigoREEEmpresaDestino>
    <CodigoDelProceso>F1</CodigoDelProceso>
    <CodigoDePaso>01</CodigoDePaso>
    <CodigoDeSolicitud>000002619983</CodigoDeSolicitud>
    <SecuencialDeSolicitud>00</SecuencialDeSolicitud>
    <FechaSolicitud>2018-02-16T01:11:33</FechaSolicitud>
    <CUPS>ES0031601129881006PD0F</CUPS>
  </Cabecera>
  <Facturas>
    <FacturaATR>
      <DatosGeneralesFacturaATR>
        <DireccionSuministro>
          <Pais>ESPAÑA</Pais>
          <Provincia>35</Provincia>
          <Municipio>000011</Municipio>
          <Poblacion>000000105</Poblacion>
          <TipoVia>CL</TipoVia>
          <CodPostal>35250</CodPostal>
          <Calle>ANTONIO BENITEZ GALINDO</Calle>
          <NumeroFinca>00006</NumeroFinca>
          <TipoAclaradorFinca>NO</TipoAclaradorFinca>
          <AclaradorFinca>PORTAL-A</AclaradorFinca>
        </DireccionSuministro>
        <Cliente>
          <TipoIdentificador>NI</TipoIdentificador>
          <Identificador>B55567986</Identificador>
        </Cliente>
        <CodContrato>000530944015</CodContrato>
        <DatosGeneralesFactura>
          <CodigoFiscalFactura>U2801N01902185</CodigoFiscalFactura>
          <TipoFactura>N</TipoFactura>
          <MotivoFacturacion>01</MotivoFacturacion>
          <Expediente>
            <NumeroExpediente>0000000000000000</NumeroExpediente>
            <CodigoSolicitud>000000000000</CodigoSolicitud>
          </Expediente>
          <FechaFactura>2018-02-16</FechaFactura>
          <IdentificadorEmisora>B82846817</IdentificadorEmisora>
          <Comentarios>2619983                                                                                             </Comentarios>
          <ImporteTotalFactura>+0000000025.88</ImporteTotalFactura>
          <TipoMoneda>02</TipoMoneda>
        </DatosGeneralesFactura>
        <DatosFacturaATR>
          <FechaBOE>2017-12-27</FechaBOE>
          <TarifaATRFact>001</TarifaATRFact>
          <ModoControlPotencia>1</ModoControlPotencia>
          <MarcaMedidaConPerdidas>N</MarcaMedidaConPerdidas>
          <IndicativoCurvaCarga>01</IndicativoCurvaCarga>
          <PeriodoCCH>
            <FechaDesdeCCH>2018-01-16</FechaDesdeCCH>
            <FechaHastaCCH>2018-02-15</FechaHastaCCH>
          </PeriodoCCH>
          <Periodo>
            <FechaDesdeFactura>2018-01-16</FechaDesdeFactura>
            <FechaHastaFactura>2018-02-15</FechaHastaFactura>
            <NumeroDias>030</NumeroDias>
          </Periodo>
        </DatosFacturaATR>
      </DatosGeneralesFacturaATR>
      <Potencia>
        <TerminoPotencia>
          <FechaDesde>2018-01-16</FechaDesde>
          <FechaHasta>2018-02-15</FechaHasta>
          <Periodo>
            <PotenciaContratada>00000000005500</PotenciaContratada>
            <PotenciaMaxDemandada>00000000005500</PotenciaMaxDemandada>
            <PotenciaAFacturar>00000000005500</PotenciaAFacturar>
            <PrecioPotencia>00000.104229000</PrecioPotencia>
          </Periodo>
          <Periodo>
            <PotenciaContratada>00000000000000</PotenciaContratada>
            <PotenciaMaxDemandada>00000000000000</PotenciaMaxDemandada>
            <PotenciaAFacturar>00000000000000</PotenciaAFacturar>
            <PrecioPotencia>00000.000000000</PrecioPotencia>
          </Periodo>
          <Periodo>
            <PotenciaContratada>00000000000000</PotenciaContratada>
            <PotenciaMaxDemandada>00000000000000</PotenciaMaxDemandada>
            <PotenciaAFacturar>00000000000000</PotenciaAFacturar>
            <PrecioPotencia>00000.000000000</PrecioPotencia>
          </Periodo>
          <Periodo>
            <PotenciaContratada>00000000000000</PotenciaContratada>
            <PotenciaMaxDemandada>00000000000000</PotenciaMaxDemandada>
            <PotenciaAFacturar>00000000000000</PotenciaAFacturar>
            <PrecioPotencia>00000.000000000</PrecioPotencia>
          </Periodo>
          <Periodo>
            <PotenciaContratada>00000000000000</PotenciaContratada>
            <PotenciaMaxDemandada>00000000000000</PotenciaMaxDemandada>
            <PotenciaAFacturar>00000000000000</PotenciaAFacturar>
            <PrecioPotencia>00000.000000000</PrecioPotencia>
          </Periodo>
          <Periodo>
            <PotenciaContratada>00000000000000</PotenciaContratada>
            <PotenciaMaxDemandada>00000000000000</PotenciaMaxDemandada>
            <PotenciaAFacturar>00000000000000</PotenciaAFacturar>
            <PrecioPotencia>00000.000000000</PrecioPotencia>
          </Periodo>
        </TerminoPotencia>
        <PenalizacionNoICP>N</PenalizacionNoICP>
        <ImporteTotalTerminoPotencia>+0000000017.20</ImporteTotalTerminoPotencia>
      </Potencia>
      <EnergiaActiva>
        <TerminoEnergiaActiva>
          <FechaDesde>2018-01-16</FechaDesde>
          <FechaHasta>2018-02-15</FechaHasta>
          <Periodo>
            <ValorEnergiaActiva>+00000000161.00</ValorEnergiaActiva>
            <PrecioEnergia>00000.044027000</PrecioEnergia>
          </Periodo>
          <Periodo>
            <ValorEnergiaActiva>+00000000000.00</ValorEnergiaActiva>
            <PrecioEnergia>00000.000000000</PrecioEnergia>
          </Periodo>
          <Periodo>
            <ValorEnergiaActiva>+00000000000.00</ValorEnergiaActiva>
            <PrecioEnergia>00000.000000000</PrecioEnergia>
          </Periodo>
          <Periodo>
            <ValorEnergiaActiva>+00000000000.00</ValorEnergiaActiva>
            <PrecioEnergia>00000.000000000</PrecioEnergia>
          </Periodo>
          <Periodo>
            <ValorEnergiaActiva>+00000000000.00</ValorEnergiaActiva>
            <PrecioEnergia>00000.000000000</PrecioEnergia>
          </Periodo>
          <Periodo>
            <ValorEnergiaActiva>+00000000000.00</ValorEnergiaActiva>
            <PrecioEnergia>00000.000000000</PrecioEnergia>
          </Periodo>
        </TerminoEnergiaActiva>
        <ImporteTotalEnergiaActiva>+0000000007.09</ImporteTotalEnergiaActiva>
      </EnergiaActiva>
      <ImpuestoElectrico>
        <BaseImponible>+0000000000.00</BaseImponible>
        <Porcentaje>00000.00000000</Porcentaje>
        <Importe>+0000000000.00</Importe>
      </ImpuestoElectrico>
      <Alquileres>
        <PrecioDiarioAlquiler>
          <PrecioDia>00000.026630000</PrecioDia>
          <NumeroDias>030</NumeroDias>
        </PrecioDiarioAlquiler>
        <ImporteFacturacionAlquileres>+0000000000.80</ImporteFacturacionAlquileres>
      </Alquileres>
      <IVA>
        <BaseImponible>+0000000000.80</BaseImponible>
        <Porcentaje>0007.00</Porcentaje>
        <Importe>+0000000000.06</Importe>
      </IVA>
      <IVAReducido>
        <BaseImponible>+0000000024.29</BaseImponible>
        <Porcentaje>0003.00</Porcentaje>
        <Importe>+0000000000.73</Importe>
      </IVAReducido>
      <Medidas>
        <CodPM>ES0031601129881006PD2P</CodPM>
        <ModeloAparato>
          <TipoAparato>TG</TipoAparato>
          <MarcaAparato>199</MarcaAparato>
          <NumeroSerie>303900548</NumeroSerie>
          <TipoDHEdM>1</TipoDHEdM>
          <Integrador>
            <Magnitud>AE</Magnitud>
            <CodigoPeriodo>10</CodigoPeriodo>
            <ConstanteMultiplicadora>000001.000</ConstanteMultiplicadora>
            <NumeroRuedasEnteras>06</NumeroRuedasEnteras>
            <NumeroRuedasDecimales>00</NumeroRuedasDecimales>
            <ConsumoCalculado>+0000000161.00</ConsumoCalculado>
            <LecturaDesde>
              <Fecha>2018-01-16</Fecha>
              <Procedencia>60</Procedencia>
              <Lectura>0000002922.00</Lectura>
            </LecturaDesde>
            <LecturaHasta>
              <Fecha>2018-02-15</Fecha>
              <Procedencia>60</Procedencia>
              <Lectura>0000003083.00</Lectura>
            </LecturaHasta>
          </Integrador>
        </ModeloAparato>
      </Medidas>
    </FacturaATR>
    <RegistroFin>
      <ImporteTotal>+0000000001203.36</ImporteTotal>
      <SaldoTotalFacturacion>+0000000000000.00</SaldoTotalFacturacion>
      <TotalRecibos>00020</TotalRecibos>
      <TipoMoneda>02</TipoMoneda>
      <FechaValor>2018-02-16</FechaValor>
      <FechaLimitePago>2018-03-08</FechaLimitePago>
      <IdRemesa>00000000000000000002619983</IdRemesa>
    </RegistroFin>
  </Facturas>
  <OtrosDatosFactura>
    <SociedadMercantilEmisora>ENDESA DISTRIBUCION ELECTRICA SLU</SociedadMercantilEmisora>
    <SociedadMercantilDestino>SUNAIR ONE ENERGY, S.L.</SociedadMercantilDestino>
    <DireccionEmisora>AV VILANOVA</DireccionEmisora>
    <DireccionDestino>P.I.AGRO REUS C/ IGNASI I</DireccionDestino>
  </OtrosDatosFactura>
</MensajeFacturacion>