<?xml version="1.0" encoding="UTF-8"?><MensajeFacturacion xmlns="http://localhost/elegibilidad">
  <Cabecera>
    <CodigoREEEmpresaEmisora>0029</CodigoREEEmpresaEmisora>
    <CodigoREEEmpresaDestino>0815</CodigoREEEmpresaDestino>
    <CodigoDelProceso>F1</CodigoDelProceso>
    <CodigoDePaso>01</CodigoDePaso>
    <CodigoDeSolicitud>000001508962</CodigoDeSolicitud>
    <SecuencialDeSolicitud>00</SecuencialDeSolicitud>
    <FechaSolicitud>2018-02-16T01:21:20</FechaSolicitud>
    <CUPS>ES0031300632566001KT0F</CUPS>
  </Cabecera>
  <Facturas>
    <FacturaATR>
      <DatosGeneralesFacturaATR>
        <DireccionSuministro>
          <Pais>ESPAÑA</Pais>
          <Provincia>50</Provincia>
          <Municipio>000067</Municipio>
          <Poblacion>000000231</Poblacion>
          <TipoVia>PI</TipoVia>
          <CodPostal>50300</CodPostal>
          <Calle>MEDIAVEGA(1º FASE)</Calle>
          <NumeroFinca>00000</NumeroFinca>
          <TipoAclaradorFinca>PC</TipoAclaradorFinca>
          <AclaradorFinca>1.11,NAVE A</AclaradorFinca>
        </DireccionSuministro>
        <Cliente>
          <TipoIdentificador>NI</TipoIdentificador>
          <Identificador>B55567986</Identificador>
        </Cliente>
        <CodContrato>097020674367</CodContrato>
        <DatosGeneralesFactura>
          <CodigoFiscalFactura>J3802Y00000033</CodigoFiscalFactura>
          <TipoFactura>R</TipoFactura>
          <MotivoFacturacion>03</MotivoFacturacion>
          <CodigoFacturaRectificadaAnulada>J4702N00008374</CodigoFacturaRectificadaAnulada>
          <Expediente>
            <NumeroExpediente>0000000000000000</NumeroExpediente>
            <CodigoSolicitud>000000000000</CodigoSolicitud>
          </Expediente>
          <FechaFactura>2018-02-16</FechaFactura>
          <IdentificadorEmisora>B82846817</IdentificadorEmisora>
          <Comentarios>1508962                                                                                             </Comentarios>
          <ImporteTotalFactura>+0000000028.13</ImporteTotalFactura>
          <SaldoFactura>-0000000044.31</SaldoFactura>
          <TipoMoneda>02</TipoMoneda>
        </DatosGeneralesFactura>
        <DatosFacturaATR>
          <FechaBOE>2016-12-29</FechaBOE>
          <TarifaATRFact>003</TarifaATRFact>
          <ModoControlPotencia>2</ModoControlPotencia>
          <MarcaMedidaConPerdidas>N</MarcaMedidaConPerdidas>
          <IndicativoCurvaCarga>02</IndicativoCurvaCarga>
          <Periodo>
            <FechaDesdeFactura>2017-09-02</FechaDesdeFactura>
            <FechaHastaFactura>2017-09-07</FechaHastaFactura>
            <NumeroDias>005</NumeroDias>
          </Periodo>
        </DatosFacturaATR>
      </DatosGeneralesFacturaATR>
      <Potencia>
        <TerminoPotencia>
          <FechaDesde>2017-09-02</FechaDesde>
          <FechaHasta>2017-09-07</FechaHasta>
          <Periodo>
            <PotenciaContratada>00000000018100</PotenciaContratada>
            <PotenciaMaxDemandada>00000000014000</PotenciaMaxDemandada>
            <PotenciaAFacturar>00000000015385</PotenciaAFacturar>
            <PrecioPotencia>00000.111585986</PrecioPotencia>
          </Periodo>
          <Periodo>
            <PotenciaContratada>00000000023000</PotenciaContratada>
            <PotenciaMaxDemandada>00000000010000</PotenciaMaxDemandada>
            <PotenciaAFacturar>00000000019550</PotenciaAFacturar>
            <PrecioPotencia>00000.066951589</PrecioPotencia>
          </Periodo>
          <Periodo>
            <PotenciaContratada>00000000023000</PotenciaContratada>
            <PotenciaMaxDemandada>00000000007000</PotenciaMaxDemandada>
            <PotenciaAFacturar>00000000019550</PotenciaAFacturar>
            <PrecioPotencia>00000.044634397</PrecioPotencia>
          </Periodo>
          <Periodo>
            <PotenciaContratada>00000000000000</PotenciaContratada>
            <PotenciaMaxDemandada>00000000000000</PotenciaMaxDemandada>
            <PotenciaAFacturar>00000000000000</PotenciaAFacturar>
            <PrecioPotencia>00000.000000000</PrecioPotencia>
          </Periodo>
          <Periodo>
            <PotenciaContratada>00000000000000</PotenciaContratada>
            <PotenciaMaxDemandada>00000000000000</PotenciaMaxDemandada>
            <PotenciaAFacturar>00000000000000</PotenciaAFacturar>
            <PrecioPotencia>00000.000000000</PrecioPotencia>
          </Periodo>
          <Periodo>
            <PotenciaContratada>00000000000000</PotenciaContratada>
            <PotenciaMaxDemandada>00000000000000</PotenciaMaxDemandada>
            <PotenciaAFacturar>00000000000000</PotenciaAFacturar>
            <PrecioPotencia>00000.000000000</PrecioPotencia>
          </Periodo>
        </TerminoPotencia>
        <PenalizacionNoICP>N</PenalizacionNoICP>
        <ImporteTotalTerminoPotencia>+0000000019.49</ImporteTotalTerminoPotencia>
      </Potencia>
      <EnergiaActiva>
        <TerminoEnergiaActiva>
          <FechaDesde>2017-09-02</FechaDesde>
          <FechaHasta>2017-09-07</FechaHasta>
          <Periodo>
            <ValorEnergiaActiva>+00000000038.00</ValorEnergiaActiva>
            <PrecioEnergia>00000.018762000</PrecioEnergia>
          </Periodo>
          <Periodo>
            <ValorEnergiaActiva>+00000000071.00</ValorEnergiaActiva>
            <PrecioEnergia>00000.012575000</PrecioEnergia>
          </Periodo>
          <Periodo>
            <ValorEnergiaActiva>+00000000035.00</ValorEnergiaActiva>
            <PrecioEnergia>00000.004670000</PrecioEnergia>
          </Periodo>
          <Periodo>
            <ValorEnergiaActiva>+00000000000.00</ValorEnergiaActiva>
            <PrecioEnergia>00000.000000000</PrecioEnergia>
          </Periodo>
          <Periodo>
            <ValorEnergiaActiva>+00000000000.00</ValorEnergiaActiva>
            <PrecioEnergia>00000.000000000</PrecioEnergia>
          </Periodo>
          <Periodo>
            <ValorEnergiaActiva>+00000000000.00</ValorEnergiaActiva>
            <PrecioEnergia>00000.000000000</PrecioEnergia>
          </Periodo>
        </TerminoEnergiaActiva>
        <ImporteTotalEnergiaActiva>+0000000001.77</ImporteTotalEnergiaActiva>
      </EnergiaActiva>
      <EnergiaReactiva>
        <TerminoEnergiaReactiva>
          <FechaDesde>2017-09-02</FechaDesde>
          <FechaHasta>2017-09-07</FechaHasta>
          <Periodo>
            <ValorEnergiaReactiva>+00000000005.00</ValorEnergiaReactiva>
            <PrecioEnergiaReactiva>00000.041554000</PrecioEnergiaReactiva>
          </Periodo>
          <Periodo>
            <ValorEnergiaReactiva>+00000000000.00</ValorEnergiaReactiva>
            <PrecioEnergiaReactiva>00000000000000</PrecioEnergiaReactiva>
          </Periodo>
          <Periodo>
            <ValorEnergiaReactiva>+00000000000.00</ValorEnergiaReactiva>
            <PrecioEnergiaReactiva>00000000000000</PrecioEnergiaReactiva>
          </Periodo>
          <Periodo>
            <ValorEnergiaReactiva>+00000000000.00</ValorEnergiaReactiva>
            <PrecioEnergiaReactiva>00000000000000</PrecioEnergiaReactiva>
          </Periodo>
          <Periodo>
            <ValorEnergiaReactiva>+00000000000.00</ValorEnergiaReactiva>
            <PrecioEnergiaReactiva>00000000000000</PrecioEnergiaReactiva>
          </Periodo>
          <Periodo>
            <ValorEnergiaReactiva>+00000000000.00</ValorEnergiaReactiva>
            <PrecioEnergiaReactiva>00000000000000</PrecioEnergiaReactiva>
          </Periodo>
        </TerminoEnergiaReactiva>
        <ImporteTotalEnergiaReactiva>+0000000000.21</ImporteTotalEnergiaReactiva>
      </EnergiaReactiva>
      <ImpuestoElectrico>
        <BaseImponible>+0000000000.00</BaseImponible>
        <Porcentaje>00000.00000000</Porcentaje>
        <Importe>+0000000000.00</Importe>
      </ImpuestoElectrico>
      <Alquileres>
        <PrecioDiarioAlquiler>
          <PrecioDia>00000.355068000</PrecioDia>
          <NumeroDias>005</NumeroDias>
        </PrecioDiarioAlquiler>
        <ImporteFacturacionAlquileres>+0000000001.78</ImporteFacturacionAlquileres>
      </Alquileres>
      <IVA>
        <BaseImponible>+0000000023.25</BaseImponible>
        <Porcentaje>0021.00</Porcentaje>
        <Importe>+0000000004.88</Importe>
      </IVA>
      <Medidas>
        <CodPM>ES0031300632566001KT0F</CodPM>
        <ModeloAparato>
          <TipoAparato>CA</TipoAparato>
          <MarcaAparato>199</MarcaAparato>
          <NumeroSerie>075501239</NumeroSerie>
          <TipoDHEdM>6</TipoDHEdM>
          <Integrador>
            <Magnitud>AE</Magnitud>
            <CodigoPeriodo>62</CodigoPeriodo>
            <ConstanteMultiplicadora>000001.000</ConstanteMultiplicadora>
            <NumeroRuedasEnteras>08</NumeroRuedasEnteras>
            <NumeroRuedasDecimales>00</NumeroRuedasDecimales>
            <ConsumoCalculado>+0000000057.00</ConsumoCalculado>
            <LecturaDesde>
              <Fecha>2017-09-02</Fecha>
              <Procedencia>20</Procedencia>
              <Lectura>0000172369.00</Lectura>
            </LecturaDesde>
            <LecturaHasta>
              <Fecha>2017-09-07</Fecha>
              <Procedencia>40</Procedencia>
              <Lectura>0000172426.00</Lectura>
            </LecturaHasta>
            <FechaHoraMaximetro>2017-09-07T00:00:00</FechaHoraMaximetro>
          </Integrador>
          <Integrador>
            <Magnitud>AE</Magnitud>
            <CodigoPeriodo>63</CodigoPeriodo>
            <ConstanteMultiplicadora>000001.000</ConstanteMultiplicadora>
            <NumeroRuedasEnteras>08</NumeroRuedasEnteras>
            <NumeroRuedasDecimales>00</NumeroRuedasDecimales>
            <ConsumoCalculado>+0000000027.00</ConsumoCalculado>
            <LecturaDesde>
              <Fecha>2017-09-02</Fecha>
              <Procedencia>20</Procedencia>
              <Lectura>0000045649.00</Lectura>
            </LecturaDesde>
            <LecturaHasta>
              <Fecha>2017-09-07</Fecha>
              <Procedencia>40</Procedencia>
              <Lectura>0000045676.00</Lectura>
            </LecturaHasta>
            <FechaHoraMaximetro>2017-09-07T00:00:00</FechaHoraMaximetro>
          </Integrador>
          <Integrador>
            <Magnitud>AE</Magnitud>
            <CodigoPeriodo>61</CodigoPeriodo>
            <ConstanteMultiplicadora>000001.000</ConstanteMultiplicadora>
            <NumeroRuedasEnteras>08</NumeroRuedasEnteras>
            <NumeroRuedasDecimales>00</NumeroRuedasDecimales>
            <ConsumoCalculado>+0000000033.00</ConsumoCalculado>
            <LecturaDesde>
              <Fecha>2017-09-02</Fecha>
              <Procedencia>20</Procedencia>
              <Lectura>0000056042.00</Lectura>
            </LecturaDesde>
            <LecturaHasta>
              <Fecha>2017-09-07</Fecha>
              <Procedencia>40</Procedencia>
              <Lectura>0000056075.00</Lectura>
            </LecturaHasta>
            <FechaHoraMaximetro>2017-09-07T00:00:00</FechaHoraMaximetro>
          </Integrador>
          <Integrador>
            <Magnitud>R1</Magnitud>
            <CodigoPeriodo>62</CodigoPeriodo>
            <ConstanteMultiplicadora>000001.000</ConstanteMultiplicadora>
            <NumeroRuedasEnteras>08</NumeroRuedasEnteras>
            <NumeroRuedasDecimales>00</NumeroRuedasDecimales>
            <ConsumoCalculado>+0000000019.00</ConsumoCalculado>
            <LecturaDesde>
              <Fecha>2017-09-02</Fecha>
              <Procedencia>20</Procedencia>
              <Lectura>0000043206.00</Lectura>
            </LecturaDesde>
            <LecturaHasta>
              <Fecha>2017-09-07</Fecha>
              <Procedencia>40</Procedencia>
              <Lectura>0000043225.00</Lectura>
            </LecturaHasta>
            <FechaHoraMaximetro>2017-09-07T00:00:00</FechaHoraMaximetro>
          </Integrador>
          <Integrador>
            <Magnitud>R1</Magnitud>
            <CodigoPeriodo>63</CodigoPeriodo>
            <ConstanteMultiplicadora>000001.000</ConstanteMultiplicadora>
            <NumeroRuedasEnteras>08</NumeroRuedasEnteras>
            <NumeroRuedasDecimales>00</NumeroRuedasDecimales>
            <ConsumoCalculado>+0000000005.00</ConsumoCalculado>
            <LecturaDesde>
              <Fecha>2017-09-02</Fecha>
              <Procedencia>20</Procedencia>
              <Lectura>0000010209.00</Lectura>
            </LecturaDesde>
            <LecturaHasta>
              <Fecha>2017-09-07</Fecha>
              <Procedencia>40</Procedencia>
              <Lectura>0000010214.00</Lectura>
            </LecturaHasta>
            <FechaHoraMaximetro>2017-09-07T00:00:00</FechaHoraMaximetro>
          </Integrador>
          <Integrador>
            <Magnitud>R1</Magnitud>
            <CodigoPeriodo>61</CodigoPeriodo>
            <ConstanteMultiplicadora>000001.000</ConstanteMultiplicadora>
            <NumeroRuedasEnteras>08</NumeroRuedasEnteras>
            <NumeroRuedasDecimales>00</NumeroRuedasDecimales>
            <ConsumoCalculado>+0000000018.00</ConsumoCalculado>
            <LecturaDesde>
              <Fecha>2017-09-02</Fecha>
              <Procedencia>20</Procedencia>
              <Lectura>0000012702.00</Lectura>
            </LecturaDesde>
            <LecturaHasta>
              <Fecha>2017-09-07</Fecha>
              <Procedencia>40</Procedencia>
              <Lectura>0000012720.00</Lectura>
            </LecturaHasta>
            <FechaHoraMaximetro>2017-09-07T00:00:00</FechaHoraMaximetro>
          </Integrador>
          <Integrador>
            <Magnitud>PM</Magnitud>
            <CodigoPeriodo>62</CodigoPeriodo>
            <ConstanteMultiplicadora>000001.000</ConstanteMultiplicadora>
            <NumeroRuedasEnteras>08</NumeroRuedasEnteras>
            <NumeroRuedasDecimales>00</NumeroRuedasDecimales>
            <ConsumoCalculado>+0000010000.00</ConsumoCalculado>
            <LecturaDesde>
              <Fecha>2017-09-02</Fecha>
              <Procedencia>20</Procedencia>
              <Lectura>0000000000.00</Lectura>
            </LecturaDesde>
            <LecturaHasta>
              <Fecha>2017-09-07</Fecha>
              <Procedencia>40</Procedencia>
              <Lectura>0000010000.00</Lectura>
            </LecturaHasta>
            <FechaHoraMaximetro>2017-09-07T00:00:00</FechaHoraMaximetro>
          </Integrador>
          <Integrador>
            <Magnitud>PM</Magnitud>
            <CodigoPeriodo>63</CodigoPeriodo>
            <ConstanteMultiplicadora>000001.000</ConstanteMultiplicadora>
            <NumeroRuedasEnteras>08</NumeroRuedasEnteras>
            <NumeroRuedasDecimales>00</NumeroRuedasDecimales>
            <ConsumoCalculado>+0000007000.00</ConsumoCalculado>
            <LecturaDesde>
              <Fecha>2017-09-02</Fecha>
              <Procedencia>20</Procedencia>
              <Lectura>0000000000.00</Lectura>
            </LecturaDesde>
            <LecturaHasta>
              <Fecha>2017-09-07</Fecha>
              <Procedencia>40</Procedencia>
              <Lectura>0000007000.00</Lectura>
            </LecturaHasta>
            <FechaHoraMaximetro>2017-09-07T00:00:00</FechaHoraMaximetro>
          </Integrador>
          <Integrador>
            <Magnitud>PM</Magnitud>
            <CodigoPeriodo>61</CodigoPeriodo>
            <ConstanteMultiplicadora>000001.000</ConstanteMultiplicadora>
            <NumeroRuedasEnteras>08</NumeroRuedasEnteras>
            <NumeroRuedasDecimales>00</NumeroRuedasDecimales>
            <ConsumoCalculado>+0000014000.00</ConsumoCalculado>
            <LecturaDesde>
              <Fecha>2017-09-02</Fecha>
              <Procedencia>20</Procedencia>
              <Lectura>0000000000.00</Lectura>
            </LecturaDesde>
            <LecturaHasta>
              <Fecha>2017-09-07</Fecha>
              <Procedencia>40</Procedencia>
              <Lectura>0000014000.00</Lectura>
            </LecturaHasta>
            <FechaHoraMaximetro>2017-09-07T00:00:00</FechaHoraMaximetro>
          </Integrador>
          <Integrador>
            <Magnitud>AE</Magnitud>
            <CodigoPeriodo>64</CodigoPeriodo>
            <ConstanteMultiplicadora>000001.000</ConstanteMultiplicadora>
            <NumeroRuedasEnteras>08</NumeroRuedasEnteras>
            <NumeroRuedasDecimales>00</NumeroRuedasDecimales>
            <ConsumoCalculado>+0000000005.00</ConsumoCalculado>
            <LecturaDesde>
              <Fecha>2017-09-02</Fecha>
              <Procedencia>20</Procedencia>
              <Lectura>0000010367.00</Lectura>
            </LecturaDesde>
            <LecturaHasta>
              <Fecha>2017-09-07</Fecha>
              <Procedencia>40</Procedencia>
              <Lectura>0000010372.00</Lectura>
            </LecturaHasta>
            <FechaHoraMaximetro>2017-09-07T00:00:00</FechaHoraMaximetro>
          </Integrador>
          <Integrador>
            <Magnitud>AE</Magnitud>
            <CodigoPeriodo>65</CodigoPeriodo>
            <ConstanteMultiplicadora>000001.000</ConstanteMultiplicadora>
            <NumeroRuedasEnteras>08</NumeroRuedasEnteras>
            <NumeroRuedasDecimales>00</NumeroRuedasDecimales>
            <ConsumoCalculado>+0000000014.00</ConsumoCalculado>
            <LecturaDesde>
              <Fecha>2017-09-02</Fecha>
              <Procedencia>20</Procedencia>
              <Lectura>0000024315.00</Lectura>
            </LecturaDesde>
            <LecturaHasta>
              <Fecha>2017-09-07</Fecha>
              <Procedencia>40</Procedencia>
              <Lectura>0000024329.00</Lectura>
            </LecturaHasta>
            <FechaHoraMaximetro>2017-09-07T00:00:00</FechaHoraMaximetro>
          </Integrador>
          <Integrador>
            <Magnitud>AE</Magnitud>
            <CodigoPeriodo>66</CodigoPeriodo>
            <ConstanteMultiplicadora>000001.000</ConstanteMultiplicadora>
            <NumeroRuedasEnteras>08</NumeroRuedasEnteras>
            <NumeroRuedasDecimales>00</NumeroRuedasDecimales>
            <ConsumoCalculado>+0000000008.00</ConsumoCalculado>
            <LecturaDesde>
              <Fecha>2017-09-02</Fecha>
              <Procedencia>20</Procedencia>
              <Lectura>0000010063.00</Lectura>
            </LecturaDesde>
            <LecturaHasta>
              <Fecha>2017-09-07</Fecha>
              <Procedencia>40</Procedencia>
              <Lectura>0000010071.00</Lectura>
            </LecturaHasta>
            <FechaHoraMaximetro>2017-09-07T00:00:00</FechaHoraMaximetro>
          </Integrador>
          <Integrador>
            <Magnitud>R1</Magnitud>
            <CodigoPeriodo>64</CodigoPeriodo>
            <ConstanteMultiplicadora>000001.000</ConstanteMultiplicadora>
            <NumeroRuedasEnteras>08</NumeroRuedasEnteras>
            <NumeroRuedasDecimales>00</NumeroRuedasDecimales>
            <ConsumoCalculado>+0000000000.00</ConsumoCalculado>
            <LecturaDesde>
              <Fecha>2017-09-02</Fecha>
              <Procedencia>20</Procedencia>
              <Lectura>0000001426.00</Lectura>
            </LecturaDesde>
            <LecturaHasta>
              <Fecha>2017-09-07</Fecha>
              <Procedencia>40</Procedencia>
              <Lectura>0000001426.00</Lectura>
            </LecturaHasta>
            <FechaHoraMaximetro>2017-09-07T00:00:00</FechaHoraMaximetro>
          </Integrador>
          <Integrador>
            <Magnitud>R1</Magnitud>
            <CodigoPeriodo>65</CodigoPeriodo>
            <ConstanteMultiplicadora>000001.000</ConstanteMultiplicadora>
            <NumeroRuedasEnteras>08</NumeroRuedasEnteras>
            <NumeroRuedasDecimales>00</NumeroRuedasDecimales>
            <ConsumoCalculado>+0000000002.00</ConsumoCalculado>
            <LecturaDesde>
              <Fecha>2017-09-02</Fecha>
              <Procedencia>20</Procedencia>
              <Lectura>0000003753.00</Lectura>
            </LecturaDesde>
            <LecturaHasta>
              <Fecha>2017-09-07</Fecha>
              <Procedencia>40</Procedencia>
              <Lectura>0000003755.00</Lectura>
            </LecturaHasta>
            <FechaHoraMaximetro>2017-09-07T00:00:00</FechaHoraMaximetro>
          </Integrador>
          <Integrador>
            <Magnitud>R1</Magnitud>
            <CodigoPeriodo>66</CodigoPeriodo>
            <ConstanteMultiplicadora>000001.000</ConstanteMultiplicadora>
            <NumeroRuedasEnteras>08</NumeroRuedasEnteras>
            <NumeroRuedasDecimales>00</NumeroRuedasDecimales>
            <ConsumoCalculado>+0000000001.00</ConsumoCalculado>
            <LecturaDesde>
              <Fecha>2017-09-02</Fecha>
              <Procedencia>20</Procedencia>
              <Lectura>0000001057.00</Lectura>
            </LecturaDesde>
            <LecturaHasta>
              <Fecha>2017-09-07</Fecha>
              <Procedencia>40</Procedencia>
              <Lectura>0000001058.00</Lectura>
            </LecturaHasta>
            <FechaHoraMaximetro>2017-09-07T00:00:00</FechaHoraMaximetro>
          </Integrador>
          <Integrador>
            <Magnitud>PM</Magnitud>
            <CodigoPeriodo>64</CodigoPeriodo>
            <ConstanteMultiplicadora>000001.000</ConstanteMultiplicadora>
            <NumeroRuedasEnteras>08</NumeroRuedasEnteras>
            <NumeroRuedasDecimales>00</NumeroRuedasDecimales>
            <ConsumoCalculado>+0000001000.00</ConsumoCalculado>
            <LecturaDesde>
              <Fecha>2017-09-02</Fecha>
              <Procedencia>20</Procedencia>
              <Lectura>0000000000.00</Lectura>
            </LecturaDesde>
            <LecturaHasta>
              <Fecha>2017-09-07</Fecha>
              <Procedencia>40</Procedencia>
              <Lectura>0000001000.00</Lectura>
            </LecturaHasta>
            <FechaHoraMaximetro>2017-09-07T00:00:00</FechaHoraMaximetro>
          </Integrador>
          <Integrador>
            <Magnitud>PM</Magnitud>
            <CodigoPeriodo>65</CodigoPeriodo>
            <ConstanteMultiplicadora>000001.000</ConstanteMultiplicadora>
            <NumeroRuedasEnteras>08</NumeroRuedasEnteras>
            <NumeroRuedasDecimales>00</NumeroRuedasDecimales>
            <ConsumoCalculado>+0000005000.00</ConsumoCalculado>
            <LecturaDesde>
              <Fecha>2017-09-02</Fecha>
              <Procedencia>20</Procedencia>
              <Lectura>0000000000.00</Lectura>
            </LecturaDesde>
            <LecturaHasta>
              <Fecha>2017-09-07</Fecha>
              <Procedencia>40</Procedencia>
              <Lectura>0000005000.00</Lectura>
            </LecturaHasta>
            <FechaHoraMaximetro>2017-09-07T00:00:00</FechaHoraMaximetro>
          </Integrador>
          <Integrador>
            <Magnitud>PM</Magnitud>
            <CodigoPeriodo>66</CodigoPeriodo>
            <ConstanteMultiplicadora>000001.000</ConstanteMultiplicadora>
            <NumeroRuedasEnteras>08</NumeroRuedasEnteras>
            <NumeroRuedasDecimales>00</NumeroRuedasDecimales>
            <ConsumoCalculado>+0000001000.00</ConsumoCalculado>
            <LecturaDesde>
              <Fecha>2017-09-02</Fecha>
              <Procedencia>20</Procedencia>
              <Lectura>0000000000.00</Lectura>
            </LecturaDesde>
            <LecturaHasta>
              <Fecha>2017-09-07</Fecha>
              <Procedencia>40</Procedencia>
              <Lectura>0000001000.00</Lectura>
            </LecturaHasta>
            <FechaHoraMaximetro>2017-09-07T00:00:00</FechaHoraMaximetro>
          </Integrador>
          <Integrador>
            <Magnitud>AE</Magnitud>
            <CodigoPeriodo>60</CodigoPeriodo>
            <ConstanteMultiplicadora>000001.000</ConstanteMultiplicadora>
            <NumeroRuedasEnteras>08</NumeroRuedasEnteras>
            <NumeroRuedasDecimales>00</NumeroRuedasDecimales>
            <ConsumoCalculado>+0000000144.00</ConsumoCalculado>
            <LecturaDesde>
              <Fecha>2017-09-02</Fecha>
              <Procedencia>20</Procedencia>
              <Lectura>0000318808.00</Lectura>
            </LecturaDesde>
            <LecturaHasta>
              <Fecha>2017-09-07</Fecha>
              <Procedencia>40</Procedencia>
              <Lectura>0000318949.00</Lectura>
            </LecturaHasta>
            <FechaHoraMaximetro>2017-09-07T00:00:00</FechaHoraMaximetro>
          </Integrador>
          <Integrador>
            <Magnitud>R1</Magnitud>
            <CodigoPeriodo>60</CodigoPeriodo>
            <ConstanteMultiplicadora>000001.000</ConstanteMultiplicadora>
            <NumeroRuedasEnteras>08</NumeroRuedasEnteras>
            <NumeroRuedasDecimales>00</NumeroRuedasDecimales>
            <ConsumoCalculado>+0000000045.00</ConsumoCalculado>
            <LecturaDesde>
              <Fecha>2017-09-02</Fecha>
              <Procedencia>20</Procedencia>
              <Lectura>0000072356.00</Lectura>
            </LecturaDesde>
            <LecturaHasta>
              <Fecha>2017-09-07</Fecha>
              <Procedencia>40</Procedencia>
              <Lectura>0000072398.00</Lectura>
            </LecturaHasta>
            <FechaHoraMaximetro>2017-09-07T00:00:00</FechaHoraMaximetro>
          </Integrador>
        </ModeloAparato>
      </Medidas>
    </FacturaATR>
    <RegistroFin>
      <ImporteTotal>+0000000000822.83</ImporteTotal>
      <SaldoTotalFacturacion>-0000000000044.31</SaldoTotalFacturacion>
      <TotalRecibos>00004</TotalRecibos>
      <TipoMoneda>02</TipoMoneda>
      <FechaValor>2018-02-16</FechaValor>
      <FechaLimitePago>2018-03-08</FechaLimitePago>
      <IdRemesa>00000000000000000001508962</IdRemesa>
    </RegistroFin>
  </Facturas>
  <OtrosDatosFactura>
    <SociedadMercantilEmisora>ENDESA DISTRIBUCION ELECTRICA, S.L.U.</SociedadMercantilEmisora>
    <SociedadMercantilDestino>SUNAIR ONE ENERGY, S.L.</SociedadMercantilDestino>
    <DireccionEmisora>AV VILANOVA</DireccionEmisora>
    <DireccionDestino>P.I.AGRO REUS C/ IGNASI I</DireccionDestino>
  </OtrosDatosFactura>
</MensajeFacturacion>