<?xml version="1.0" encoding="UTF-8"?><MensajeFacturacion xmlns="http://localhost/elegibilidad">
  <Cabecera>
    <CodigoREEEmpresaEmisora>0029</CodigoREEEmpresaEmisora>
    <CodigoREEEmpresaDestino>0815</CodigoREEEmpresaDestino>
    <CodigoDelProceso>F1</CodigoDelProceso>
    <CodigoDePaso>01</CodigoDePaso>
    <CodigoDeSolicitud>000001509474</CodigoDeSolicitud>
    <SecuencialDeSolicitud>00</SecuencialDeSolicitud>
    <FechaSolicitud>2018-02-18T12:35:38</FechaSolicitud>
    <CUPS>ES0031300044117001KC0F</CUPS>
  </Cabecera>
  <Facturas>
    <FacturaATR>
      <DatosGeneralesFacturaATR>
        <DireccionSuministro>
          <Pais>ESPAÑA</Pais>
          <Provincia>50</Provincia>
          <Municipio>000297</Municipio>
          <Poblacion>000000001</Poblacion>
          <TipoVia>TR</TipoVia>
          <CodPostal>50007</CodPostal>
          <Calle>PUENTE VIRREY</Calle>
          <NumeroFinca>00005</NumeroFinca>
          <Piso>LO</Piso>
          <AclaradorFinca>7</AclaradorFinca>
        </DireccionSuministro>
        <Cliente>
          <TipoIdentificador>NI</TipoIdentificador>
          <Identificador>B55567986</Identificador>
        </Cliente>
        <CodContrato>097022799979</CodContrato>
        <DatosGeneralesFactura>
          <CodigoFiscalFactura>J1801N03258573</CodigoFiscalFactura>
          <TipoFactura>N</TipoFactura>
          <MotivoFacturacion>01</MotivoFacturacion>
          <Expediente>
            <NumeroExpediente>0000000000000000</NumeroExpediente>
            <CodigoSolicitud>000000000000</CodigoSolicitud>
          </Expediente>
          <FechaFactura>2018-02-18</FechaFactura>
          <IdentificadorEmisora>B82846817</IdentificadorEmisora>
          <Comentarios>1509474                                                                                             </Comentarios>
          <ImporteTotalFactura>+0000000306.66</ImporteTotalFactura>
          <TipoMoneda>02</TipoMoneda>
        </DatosGeneralesFactura>
        <DatosFacturaATR>
          <FechaBOE>2017-12-27</FechaBOE>
          <TarifaATRFact>003</TarifaATRFact>
          <ModoControlPotencia>2</ModoControlPotencia>
          <MarcaMedidaConPerdidas>N</MarcaMedidaConPerdidas>
          <IndicativoCurvaCarga>02</IndicativoCurvaCarga>
          <Periodo>
            <FechaDesdeFactura>2018-01-16</FechaDesdeFactura>
            <FechaHastaFactura>2018-02-16</FechaHastaFactura>
            <NumeroDias>031</NumeroDias>
          </Periodo>
        </DatosFacturaATR>
      </DatosGeneralesFacturaATR>
      <Potencia>
        <TerminoPotencia>
          <FechaDesde>2018-01-16</FechaDesde>
          <FechaHasta>2018-02-16</FechaHasta>
          <Periodo>
            <PotenciaContratada>00000000023000</PotenciaContratada>
            <PotenciaMaxDemandada>00000000017000</PotenciaMaxDemandada>
            <PotenciaAFacturar>00000000019550</PotenciaAFacturar>
            <PrecioPotencia>00000.111585986</PrecioPotencia>
          </Periodo>
          <Periodo>
            <PotenciaContratada>00000000023000</PotenciaContratada>
            <PotenciaMaxDemandada>00000000026000</PotenciaMaxDemandada>
            <PotenciaAFacturar>00000000029700</PotenciaAFacturar>
            <PrecioPotencia>00000.066951589</PrecioPotencia>
          </Periodo>
          <Periodo>
            <PotenciaContratada>00000000023000</PotenciaContratada>
            <PotenciaMaxDemandada>00000000000000</PotenciaMaxDemandada>
            <PotenciaAFacturar>00000000019550</PotenciaAFacturar>
            <PrecioPotencia>00000.044634397</PrecioPotencia>
          </Periodo>
          <Periodo>
            <PotenciaContratada>00000000000000</PotenciaContratada>
            <PotenciaMaxDemandada>00000000000000</PotenciaMaxDemandada>
            <PotenciaAFacturar>00000000000000</PotenciaAFacturar>
            <PrecioPotencia>00000.000000000</PrecioPotencia>
          </Periodo>
          <Periodo>
            <PotenciaContratada>00000000000000</PotenciaContratada>
            <PotenciaMaxDemandada>00000000000000</PotenciaMaxDemandada>
            <PotenciaAFacturar>00000000000000</PotenciaAFacturar>
            <PrecioPotencia>00000.000000000</PrecioPotencia>
          </Periodo>
          <Periodo>
            <PotenciaContratada>00000000000000</PotenciaContratada>
            <PotenciaMaxDemandada>00000000000000</PotenciaMaxDemandada>
            <PotenciaAFacturar>00000000000000</PotenciaAFacturar>
            <PrecioPotencia>00000.000000000</PrecioPotencia>
          </Periodo>
        </TerminoPotencia>
        <PenalizacionNoICP>N</PenalizacionNoICP>
        <ImporteTotalTerminoPotencia>+0000000156.32</ImporteTotalTerminoPotencia>
      </Potencia>
      <EnergiaActiva>
        <TerminoEnergiaActiva>
          <FechaDesde>2018-01-16</FechaDesde>
          <FechaHasta>2018-02-16</FechaHasta>
          <Periodo>
            <ValorEnergiaActiva>+00000000728.00</ValorEnergiaActiva>
            <PrecioEnergia>00000.018762000</PrecioEnergia>
          </Periodo>
          <Periodo>
            <ValorEnergiaActiva>+00000002918.00</ValorEnergiaActiva>
            <PrecioEnergia>00000.012575000</PrecioEnergia>
          </Periodo>
          <Periodo>
            <ValorEnergiaActiva>+00000000085.00</ValorEnergiaActiva>
            <PrecioEnergia>00000.004670000</PrecioEnergia>
          </Periodo>
          <Periodo>
            <ValorEnergiaActiva>+00000000000.00</ValorEnergiaActiva>
            <PrecioEnergia>00000.000000000</PrecioEnergia>
          </Periodo>
          <Periodo>
            <ValorEnergiaActiva>+00000000000.00</ValorEnergiaActiva>
            <PrecioEnergia>00000.000000000</PrecioEnergia>
          </Periodo>
          <Periodo>
            <ValorEnergiaActiva>+00000000000.00</ValorEnergiaActiva>
            <PrecioEnergia>00000.000000000</PrecioEnergia>
          </Periodo>
        </TerminoEnergiaActiva>
        <ImporteTotalEnergiaActiva>+0000000050.75</ImporteTotalEnergiaActiva>
      </EnergiaActiva>
      <EnergiaReactiva>
        <TerminoEnergiaReactiva>
          <FechaDesde>2018-01-16</FechaDesde>
          <FechaHasta>2018-02-16</FechaHasta>
          <Periodo>
            <ValorEnergiaReactiva>+00000000163.00</ValorEnergiaReactiva>
            <PrecioEnergiaReactiva>00000.041554000</PrecioEnergiaReactiva>
          </Periodo>
          <Periodo>
            <ValorEnergiaReactiva>+00000000688.00</ValorEnergiaReactiva>
            <PrecioEnergiaReactiva>00000.041554000</PrecioEnergiaReactiva>
          </Periodo>
          <Periodo>
            <ValorEnergiaReactiva>+00000000000.00</ValorEnergiaReactiva>
            <PrecioEnergiaReactiva>00000000000000</PrecioEnergiaReactiva>
          </Periodo>
          <Periodo>
            <ValorEnergiaReactiva>+00000000000.00</ValorEnergiaReactiva>
            <PrecioEnergiaReactiva>00000000000000</PrecioEnergiaReactiva>
          </Periodo>
          <Periodo>
            <ValorEnergiaReactiva>+00000000000.00</ValorEnergiaReactiva>
            <PrecioEnergiaReactiva>00000000000000</PrecioEnergiaReactiva>
          </Periodo>
          <Periodo>
            <ValorEnergiaReactiva>+00000000000.00</ValorEnergiaReactiva>
            <PrecioEnergiaReactiva>00000000000000</PrecioEnergiaReactiva>
          </Periodo>
        </TerminoEnergiaReactiva>
        <ImporteTotalEnergiaReactiva>+0000000035.36</ImporteTotalEnergiaReactiva>
      </EnergiaReactiva>
      <ImpuestoElectrico>
        <BaseImponible>+0000000000.00</BaseImponible>
        <Porcentaje>00000.00000000</Porcentaje>
        <Importe>+0000000000.00</Importe>
      </ImpuestoElectrico>
      <Alquileres>
        <PrecioDiarioAlquiler>
          <PrecioDia>00000.355068000</PrecioDia>
          <NumeroDias>031</NumeroDias>
        </PrecioDiarioAlquiler>
        <ImporteFacturacionAlquileres>+0000000011.01</ImporteFacturacionAlquileres>
      </Alquileres>
      <IVA>
        <BaseImponible>+0000000253.44</BaseImponible>
        <Porcentaje>0021.00</Porcentaje>
        <Importe>+0000000053.22</Importe>
      </IVA>
      <Medidas>
        <CodPM>ES0031300044117001KC1P</CodPM>
        <ModeloAparato>
          <TipoAparato>CA</TipoAparato>
          <MarcaAparato>199</MarcaAparato>
          <NumeroSerie>063010890</NumeroSerie>
          <TipoDHEdM>6</TipoDHEdM>
          <Integrador>
            <Magnitud>AE</Magnitud>
            <CodigoPeriodo>62</CodigoPeriodo>
            <ConstanteMultiplicadora>000001.000</ConstanteMultiplicadora>
            <NumeroRuedasEnteras>09</NumeroRuedasEnteras>
            <NumeroRuedasDecimales>00</NumeroRuedasDecimales>
            <ConsumoCalculado>+0000002587.00</ConsumoCalculado>
            <LecturaDesde>
              <Fecha>2018-01-16</Fecha>
              <Procedencia>20</Procedencia>
              <Lectura>0000212807.00</Lectura>
            </LecturaDesde>
            <LecturaHasta>
              <Fecha>2018-02-16</Fecha>
              <Procedencia>20</Procedencia>
              <Lectura>0000215394.00</Lectura>
            </LecturaHasta>
            <FechaHoraMaximetro>2018-02-16T23:59:00</FechaHoraMaximetro>
          </Integrador>
          <Integrador>
            <Magnitud>AE</Magnitud>
            <CodigoPeriodo>63</CodigoPeriodo>
            <ConstanteMultiplicadora>000001.000</ConstanteMultiplicadora>
            <NumeroRuedasEnteras>09</NumeroRuedasEnteras>
            <NumeroRuedasDecimales>00</NumeroRuedasDecimales>
            <ConsumoCalculado>+0000000064.00</ConsumoCalculado>
            <LecturaDesde>
              <Fecha>2018-01-16</Fecha>
              <Procedencia>20</Procedencia>
              <Lectura>0000019994.00</Lectura>
            </LecturaDesde>
            <LecturaHasta>
              <Fecha>2018-02-16</Fecha>
              <Procedencia>20</Procedencia>
              <Lectura>0000020058.00</Lectura>
            </LecturaHasta>
            <FechaHoraMaximetro>2018-02-16T13:23:00</FechaHoraMaximetro>
          </Integrador>
          <Integrador>
            <Magnitud>AE</Magnitud>
            <CodigoPeriodo>61</CodigoPeriodo>
            <ConstanteMultiplicadora>000001.000</ConstanteMultiplicadora>
            <NumeroRuedasEnteras>09</NumeroRuedasEnteras>
            <NumeroRuedasDecimales>00</NumeroRuedasDecimales>
            <ConsumoCalculado>+0000000676.00</ConsumoCalculado>
            <LecturaDesde>
              <Fecha>2018-01-16</Fecha>
              <Procedencia>20</Procedencia>
              <Lectura>0000078130.00</Lectura>
            </LecturaDesde>
            <LecturaHasta>
              <Fecha>2018-02-16</Fecha>
              <Procedencia>20</Procedencia>
              <Lectura>0000078806.00</Lectura>
            </LecturaHasta>
            <FechaHoraMaximetro>2018-02-16T13:23:00</FechaHoraMaximetro>
          </Integrador>
          <Integrador>
            <Magnitud>R1</Magnitud>
            <CodigoPeriodo>62</CodigoPeriodo>
            <ConstanteMultiplicadora>000001.000</ConstanteMultiplicadora>
            <NumeroRuedasEnteras>09</NumeroRuedasEnteras>
            <NumeroRuedasDecimales>00</NumeroRuedasDecimales>
            <ConsumoCalculado>+0000001469.00</ConsumoCalculado>
            <LecturaDesde>
              <Fecha>2018-01-16</Fecha>
              <Procedencia>20</Procedencia>
              <Lectura>0000104819.00</Lectura>
            </LecturaDesde>
            <LecturaHasta>
              <Fecha>2018-02-16</Fecha>
              <Procedencia>20</Procedencia>
              <Lectura>0000106288.00</Lectura>
            </LecturaHasta>
            <FechaHoraMaximetro>2018-02-16T23:59:00</FechaHoraMaximetro>
          </Integrador>
          <Integrador>
            <Magnitud>R1</Magnitud>
            <CodigoPeriodo>63</CodigoPeriodo>
            <ConstanteMultiplicadora>000001.000</ConstanteMultiplicadora>
            <NumeroRuedasEnteras>09</NumeroRuedasEnteras>
            <NumeroRuedasDecimales>00</NumeroRuedasDecimales>
            <ConsumoCalculado>+0000000000.00</ConsumoCalculado>
            <LecturaDesde>
              <Fecha>2018-01-16</Fecha>
              <Procedencia>20</Procedencia>
              <Lectura>0000006772.00</Lectura>
            </LecturaDesde>
            <LecturaHasta>
              <Fecha>2018-02-16</Fecha>
              <Procedencia>20</Procedencia>
              <Lectura>0000006772.00</Lectura>
            </LecturaHasta>
            <FechaHoraMaximetro>2018-02-16T13:23:00</FechaHoraMaximetro>
          </Integrador>
          <Integrador>
            <Magnitud>R1</Magnitud>
            <CodigoPeriodo>61</CodigoPeriodo>
            <ConstanteMultiplicadora>000001.000</ConstanteMultiplicadora>
            <NumeroRuedasEnteras>09</NumeroRuedasEnteras>
            <NumeroRuedasDecimales>00</NumeroRuedasDecimales>
            <ConsumoCalculado>+0000000400.00</ConsumoCalculado>
            <LecturaDesde>
              <Fecha>2018-01-16</Fecha>
              <Procedencia>20</Procedencia>
              <Lectura>0000037059.00</Lectura>
            </LecturaDesde>
            <LecturaHasta>
              <Fecha>2018-02-16</Fecha>
              <Procedencia>20</Procedencia>
              <Lectura>0000037459.00</Lectura>
            </LecturaHasta>
            <FechaHoraMaximetro>2018-02-16T13:23:00</FechaHoraMaximetro>
          </Integrador>
          <Integrador>
            <Magnitud>PM</Magnitud>
            <CodigoPeriodo>62</CodigoPeriodo>
            <ConstanteMultiplicadora>000001.000</ConstanteMultiplicadora>
            <NumeroRuedasEnteras>09</NumeroRuedasEnteras>
            <NumeroRuedasDecimales>00</NumeroRuedasDecimales>
            <ConsumoCalculado>+0000026000.00</ConsumoCalculado>
            <LecturaDesde>
              <Fecha>2018-01-16</Fecha>
              <Procedencia>20</Procedencia>
              <Lectura>0000000000.00</Lectura>
            </LecturaDesde>
            <LecturaHasta>
              <Fecha>2018-02-16</Fecha>
              <Procedencia>20</Procedencia>
              <Lectura>0000026000.00</Lectura>
            </LecturaHasta>
            <FechaHoraMaximetro>2018-02-16T23:59:00</FechaHoraMaximetro>
          </Integrador>
          <Integrador>
            <Magnitud>PM</Magnitud>
            <CodigoPeriodo>63</CodigoPeriodo>
            <ConstanteMultiplicadora>000001.000</ConstanteMultiplicadora>
            <NumeroRuedasEnteras>09</NumeroRuedasEnteras>
            <NumeroRuedasDecimales>00</NumeroRuedasDecimales>
            <ConsumoCalculado>+0000000000.00</ConsumoCalculado>
            <LecturaDesde>
              <Fecha>2018-01-16</Fecha>
              <Procedencia>20</Procedencia>
              <Lectura>0000000000.00</Lectura>
            </LecturaDesde>
            <LecturaHasta>
              <Fecha>2018-02-16</Fecha>
              <Procedencia>20</Procedencia>
              <Lectura>0000000000.00</Lectura>
            </LecturaHasta>
            <FechaHoraMaximetro>2018-02-16T13:23:00</FechaHoraMaximetro>
          </Integrador>
          <Integrador>
            <Magnitud>PM</Magnitud>
            <CodigoPeriodo>61</CodigoPeriodo>
            <ConstanteMultiplicadora>000001.000</ConstanteMultiplicadora>
            <NumeroRuedasEnteras>09</NumeroRuedasEnteras>
            <NumeroRuedasDecimales>00</NumeroRuedasDecimales>
            <ConsumoCalculado>+0000017000.00</ConsumoCalculado>
            <LecturaDesde>
              <Fecha>2018-01-16</Fecha>
              <Procedencia>20</Procedencia>
              <Lectura>0000000000.00</Lectura>
            </LecturaDesde>
            <LecturaHasta>
              <Fecha>2018-02-16</Fecha>
              <Procedencia>20</Procedencia>
              <Lectura>0000017000.00</Lectura>
            </LecturaHasta>
            <FechaHoraMaximetro>2018-02-16T13:23:00</FechaHoraMaximetro>
          </Integrador>
          <Integrador>
            <Magnitud>AE</Magnitud>
            <CodigoPeriodo>64</CodigoPeriodo>
            <ConstanteMultiplicadora>000001.000</ConstanteMultiplicadora>
            <NumeroRuedasEnteras>09</NumeroRuedasEnteras>
            <NumeroRuedasDecimales>00</NumeroRuedasDecimales>
            <ConsumoCalculado>+0000000052.00</ConsumoCalculado>
            <LecturaDesde>
              <Fecha>2018-01-16</Fecha>
              <Procedencia>20</Procedencia>
              <Lectura>0000007823.00</Lectura>
            </LecturaDesde>
            <LecturaHasta>
              <Fecha>2018-02-16</Fecha>
              <Procedencia>20</Procedencia>
              <Lectura>0000007875.00</Lectura>
            </LecturaHasta>
            <FechaHoraMaximetro>2018-02-16T23:59:00</FechaHoraMaximetro>
          </Integrador>
          <Integrador>
            <Magnitud>AE</Magnitud>
            <CodigoPeriodo>65</CodigoPeriodo>
            <ConstanteMultiplicadora>000001.000</ConstanteMultiplicadora>
            <NumeroRuedasEnteras>09</NumeroRuedasEnteras>
            <NumeroRuedasDecimales>00</NumeroRuedasDecimales>
            <ConsumoCalculado>+0000000331.00</ConsumoCalculado>
            <LecturaDesde>
              <Fecha>2018-01-16</Fecha>
              <Procedencia>20</Procedencia>
              <Lectura>0000019145.00</Lectura>
            </LecturaDesde>
            <LecturaHasta>
              <Fecha>2018-02-16</Fecha>
              <Procedencia>20</Procedencia>
              <Lectura>0000019476.00</Lectura>
            </LecturaHasta>
            <FechaHoraMaximetro>2018-02-16T13:23:00</FechaHoraMaximetro>
          </Integrador>
          <Integrador>
            <Magnitud>AE</Magnitud>
            <CodigoPeriodo>66</CodigoPeriodo>
            <ConstanteMultiplicadora>000001.000</ConstanteMultiplicadora>
            <NumeroRuedasEnteras>09</NumeroRuedasEnteras>
            <NumeroRuedasDecimales>00</NumeroRuedasDecimales>
            <ConsumoCalculado>+0000000021.00</ConsumoCalculado>
            <LecturaDesde>
              <Fecha>2018-01-16</Fecha>
              <Procedencia>20</Procedencia>
              <Lectura>0000005628.00</Lectura>
            </LecturaDesde>
            <LecturaHasta>
              <Fecha>2018-02-16</Fecha>
              <Procedencia>20</Procedencia>
              <Lectura>0000005649.00</Lectura>
            </LecturaHasta>
            <FechaHoraMaximetro>2018-02-16T13:23:00</FechaHoraMaximetro>
          </Integrador>
          <Integrador>
            <Magnitud>R1</Magnitud>
            <CodigoPeriodo>64</CodigoPeriodo>
            <ConstanteMultiplicadora>000001.000</ConstanteMultiplicadora>
            <NumeroRuedasEnteras>09</NumeroRuedasEnteras>
            <NumeroRuedasDecimales>00</NumeroRuedasDecimales>
            <ConsumoCalculado>+0000000003.00</ConsumoCalculado>
            <LecturaDesde>
              <Fecha>2018-01-16</Fecha>
              <Procedencia>20</Procedencia>
              <Lectura>0000002151.00</Lectura>
            </LecturaDesde>
            <LecturaHasta>
              <Fecha>2018-02-16</Fecha>
              <Procedencia>20</Procedencia>
              <Lectura>0000002154.00</Lectura>
            </LecturaHasta>
            <FechaHoraMaximetro>2018-02-16T23:59:00</FechaHoraMaximetro>
          </Integrador>
          <Integrador>
            <Magnitud>R1</Magnitud>
            <CodigoPeriodo>65</CodigoPeriodo>
            <ConstanteMultiplicadora>000001.000</ConstanteMultiplicadora>
            <NumeroRuedasEnteras>09</NumeroRuedasEnteras>
            <NumeroRuedasDecimales>00</NumeroRuedasDecimales>
            <ConsumoCalculado>+0000000182.00</ConsumoCalculado>
            <LecturaDesde>
              <Fecha>2018-01-16</Fecha>
              <Procedencia>20</Procedencia>
              <Lectura>0000005717.00</Lectura>
            </LecturaDesde>
            <LecturaHasta>
              <Fecha>2018-02-16</Fecha>
              <Procedencia>20</Procedencia>
              <Lectura>0000005899.00</Lectura>
            </LecturaHasta>
            <FechaHoraMaximetro>2018-02-16T13:23:00</FechaHoraMaximetro>
          </Integrador>
          <Integrador>
            <Magnitud>R1</Magnitud>
            <CodigoPeriodo>66</CodigoPeriodo>
            <ConstanteMultiplicadora>000001.000</ConstanteMultiplicadora>
            <NumeroRuedasEnteras>09</NumeroRuedasEnteras>
            <NumeroRuedasDecimales>00</NumeroRuedasDecimales>
            <ConsumoCalculado>+0000000000.00</ConsumoCalculado>
            <LecturaDesde>
              <Fecha>2018-01-16</Fecha>
              <Procedencia>20</Procedencia>
              <Lectura>0000001433.00</Lectura>
            </LecturaDesde>
            <LecturaHasta>
              <Fecha>2018-02-16</Fecha>
              <Procedencia>20</Procedencia>
              <Lectura>0000001433.00</Lectura>
            </LecturaHasta>
            <FechaHoraMaximetro>2018-02-16T13:23:00</FechaHoraMaximetro>
          </Integrador>
          <Integrador>
            <Magnitud>PM</Magnitud>
            <CodigoPeriodo>64</CodigoPeriodo>
            <ConstanteMultiplicadora>000001.000</ConstanteMultiplicadora>
            <NumeroRuedasEnteras>09</NumeroRuedasEnteras>
            <NumeroRuedasDecimales>00</NumeroRuedasDecimales>
            <ConsumoCalculado>+0000001000.00</ConsumoCalculado>
            <LecturaDesde>
              <Fecha>2018-01-16</Fecha>
              <Procedencia>20</Procedencia>
              <Lectura>0000000000.00</Lectura>
            </LecturaDesde>
            <LecturaHasta>
              <Fecha>2018-02-16</Fecha>
              <Procedencia>20</Procedencia>
              <Lectura>0000001000.00</Lectura>
            </LecturaHasta>
            <FechaHoraMaximetro>2018-02-16T23:59:00</FechaHoraMaximetro>
          </Integrador>
          <Integrador>
            <Magnitud>PM</Magnitud>
            <CodigoPeriodo>65</CodigoPeriodo>
            <ConstanteMultiplicadora>000001.000</ConstanteMultiplicadora>
            <NumeroRuedasEnteras>09</NumeroRuedasEnteras>
            <NumeroRuedasDecimales>00</NumeroRuedasDecimales>
            <ConsumoCalculado>+0000024000.00</ConsumoCalculado>
            <LecturaDesde>
              <Fecha>2018-01-16</Fecha>
              <Procedencia>20</Procedencia>
              <Lectura>0000000000.00</Lectura>
            </LecturaDesde>
            <LecturaHasta>
              <Fecha>2018-02-16</Fecha>
              <Procedencia>20</Procedencia>
              <Lectura>0000024000.00</Lectura>
            </LecturaHasta>
            <FechaHoraMaximetro>2018-02-16T13:23:00</FechaHoraMaximetro>
          </Integrador>
          <Integrador>
            <Magnitud>PM</Magnitud>
            <CodigoPeriodo>66</CodigoPeriodo>
            <ConstanteMultiplicadora>000001.000</ConstanteMultiplicadora>
            <NumeroRuedasEnteras>09</NumeroRuedasEnteras>
            <NumeroRuedasDecimales>00</NumeroRuedasDecimales>
            <ConsumoCalculado>+0000000000.00</ConsumoCalculado>
            <LecturaDesde>
              <Fecha>2018-01-16</Fecha>
              <Procedencia>20</Procedencia>
              <Lectura>0000000000.00</Lectura>
            </LecturaDesde>
            <LecturaHasta>
              <Fecha>2018-02-16</Fecha>
              <Procedencia>20</Procedencia>
              <Lectura>0000000000.00</Lectura>
            </LecturaHasta>
            <FechaHoraMaximetro>2018-02-16T13:23:00</FechaHoraMaximetro>
          </Integrador>
          <Integrador>
            <Magnitud>AE</Magnitud>
            <CodigoPeriodo>60</CodigoPeriodo>
            <ConstanteMultiplicadora>000001.000</ConstanteMultiplicadora>
            <NumeroRuedasEnteras>09</NumeroRuedasEnteras>
            <NumeroRuedasDecimales>00</NumeroRuedasDecimales>
            <ConsumoCalculado>+0000003731.00</ConsumoCalculado>
            <LecturaDesde>
              <Fecha>2018-01-16</Fecha>
              <Procedencia>20</Procedencia>
              <Lectura>0000343527.00</Lectura>
            </LecturaDesde>
            <LecturaHasta>
              <Fecha>2018-02-16</Fecha>
              <Procedencia>20</Procedencia>
              <Lectura>0000347258.00</Lectura>
            </LecturaHasta>
            <FechaHoraMaximetro>2018-02-16T13:23:00</FechaHoraMaximetro>
          </Integrador>
          <Integrador>
            <Magnitud>R1</Magnitud>
            <CodigoPeriodo>60</CodigoPeriodo>
            <ConstanteMultiplicadora>000001.000</ConstanteMultiplicadora>
            <NumeroRuedasEnteras>09</NumeroRuedasEnteras>
            <NumeroRuedasDecimales>00</NumeroRuedasDecimales>
            <ConsumoCalculado>+0000002054.00</ConsumoCalculado>
            <LecturaDesde>
              <Fecha>2018-01-16</Fecha>
              <Procedencia>20</Procedencia>
              <Lectura>0000157951.00</Lectura>
            </LecturaDesde>
            <LecturaHasta>
              <Fecha>2018-02-16</Fecha>
              <Procedencia>20</Procedencia>
              <Lectura>0000160005.00</Lectura>
            </LecturaHasta>
            <FechaHoraMaximetro>2018-02-16T13:23:00</FechaHoraMaximetro>
          </Integrador>
        </ModeloAparato>
      </Medidas>
    </FacturaATR>
    <RegistroFin>
      <ImporteTotal>+0000000000421.21</ImporteTotal>
      <SaldoTotalFacturacion>+0000000000000.00</SaldoTotalFacturacion>
      <TotalRecibos>00003</TotalRecibos>
      <TipoMoneda>02</TipoMoneda>
      <FechaValor>2018-02-18</FechaValor>
      <FechaLimitePago>2018-03-12</FechaLimitePago>
      <IdRemesa>00000000000000000001509474</IdRemesa>
    </RegistroFin>
  </Facturas>
  <OtrosDatosFactura>
    <SociedadMercantilEmisora>ENDESA DISTRIBUCION ELECTRICA, S.L.U.</SociedadMercantilEmisora>
    <SociedadMercantilDestino>SUNAIR ONE ENERGY, S.L.</SociedadMercantilDestino>
    <DireccionEmisora>AV VILANOVA</DireccionEmisora>
    <DireccionDestino>P.I.AGRO REUS C/ IGNASI I</DireccionDestino>
  </OtrosDatosFactura>
</MensajeFacturacion>