<?xml version="1.0" encoding="UTF-8"?><MensajeFacturacion xmlns="http://localhost/elegibilidad">
  <Cabecera>
    <CodigoREEEmpresaEmisora>0363</CodigoREEEmpresaEmisora>
    <CodigoREEEmpresaDestino>0815</CodigoREEEmpresaDestino>
    <CodigoDelProceso>F1</CodigoDelProceso>
    <CodigoDePaso>01</CodigoDePaso>
    <CodigoDeSolicitud>000002620486</CodigoDeSolicitud>
    <SecuencialDeSolicitud>00</SecuencialDeSolicitud>
    <FechaSolicitud>2018-02-18T12:32:29</FechaSolicitud>
    <CUPS>ES0031607508590100JD0F</CUPS>
  </Cabecera>
  <Facturas>
    <FacturaATR>
      <DatosGeneralesFacturaATR>
        <DireccionSuministro>
          <Pais>ESPAÑA</Pais>
          <Provincia>38</Provincia>
          <Municipio>000023</Municipio>
          <Poblacion>000001303</Poblacion>
          <TipoVia>CL</TipoVia>
          <CodPostal>38320</CodPostal>
          <Calle>UNION (LA) LA CUESTA</Calle>
          <NumeroFinca>00000</NumeroFinca>
          <Piso>LO</Piso>
          <AclaradorFinca>C.C.-ALCAMPO</AclaradorFinca>
        </DireccionSuministro>
        <Cliente>
          <TipoIdentificador>NI</TipoIdentificador>
          <Identificador>B55567986</Identificador>
        </Cliente>
        <CodContrato>500000087099</CodContrato>
        <DatosGeneralesFactura>
          <CodigoFiscalFactura>U3801N01531140</CodigoFiscalFactura>
          <TipoFactura>N</TipoFactura>
          <MotivoFacturacion>01</MotivoFacturacion>
          <Expediente>
            <NumeroExpediente>0000000000000000</NumeroExpediente>
            <CodigoSolicitud>000000000000</CodigoSolicitud>
          </Expediente>
          <FechaFactura>2018-02-18</FechaFactura>
          <IdentificadorEmisora>B82846817</IdentificadorEmisora>
          <Comentarios>2620486                                                                                             </Comentarios>
          <ImporteTotalFactura>+0000000161.99</ImporteTotalFactura>
          <TipoMoneda>02</TipoMoneda>
        </DatosGeneralesFactura>
        <DatosFacturaATR>
          <FechaBOE>2017-12-27</FechaBOE>
          <TarifaATRFact>003</TarifaATRFact>
          <ModoControlPotencia>2</ModoControlPotencia>
          <MarcaMedidaConPerdidas>N</MarcaMedidaConPerdidas>
          <IndicativoCurvaCarga>02</IndicativoCurvaCarga>
          <Periodo>
            <FechaDesdeFactura>2018-01-17</FechaDesdeFactura>
            <FechaHastaFactura>2018-02-16</FechaHastaFactura>
            <NumeroDias>030</NumeroDias>
          </Periodo>
        </DatosFacturaATR>
      </DatosGeneralesFacturaATR>
      <Potencia>
        <TerminoPotencia>
          <FechaDesde>2018-01-17</FechaDesde>
          <FechaHasta>2018-02-16</FechaHasta>
          <Periodo>
            <PotenciaContratada>00000000017320</PotenciaContratada>
            <PotenciaMaxDemandada>00000000011000</PotenciaMaxDemandada>
            <PotenciaAFacturar>00000000014722</PotenciaAFacturar>
            <PrecioPotencia>00000.111585986</PrecioPotencia>
          </Periodo>
          <Periodo>
            <PotenciaContratada>00000000017320</PotenciaContratada>
            <PotenciaMaxDemandada>00000000012000</PotenciaMaxDemandada>
            <PotenciaAFacturar>00000000014722</PotenciaAFacturar>
            <PrecioPotencia>00000.066951589</PrecioPotencia>
          </Periodo>
          <Periodo>
            <PotenciaContratada>00000000017320</PotenciaContratada>
            <PotenciaMaxDemandada>00000000010000</PotenciaMaxDemandada>
            <PotenciaAFacturar>00000000014722</PotenciaAFacturar>
            <PrecioPotencia>00000.044634397</PrecioPotencia>
          </Periodo>
          <Periodo>
            <PotenciaContratada>00000000000000</PotenciaContratada>
            <PotenciaMaxDemandada>00000000000000</PotenciaMaxDemandada>
            <PotenciaAFacturar>00000000000000</PotenciaAFacturar>
            <PrecioPotencia>00000.000000000</PrecioPotencia>
          </Periodo>
          <Periodo>
            <PotenciaContratada>00000000000000</PotenciaContratada>
            <PotenciaMaxDemandada>00000000000000</PotenciaMaxDemandada>
            <PotenciaAFacturar>00000000000000</PotenciaAFacturar>
            <PrecioPotencia>00000.000000000</PrecioPotencia>
          </Periodo>
          <Periodo>
            <PotenciaContratada>00000000000000</PotenciaContratada>
            <PotenciaMaxDemandada>00000000000000</PotenciaMaxDemandada>
            <PotenciaAFacturar>00000000000000</PotenciaAFacturar>
            <PrecioPotencia>00000.000000000</PrecioPotencia>
          </Periodo>
        </TerminoPotencia>
        <PenalizacionNoICP>N</PenalizacionNoICP>
        <ImporteTotalTerminoPotencia>+0000000098.57</ImporteTotalTerminoPotencia>
      </Potencia>
      <EnergiaActiva>
        <TerminoEnergiaActiva>
          <FechaDesde>2018-01-17</FechaDesde>
          <FechaHasta>2018-02-16</FechaHasta>
          <Periodo>
            <ValorEnergiaActiva>+00000000805.00</ValorEnergiaActiva>
            <PrecioEnergia>00000.018762000</PrecioEnergia>
          </Periodo>
          <Periodo>
            <ValorEnergiaActiva>+00000002205.00</ValorEnergiaActiva>
            <PrecioEnergia>00000.012575000</PrecioEnergia>
          </Periodo>
          <Periodo>
            <ValorEnergiaActiva>+00000000548.00</ValorEnergiaActiva>
            <PrecioEnergia>00000.004670000</PrecioEnergia>
          </Periodo>
          <Periodo>
            <ValorEnergiaActiva>+00000000000.00</ValorEnergiaActiva>
            <PrecioEnergia>00000.000000000</PrecioEnergia>
          </Periodo>
          <Periodo>
            <ValorEnergiaActiva>+00000000000.00</ValorEnergiaActiva>
            <PrecioEnergia>00000.000000000</PrecioEnergia>
          </Periodo>
          <Periodo>
            <ValorEnergiaActiva>+00000000000.00</ValorEnergiaActiva>
            <PrecioEnergia>00000.000000000</PrecioEnergia>
          </Periodo>
        </TerminoEnergiaActiva>
        <ImporteTotalEnergiaActiva>+0000000045.39</ImporteTotalEnergiaActiva>
      </EnergiaActiva>
      <EnergiaReactiva>
        <TerminoEnergiaReactiva>
          <FechaDesde>2018-01-17</FechaDesde>
          <FechaHasta>2018-02-16</FechaHasta>
          <Periodo>
            <ValorEnergiaReactiva>+00000000000.00</ValorEnergiaReactiva>
            <PrecioEnergiaReactiva>00000000000000</PrecioEnergiaReactiva>
          </Periodo>
          <Periodo>
            <ValorEnergiaReactiva>+00000000054.00</ValorEnergiaReactiva>
            <PrecioEnergiaReactiva>00000.041554000</PrecioEnergiaReactiva>
          </Periodo>
          <Periodo>
            <ValorEnergiaReactiva>+00000000000.00</ValorEnergiaReactiva>
            <PrecioEnergiaReactiva>00000000000000</PrecioEnergiaReactiva>
          </Periodo>
          <Periodo>
            <ValorEnergiaReactiva>+00000000000.00</ValorEnergiaReactiva>
            <PrecioEnergiaReactiva>00000000000000</PrecioEnergiaReactiva>
          </Periodo>
          <Periodo>
            <ValorEnergiaReactiva>+00000000000.00</ValorEnergiaReactiva>
            <PrecioEnergiaReactiva>00000000000000</PrecioEnergiaReactiva>
          </Periodo>
          <Periodo>
            <ValorEnergiaReactiva>+00000000000.00</ValorEnergiaReactiva>
            <PrecioEnergiaReactiva>00000000000000</PrecioEnergiaReactiva>
          </Periodo>
        </TerminoEnergiaReactiva>
        <ImporteTotalEnergiaReactiva>+0000000002.24</ImporteTotalEnergiaReactiva>
      </EnergiaReactiva>
      <ImpuestoElectrico>
        <BaseImponible>+0000000000.00</BaseImponible>
        <Porcentaje>00000.00000000</Porcentaje>
        <Importe>+0000000000.00</Importe>
      </ImpuestoElectrico>
      <Alquileres>
        <PrecioDiarioAlquiler>
          <PrecioDia>00000.355068000</PrecioDia>
          <NumeroDias>030</NumeroDias>
        </PrecioDiarioAlquiler>
        <ImporteFacturacionAlquileres>+0000000010.65</ImporteFacturacionAlquileres>
      </Alquileres>
      <IVA>
        <BaseImponible>+0000000010.65</BaseImponible>
        <Porcentaje>0007.00</Porcentaje>
        <Importe>+0000000000.75</Importe>
      </IVA>
      <IVAReducido>
        <BaseImponible>+0000000146.20</BaseImponible>
        <Porcentaje>0003.00</Porcentaje>
        <Importe>+0000000004.39</Importe>
      </IVAReducido>
      <Medidas>
        <CodPM>ES0031607508590100JD1P</CodPM>
        <ModeloAparato>
          <TipoAparato>CA</TipoAparato>
          <MarcaAparato>199</MarcaAparato>
          <NumeroSerie>095925546</NumeroSerie>
          <TipoDHEdM>6</TipoDHEdM>
          <Integrador>
            <Magnitud>AE</Magnitud>
            <CodigoPeriodo>62</CodigoPeriodo>
            <ConstanteMultiplicadora>000001.000</ConstanteMultiplicadora>
            <NumeroRuedasEnteras>08</NumeroRuedasEnteras>
            <NumeroRuedasDecimales>00</NumeroRuedasDecimales>
            <ConsumoCalculado>+0000001761.00</ConsumoCalculado>
            <LecturaDesde>
              <Fecha>2018-01-17</Fecha>
              <Procedencia>20</Procedencia>
              <Lectura>0000173135.00</Lectura>
            </LecturaDesde>
            <LecturaHasta>
              <Fecha>2018-02-16</Fecha>
              <Procedencia>20</Procedencia>
              <Lectura>0000174896.00</Lectura>
            </LecturaHasta>
            <FechaHoraMaximetro>2018-02-16T13:39:00</FechaHoraMaximetro>
          </Integrador>
          <Integrador>
            <Magnitud>AE</Magnitud>
            <CodigoPeriodo>63</CodigoPeriodo>
            <ConstanteMultiplicadora>000001.000</ConstanteMultiplicadora>
            <NumeroRuedasEnteras>08</NumeroRuedasEnteras>
            <NumeroRuedasDecimales>00</NumeroRuedasDecimales>
            <ConsumoCalculado>+0000000407.00</ConsumoCalculado>
            <LecturaDesde>
              <Fecha>2018-01-17</Fecha>
              <Procedencia>20</Procedencia>
              <Lectura>0000042838.00</Lectura>
            </LecturaDesde>
            <LecturaHasta>
              <Fecha>2018-02-16</Fecha>
              <Procedencia>20</Procedencia>
              <Lectura>0000043245.00</Lectura>
            </LecturaHasta>
            <FechaHoraMaximetro>2018-02-16T13:39:00</FechaHoraMaximetro>
          </Integrador>
          <Integrador>
            <Magnitud>AE</Magnitud>
            <CodigoPeriodo>61</CodigoPeriodo>
            <ConstanteMultiplicadora>000001.000</ConstanteMultiplicadora>
            <NumeroRuedasEnteras>08</NumeroRuedasEnteras>
            <NumeroRuedasDecimales>00</NumeroRuedasDecimales>
            <ConsumoCalculado>+0000000645.00</ConsumoCalculado>
            <LecturaDesde>
              <Fecha>2018-01-17</Fecha>
              <Procedencia>20</Procedencia>
              <Lectura>0000065096.00</Lectura>
            </LecturaDesde>
            <LecturaHasta>
              <Fecha>2018-02-16</Fecha>
              <Procedencia>20</Procedencia>
              <Lectura>0000065741.00</Lectura>
            </LecturaHasta>
            <FechaHoraMaximetro>2018-02-16T13:39:00</FechaHoraMaximetro>
          </Integrador>
          <Integrador>
            <Magnitud>R1</Magnitud>
            <CodigoPeriodo>62</CodigoPeriodo>
            <ConstanteMultiplicadora>000001.000</ConstanteMultiplicadora>
            <NumeroRuedasEnteras>08</NumeroRuedasEnteras>
            <NumeroRuedasDecimales>00</NumeroRuedasDecimales>
            <ConsumoCalculado>+0000000595.00</ConsumoCalculado>
            <LecturaDesde>
              <Fecha>2018-01-17</Fecha>
              <Procedencia>20</Procedencia>
              <Lectura>0000066693.00</Lectura>
            </LecturaDesde>
            <LecturaHasta>
              <Fecha>2018-02-16</Fecha>
              <Procedencia>20</Procedencia>
              <Lectura>0000067288.00</Lectura>
            </LecturaHasta>
            <FechaHoraMaximetro>2018-02-16T13:39:00</FechaHoraMaximetro>
          </Integrador>
          <Integrador>
            <Magnitud>R1</Magnitud>
            <CodigoPeriodo>63</CodigoPeriodo>
            <ConstanteMultiplicadora>000001.000</ConstanteMultiplicadora>
            <NumeroRuedasEnteras>08</NumeroRuedasEnteras>
            <NumeroRuedasDecimales>00</NumeroRuedasDecimales>
            <ConsumoCalculado>+0000000296.00</ConsumoCalculado>
            <LecturaDesde>
              <Fecha>2018-01-17</Fecha>
              <Procedencia>20</Procedencia>
              <Lectura>0000032142.00</Lectura>
            </LecturaDesde>
            <LecturaHasta>
              <Fecha>2018-02-16</Fecha>
              <Procedencia>20</Procedencia>
              <Lectura>0000032438.00</Lectura>
            </LecturaHasta>
            <FechaHoraMaximetro>2018-02-16T13:39:00</FechaHoraMaximetro>
          </Integrador>
          <Integrador>
            <Magnitud>R1</Magnitud>
            <CodigoPeriodo>61</CodigoPeriodo>
            <ConstanteMultiplicadora>000001.000</ConstanteMultiplicadora>
            <NumeroRuedasEnteras>08</NumeroRuedasEnteras>
            <NumeroRuedasDecimales>00</NumeroRuedasDecimales>
            <ConsumoCalculado>+0000000212.00</ConsumoCalculado>
            <LecturaDesde>
              <Fecha>2018-01-17</Fecha>
              <Procedencia>20</Procedencia>
              <Lectura>0000023523.00</Lectura>
            </LecturaDesde>
            <LecturaHasta>
              <Fecha>2018-02-16</Fecha>
              <Procedencia>20</Procedencia>
              <Lectura>0000023735.00</Lectura>
            </LecturaHasta>
            <FechaHoraMaximetro>2018-02-16T13:39:00</FechaHoraMaximetro>
          </Integrador>
          <Integrador>
            <Magnitud>PM</Magnitud>
            <CodigoPeriodo>62</CodigoPeriodo>
            <ConstanteMultiplicadora>000001.000</ConstanteMultiplicadora>
            <NumeroRuedasEnteras>08</NumeroRuedasEnteras>
            <NumeroRuedasDecimales>00</NumeroRuedasDecimales>
            <ConsumoCalculado>+0000012000.00</ConsumoCalculado>
            <LecturaDesde>
              <Fecha>2018-01-17</Fecha>
              <Procedencia>20</Procedencia>
              <Lectura>0000000000.00</Lectura>
            </LecturaDesde>
            <LecturaHasta>
              <Fecha>2018-02-16</Fecha>
              <Procedencia>20</Procedencia>
              <Lectura>0000012000.00</Lectura>
            </LecturaHasta>
            <FechaHoraMaximetro>2018-02-16T13:39:00</FechaHoraMaximetro>
          </Integrador>
          <Integrador>
            <Magnitud>PM</Magnitud>
            <CodigoPeriodo>63</CodigoPeriodo>
            <ConstanteMultiplicadora>000001.000</ConstanteMultiplicadora>
            <NumeroRuedasEnteras>08</NumeroRuedasEnteras>
            <NumeroRuedasDecimales>00</NumeroRuedasDecimales>
            <ConsumoCalculado>+0000010000.00</ConsumoCalculado>
            <LecturaDesde>
              <Fecha>2018-01-17</Fecha>
              <Procedencia>20</Procedencia>
              <Lectura>0000000000.00</Lectura>
            </LecturaDesde>
            <LecturaHasta>
              <Fecha>2018-02-16</Fecha>
              <Procedencia>20</Procedencia>
              <Lectura>0000010000.00</Lectura>
            </LecturaHasta>
            <FechaHoraMaximetro>2018-02-16T13:39:00</FechaHoraMaximetro>
          </Integrador>
          <Integrador>
            <Magnitud>PM</Magnitud>
            <CodigoPeriodo>61</CodigoPeriodo>
            <ConstanteMultiplicadora>000001.000</ConstanteMultiplicadora>
            <NumeroRuedasEnteras>08</NumeroRuedasEnteras>
            <NumeroRuedasDecimales>00</NumeroRuedasDecimales>
            <ConsumoCalculado>+0000011000.00</ConsumoCalculado>
            <LecturaDesde>
              <Fecha>2018-01-17</Fecha>
              <Procedencia>20</Procedencia>
              <Lectura>0000000000.00</Lectura>
            </LecturaDesde>
            <LecturaHasta>
              <Fecha>2018-02-16</Fecha>
              <Procedencia>20</Procedencia>
              <Lectura>0000011000.00</Lectura>
            </LecturaHasta>
            <FechaHoraMaximetro>2018-02-16T13:39:00</FechaHoraMaximetro>
          </Integrador>
          <Integrador>
            <Magnitud>AE</Magnitud>
            <CodigoPeriodo>64</CodigoPeriodo>
            <ConstanteMultiplicadora>000001.000</ConstanteMultiplicadora>
            <NumeroRuedasEnteras>08</NumeroRuedasEnteras>
            <NumeroRuedasDecimales>00</NumeroRuedasDecimales>
            <ConsumoCalculado>+0000000160.00</ConsumoCalculado>
            <LecturaDesde>
              <Fecha>2018-01-17</Fecha>
              <Procedencia>20</Procedencia>
              <Lectura>0000019903.00</Lectura>
            </LecturaDesde>
            <LecturaHasta>
              <Fecha>2018-02-16</Fecha>
              <Procedencia>20</Procedencia>
              <Lectura>0000020063.00</Lectura>
            </LecturaHasta>
            <FechaHoraMaximetro>2018-02-16T13:39:00</FechaHoraMaximetro>
          </Integrador>
          <Integrador>
            <Magnitud>AE</Magnitud>
            <CodigoPeriodo>65</CodigoPeriodo>
            <ConstanteMultiplicadora>000001.000</ConstanteMultiplicadora>
            <NumeroRuedasEnteras>08</NumeroRuedasEnteras>
            <NumeroRuedasDecimales>00</NumeroRuedasDecimales>
            <ConsumoCalculado>+0000000444.00</ConsumoCalculado>
            <LecturaDesde>
              <Fecha>2018-01-17</Fecha>
              <Procedencia>20</Procedencia>
              <Lectura>0000053948.00</Lectura>
            </LecturaDesde>
            <LecturaHasta>
              <Fecha>2018-02-16</Fecha>
              <Procedencia>20</Procedencia>
              <Lectura>0000054392.00</Lectura>
            </LecturaHasta>
            <FechaHoraMaximetro>2018-02-16T13:39:00</FechaHoraMaximetro>
          </Integrador>
          <Integrador>
            <Magnitud>AE</Magnitud>
            <CodigoPeriodo>66</CodigoPeriodo>
            <ConstanteMultiplicadora>000001.000</ConstanteMultiplicadora>
            <NumeroRuedasEnteras>08</NumeroRuedasEnteras>
            <NumeroRuedasDecimales>00</NumeroRuedasDecimales>
            <ConsumoCalculado>+0000000141.00</ConsumoCalculado>
            <LecturaDesde>
              <Fecha>2018-01-17</Fecha>
              <Procedencia>20</Procedencia>
              <Lectura>0000017732.00</Lectura>
            </LecturaDesde>
            <LecturaHasta>
              <Fecha>2018-02-16</Fecha>
              <Procedencia>20</Procedencia>
              <Lectura>0000017873.00</Lectura>
            </LecturaHasta>
            <FechaHoraMaximetro>2018-02-16T13:39:00</FechaHoraMaximetro>
          </Integrador>
          <Integrador>
            <Magnitud>R1</Magnitud>
            <CodigoPeriodo>64</CodigoPeriodo>
            <ConstanteMultiplicadora>000001.000</ConstanteMultiplicadora>
            <NumeroRuedasEnteras>08</NumeroRuedasEnteras>
            <NumeroRuedasDecimales>00</NumeroRuedasDecimales>
            <ConsumoCalculado>+0000000065.00</ConsumoCalculado>
            <LecturaDesde>
              <Fecha>2018-01-17</Fecha>
              <Procedencia>20</Procedencia>
              <Lectura>0000008670.00</Lectura>
            </LecturaDesde>
            <LecturaHasta>
              <Fecha>2018-02-16</Fecha>
              <Procedencia>20</Procedencia>
              <Lectura>0000008735.00</Lectura>
            </LecturaHasta>
            <FechaHoraMaximetro>2018-02-16T13:39:00</FechaHoraMaximetro>
          </Integrador>
          <Integrador>
            <Magnitud>R1</Magnitud>
            <CodigoPeriodo>65</CodigoPeriodo>
            <ConstanteMultiplicadora>000001.000</ConstanteMultiplicadora>
            <NumeroRuedasEnteras>08</NumeroRuedasEnteras>
            <NumeroRuedasDecimales>00</NumeroRuedasDecimales>
            <ConsumoCalculado>+0000000187.00</ConsumoCalculado>
            <LecturaDesde>
              <Fecha>2018-01-17</Fecha>
              <Procedencia>20</Procedencia>
              <Lectura>0000025289.00</Lectura>
            </LecturaDesde>
            <LecturaHasta>
              <Fecha>2018-02-16</Fecha>
              <Procedencia>20</Procedencia>
              <Lectura>0000025476.00</Lectura>
            </LecturaHasta>
            <FechaHoraMaximetro>2018-02-16T13:39:00</FechaHoraMaximetro>
          </Integrador>
          <Integrador>
            <Magnitud>R1</Magnitud>
            <CodigoPeriodo>66</CodigoPeriodo>
            <ConstanteMultiplicadora>000001.000</ConstanteMultiplicadora>
            <NumeroRuedasEnteras>08</NumeroRuedasEnteras>
            <NumeroRuedasDecimales>00</NumeroRuedasDecimales>
            <ConsumoCalculado>+0000000105.00</ConsumoCalculado>
            <LecturaDesde>
              <Fecha>2018-01-17</Fecha>
              <Procedencia>20</Procedencia>
              <Lectura>0000014012.00</Lectura>
            </LecturaDesde>
            <LecturaHasta>
              <Fecha>2018-02-16</Fecha>
              <Procedencia>20</Procedencia>
              <Lectura>0000014117.00</Lectura>
            </LecturaHasta>
            <FechaHoraMaximetro>2018-02-16T13:39:00</FechaHoraMaximetro>
          </Integrador>
          <Integrador>
            <Magnitud>PM</Magnitud>
            <CodigoPeriodo>64</CodigoPeriodo>
            <ConstanteMultiplicadora>000001.000</ConstanteMultiplicadora>
            <NumeroRuedasEnteras>08</NumeroRuedasEnteras>
            <NumeroRuedasDecimales>00</NumeroRuedasDecimales>
            <ConsumoCalculado>+0000011000.00</ConsumoCalculado>
            <LecturaDesde>
              <Fecha>2018-01-17</Fecha>
              <Procedencia>20</Procedencia>
              <Lectura>0000000000.00</Lectura>
            </LecturaDesde>
            <LecturaHasta>
              <Fecha>2018-02-16</Fecha>
              <Procedencia>20</Procedencia>
              <Lectura>0000011000.00</Lectura>
            </LecturaHasta>
            <FechaHoraMaximetro>2018-02-16T13:39:00</FechaHoraMaximetro>
          </Integrador>
          <Integrador>
            <Magnitud>PM</Magnitud>
            <CodigoPeriodo>65</CodigoPeriodo>
            <ConstanteMultiplicadora>000001.000</ConstanteMultiplicadora>
            <NumeroRuedasEnteras>08</NumeroRuedasEnteras>
            <NumeroRuedasDecimales>00</NumeroRuedasDecimales>
            <ConsumoCalculado>+0000011000.00</ConsumoCalculado>
            <LecturaDesde>
              <Fecha>2018-01-17</Fecha>
              <Procedencia>20</Procedencia>
              <Lectura>0000000000.00</Lectura>
            </LecturaDesde>
            <LecturaHasta>
              <Fecha>2018-02-16</Fecha>
              <Procedencia>20</Procedencia>
              <Lectura>0000011000.00</Lectura>
            </LecturaHasta>
            <FechaHoraMaximetro>2018-02-16T13:39:00</FechaHoraMaximetro>
          </Integrador>
          <Integrador>
            <Magnitud>PM</Magnitud>
            <CodigoPeriodo>66</CodigoPeriodo>
            <ConstanteMultiplicadora>000001.000</ConstanteMultiplicadora>
            <NumeroRuedasEnteras>08</NumeroRuedasEnteras>
            <NumeroRuedasDecimales>00</NumeroRuedasDecimales>
            <ConsumoCalculado>+0000010000.00</ConsumoCalculado>
            <LecturaDesde>
              <Fecha>2018-01-17</Fecha>
              <Procedencia>20</Procedencia>
              <Lectura>0000000000.00</Lectura>
            </LecturaDesde>
            <LecturaHasta>
              <Fecha>2018-02-16</Fecha>
              <Procedencia>20</Procedencia>
              <Lectura>0000010000.00</Lectura>
            </LecturaHasta>
            <FechaHoraMaximetro>2018-02-16T13:39:00</FechaHoraMaximetro>
          </Integrador>
          <Integrador>
            <Magnitud>AE</Magnitud>
            <CodigoPeriodo>60</CodigoPeriodo>
            <ConstanteMultiplicadora>000001.000</ConstanteMultiplicadora>
            <NumeroRuedasEnteras>08</NumeroRuedasEnteras>
            <NumeroRuedasDecimales>00</NumeroRuedasDecimales>
            <ConsumoCalculado>+0000003558.00</ConsumoCalculado>
            <LecturaDesde>
              <Fecha>2018-01-17</Fecha>
              <Procedencia>20</Procedencia>
              <Lectura>0000372652.00</Lectura>
            </LecturaDesde>
            <LecturaHasta>
              <Fecha>2018-02-16</Fecha>
              <Procedencia>20</Procedencia>
              <Lectura>0000376210.00</Lectura>
            </LecturaHasta>
            <FechaHoraMaximetro>2018-02-16T13:39:00</FechaHoraMaximetro>
          </Integrador>
          <Integrador>
            <Magnitud>R1</Magnitud>
            <CodigoPeriodo>60</CodigoPeriodo>
            <ConstanteMultiplicadora>000001.000</ConstanteMultiplicadora>
            <NumeroRuedasEnteras>08</NumeroRuedasEnteras>
            <NumeroRuedasDecimales>00</NumeroRuedasDecimales>
            <ConsumoCalculado>+0000001460.00</ConsumoCalculado>
            <LecturaDesde>
              <Fecha>2018-01-17</Fecha>
              <Procedencia>20</Procedencia>
              <Lectura>0000170329.00</Lectura>
            </LecturaDesde>
            <LecturaHasta>
              <Fecha>2018-02-16</Fecha>
              <Procedencia>20</Procedencia>
              <Lectura>0000171789.00</Lectura>
            </LecturaHasta>
            <FechaHoraMaximetro>2018-02-16T13:39:00</FechaHoraMaximetro>
          </Integrador>
        </ModeloAparato>
      </Medidas>
    </FacturaATR>
    <RegistroFin>
      <ImporteTotal>+0000000000732.93</ImporteTotal>
      <SaldoTotalFacturacion>+0000000000000.00</SaldoTotalFacturacion>
      <TotalRecibos>00007</TotalRecibos>
      <TipoMoneda>02</TipoMoneda>
      <FechaValor>2018-02-18</FechaValor>
      <FechaLimitePago>2018-03-12</FechaLimitePago>
      <IdRemesa>00000000000000000002620486</IdRemesa>
    </RegistroFin>
  </Facturas>
  <OtrosDatosFactura>
    <SociedadMercantilEmisora>ENDESA DISTRIBUCION ELECTRICA SLU</SociedadMercantilEmisora>
    <SociedadMercantilDestino>SUNAIR ONE ENERGY, S.L.</SociedadMercantilDestino>
    <DireccionEmisora>AV VILANOVA</DireccionEmisora>
    <DireccionDestino>P.I.AGRO REUS C/ IGNASI I</DireccionDestino>
  </OtrosDatosFactura>
</MensajeFacturacion>