<?xml version="1.0" encoding="UTF-8"?><MensajeFacturacion xmlns="http://localhost/elegibilidad">
  <Cabecera>
    <CodigoREEEmpresaEmisora>0024</CodigoREEEmpresaEmisora>
    <CodigoREEEmpresaDestino>0815</CodigoREEEmpresaDestino>
    <CodigoDelProceso>F1</CodigoDelProceso>
    <CodigoDePaso>01</CodigoDePaso>
    <CodigoDeSolicitud>000002516470</CodigoDeSolicitud>
    <SecuencialDeSolicitud>00</SecuencialDeSolicitud>
    <FechaSolicitud>2018-02-16T01:50:57</FechaSolicitud>
    <CUPS>ES0031408249973001CS0F</CUPS>
  </Cabecera>
  <Facturas>
    <FacturaATR>
      <DatosGeneralesFacturaATR>
        <DireccionSuministro>
          <Pais>ESPAÑA</Pais>
          <Provincia>43</Provincia>
          <Municipio>000148</Municipio>
          <Poblacion>000001870</Poblacion>
          <TipoVia>CN</TipoVia>
          <CodPostal>43006</CodPostal>
          <Calle>GABARRES (DE LES)</Calle>
          <NumeroFinca>00012</NumeroFinca>
          <AclaradorFinca>BUSQUETS</AclaradorFinca>
        </DireccionSuministro>
        <Cliente>
          <TipoIdentificador>NI</TipoIdentificador>
          <Identificador>B55567986</Identificador>
        </Cliente>
        <CodContrato>000505202790</CodContrato>
        <DatosGeneralesFactura>
          <CodigoFiscalFactura>F6801N01233778</CodigoFiscalFactura>
          <TipoFactura>N</TipoFactura>
          <MotivoFacturacion>01</MotivoFacturacion>
          <Expediente>
            <NumeroExpediente>0000000000000000</NumeroExpediente>
            <CodigoSolicitud>000000000000</CodigoSolicitud>
          </Expediente>
          <FechaFactura>2018-02-16</FechaFactura>
          <IdentificadorEmisora>B82846817</IdentificadorEmisora>
          <Comentarios>2516470                                                                                             </Comentarios>
          <ImporteTotalFactura>+0000000504.65</ImporteTotalFactura>
          <TipoMoneda>02</TipoMoneda>
        </DatosGeneralesFactura>
        <DatosFacturaATR>
          <FechaBOE>2016-12-29</FechaBOE>
          <TarifaATRFact>011</TarifaATRFact>
          <ModoControlPotencia>2</ModoControlPotencia>
          <MarcaMedidaConPerdidas>N</MarcaMedidaConPerdidas>
          <IndicativoCurvaCarga>03</IndicativoCurvaCarga>
          <Periodo>
            <FechaDesdeFactura>2017-02-28</FechaDesdeFactura>
            <FechaHastaFactura>2017-03-31</FechaHastaFactura>
            <NumeroDias>031</NumeroDias>
          </Periodo>
        </DatosFacturaATR>
      </DatosGeneralesFacturaATR>
      <Potencia>
        <TerminoPotencia>
          <FechaDesde>2017-02-28</FechaDesde>
          <FechaHasta>2017-03-31</FechaHasta>
          <Periodo>
            <PotenciaContratada>00000000017321</PotenciaContratada>
            <PotenciaMaxDemandada>00000000008000</PotenciaMaxDemandada>
            <PotenciaAFacturar>00000000014722</PotenciaAFacturar>
            <PrecioPotencia>00000.162119090</PrecioPotencia>
          </Periodo>
          <Periodo>
            <PotenciaContratada>00000000017321</PotenciaContratada>
            <PotenciaMaxDemandada>00000000008000</PotenciaMaxDemandada>
            <PotenciaAFacturar>00000000014722</PotenciaAFacturar>
            <PrecioPotencia>00000.099974490</PrecioPotencia>
          </Periodo>
          <Periodo>
            <PotenciaContratada>00000000200000</PotenciaContratada>
            <PotenciaMaxDemandada>00000000008000</PotenciaMaxDemandada>
            <PotenciaAFacturar>00000000170000</PotenciaAFacturar>
            <PrecioPotencia>00000.022925290</PrecioPotencia>
          </Periodo>
          <Periodo>
            <PotenciaContratada>00000000000000</PotenciaContratada>
            <PotenciaMaxDemandada>00000000000000</PotenciaMaxDemandada>
            <PotenciaAFacturar>00000000000000</PotenciaAFacturar>
            <PrecioPotencia>00000.000000000</PrecioPotencia>
          </Periodo>
          <Periodo>
            <PotenciaContratada>00000000000000</PotenciaContratada>
            <PotenciaMaxDemandada>00000000000000</PotenciaMaxDemandada>
            <PotenciaAFacturar>00000000000000</PotenciaAFacturar>
            <PrecioPotencia>00000.000000000</PrecioPotencia>
          </Periodo>
          <Periodo>
            <PotenciaContratada>00000000000000</PotenciaContratada>
            <PotenciaMaxDemandada>00000000000000</PotenciaMaxDemandada>
            <PotenciaAFacturar>00000000000000</PotenciaAFacturar>
            <PrecioPotencia>00000.000000000</PrecioPotencia>
          </Periodo>
        </TerminoPotencia>
        <PenalizacionNoICP>N</PenalizacionNoICP>
        <ImporteTotalTerminoPotencia>+0000000240.43</ImporteTotalTerminoPotencia>
      </Potencia>
      <EnergiaActiva>
        <TerminoEnergiaActiva>
          <FechaDesde>2017-02-28</FechaDesde>
          <FechaHasta>2017-03-31</FechaHasta>
          <Periodo>
            <ValorEnergiaActiva>+00000000477.00</ValorEnergiaActiva>
            <PrecioEnergia>00000.014335000</PrecioEnergia>
          </Periodo>
          <Periodo>
            <ValorEnergiaActiva>+00000000865.00</ValorEnergiaActiva>
            <PrecioEnergia>00000.012754000</PrecioEnergia>
          </Periodo>
          <Periodo>
            <ValorEnergiaActiva>+00000001196.00</ValorEnergiaActiva>
            <PrecioEnergia>00000.007805000</PrecioEnergia>
          </Periodo>
          <Periodo>
            <ValorEnergiaActiva>+00000000000.00</ValorEnergiaActiva>
            <PrecioEnergia>00000.000000000</PrecioEnergia>
          </Periodo>
          <Periodo>
            <ValorEnergiaActiva>+00000000000.00</ValorEnergiaActiva>
            <PrecioEnergia>00000.000000000</PrecioEnergia>
          </Periodo>
          <Periodo>
            <ValorEnergiaActiva>+00000000000.00</ValorEnergiaActiva>
            <PrecioEnergia>00000.000000000</PrecioEnergia>
          </Periodo>
        </TerminoEnergiaActiva>
        <ImporteTotalEnergiaActiva>+0000000027.20</ImporteTotalEnergiaActiva>
      </EnergiaActiva>
      <EnergiaReactiva>
        <TerminoEnergiaReactiva>
          <FechaDesde>2017-02-28</FechaDesde>
          <FechaHasta>2017-03-31</FechaHasta>
          <Periodo>
            <ValorEnergiaReactiva>+00000000548.00</ValorEnergiaReactiva>
            <PrecioEnergiaReactiva>00000.062332000</PrecioEnergiaReactiva>
          </Periodo>
          <Periodo>
            <ValorEnergiaReactiva>+00000001360.00</ValorEnergiaReactiva>
            <PrecioEnergiaReactiva>00000.062332000</PrecioEnergiaReactiva>
          </Periodo>
          <Periodo>
            <ValorEnergiaReactiva>+00000000000.00</ValorEnergiaReactiva>
            <PrecioEnergiaReactiva>00000000000000</PrecioEnergiaReactiva>
          </Periodo>
          <Periodo>
            <ValorEnergiaReactiva>+00000000000.00</ValorEnergiaReactiva>
            <PrecioEnergiaReactiva>00000000000000</PrecioEnergiaReactiva>
          </Periodo>
          <Periodo>
            <ValorEnergiaReactiva>+00000000000.00</ValorEnergiaReactiva>
            <PrecioEnergiaReactiva>00000000000000</PrecioEnergiaReactiva>
          </Periodo>
          <Periodo>
            <ValorEnergiaReactiva>+00000000000.00</ValorEnergiaReactiva>
            <PrecioEnergiaReactiva>00000000000000</PrecioEnergiaReactiva>
          </Periodo>
        </TerminoEnergiaReactiva>
        <ImporteTotalEnergiaReactiva>+0000000118.93</ImporteTotalEnergiaReactiva>
      </EnergiaReactiva>
      <ImpuestoElectrico>
        <BaseImponible>+0000000000.00</BaseImponible>
        <Porcentaje>00000.00000000</Porcentaje>
        <Importe>+0000000000.00</Importe>
      </ImpuestoElectrico>
      <Alquileres>
        <PrecioDiarioAlquiler>
          <PrecioDia>00000.984329000</PrecioDia>
          <NumeroDias>031</NumeroDias>
        </PrecioDiarioAlquiler>
        <ImporteFacturacionAlquileres>+0000000030.51</ImporteFacturacionAlquileres>
      </Alquileres>
      <IVA>
        <BaseImponible>+0000000417.07</BaseImponible>
        <Porcentaje>0021.00</Porcentaje>
        <Importe>+0000000087.58</Importe>
      </IVA>
      <Medidas>
        <CodPM>ES0031408249973001CS2P</CodPM>
        <ModeloAparato>
          <TipoAparato>CG</TipoAparato>
          <MarcaAparato>199</MarcaAparato>
          <NumeroSerie>033012340</NumeroSerie>
          <TipoDHEdM>4</TipoDHEdM>
          <Integrador>
            <Magnitud>AE</Magnitud>
            <CodigoPeriodo>42</CodigoPeriodo>
            <ConstanteMultiplicadora>000001.000</ConstanteMultiplicadora>
            <NumeroRuedasEnteras>09</NumeroRuedasEnteras>
            <NumeroRuedasDecimales>00</NumeroRuedasDecimales>
            <ConsumoCalculado>+0000000865.00</ConsumoCalculado>
            <LecturaDesde>
              <Fecha>2017-02-28</Fecha>
              <Procedencia>40</Procedencia>
              <Lectura>0000004182.00</Lectura>
            </LecturaDesde>
            <LecturaHasta>
              <Fecha>2017-03-31</Fecha>
              <Procedencia>40</Procedencia>
              <Lectura>0000005047.00</Lectura>
            </LecturaHasta>
            <FechaHoraMaximetro>2017-03-31T01:00:00</FechaHoraMaximetro>
          </Integrador>
          <Integrador>
            <Magnitud>AE</Magnitud>
            <CodigoPeriodo>43</CodigoPeriodo>
            <ConstanteMultiplicadora>000001.000</ConstanteMultiplicadora>
            <NumeroRuedasEnteras>09</NumeroRuedasEnteras>
            <NumeroRuedasDecimales>00</NumeroRuedasDecimales>
            <ConsumoCalculado>+0000001196.00</ConsumoCalculado>
            <LecturaDesde>
              <Fecha>2017-02-28</Fecha>
              <Procedencia>40</Procedencia>
              <Lectura>0000005596.00</Lectura>
            </LecturaDesde>
            <LecturaHasta>
              <Fecha>2017-03-31</Fecha>
              <Procedencia>40</Procedencia>
              <Lectura>0000006792.00</Lectura>
            </LecturaHasta>
            <FechaHoraMaximetro>2017-03-31T23:00:00</FechaHoraMaximetro>
          </Integrador>
          <Integrador>
            <Magnitud>AE</Magnitud>
            <CodigoPeriodo>41</CodigoPeriodo>
            <ConstanteMultiplicadora>000001.000</ConstanteMultiplicadora>
            <NumeroRuedasEnteras>09</NumeroRuedasEnteras>
            <NumeroRuedasDecimales>00</NumeroRuedasDecimales>
            <ConsumoCalculado>+0000000477.00</ConsumoCalculado>
            <LecturaDesde>
              <Fecha>2017-02-28</Fecha>
              <Procedencia>40</Procedencia>
              <Lectura>0000002119.00</Lectura>
            </LecturaDesde>
            <LecturaHasta>
              <Fecha>2017-03-31</Fecha>
              <Procedencia>40</Procedencia>
              <Lectura>0000002596.00</Lectura>
            </LecturaHasta>
            <FechaHoraMaximetro>2017-03-22T21:00:00</FechaHoraMaximetro>
          </Integrador>
          <Integrador>
            <Magnitud>R1</Magnitud>
            <CodigoPeriodo>42</CodigoPeriodo>
            <ConstanteMultiplicadora>000001.000</ConstanteMultiplicadora>
            <NumeroRuedasEnteras>09</NumeroRuedasEnteras>
            <NumeroRuedasDecimales>00</NumeroRuedasDecimales>
            <ConsumoCalculado>+0000001645.00</ConsumoCalculado>
            <LecturaDesde>
              <Fecha>2017-02-28</Fecha>
              <Procedencia>40</Procedencia>
              <Lectura>0000007411.00</Lectura>
            </LecturaDesde>
            <LecturaHasta>
              <Fecha>2017-03-31</Fecha>
              <Procedencia>40</Procedencia>
              <Lectura>0000009056.00</Lectura>
            </LecturaHasta>
            <FechaHoraMaximetro>2017-03-31T01:00:00</FechaHoraMaximetro>
          </Integrador>
          <Integrador>
            <Magnitud>R1</Magnitud>
            <CodigoPeriodo>43</CodigoPeriodo>
            <ConstanteMultiplicadora>000001.000</ConstanteMultiplicadora>
            <NumeroRuedasEnteras>09</NumeroRuedasEnteras>
            <NumeroRuedasDecimales>00</NumeroRuedasDecimales>
            <ConsumoCalculado>+0000001435.00</ConsumoCalculado>
            <LecturaDesde>
              <Fecha>2017-02-28</Fecha>
              <Procedencia>40</Procedencia>
              <Lectura>0000008089.00</Lectura>
            </LecturaDesde>
            <LecturaHasta>
              <Fecha>2017-03-31</Fecha>
              <Procedencia>40</Procedencia>
              <Lectura>0000009524.00</Lectura>
            </LecturaHasta>
            <FechaHoraMaximetro>2017-03-31T23:00:00</FechaHoraMaximetro>
          </Integrador>
          <Integrador>
            <Magnitud>R1</Magnitud>
            <CodigoPeriodo>41</CodigoPeriodo>
            <ConstanteMultiplicadora>000001.000</ConstanteMultiplicadora>
            <NumeroRuedasEnteras>09</NumeroRuedasEnteras>
            <NumeroRuedasDecimales>00</NumeroRuedasDecimales>
            <ConsumoCalculado>+0000000705.00</ConsumoCalculado>
            <LecturaDesde>
              <Fecha>2017-02-28</Fecha>
              <Procedencia>40</Procedencia>
              <Lectura>0000003105.00</Lectura>
            </LecturaDesde>
            <LecturaHasta>
              <Fecha>2017-03-31</Fecha>
              <Procedencia>40</Procedencia>
              <Lectura>0000003810.00</Lectura>
            </LecturaHasta>
            <FechaHoraMaximetro>2017-03-22T21:00:00</FechaHoraMaximetro>
          </Integrador>
          <Integrador>
            <Magnitud>PM</Magnitud>
            <CodigoPeriodo>42</CodigoPeriodo>
            <ConstanteMultiplicadora>000001.000</ConstanteMultiplicadora>
            <NumeroRuedasEnteras>09</NumeroRuedasEnteras>
            <NumeroRuedasDecimales>00</NumeroRuedasDecimales>
            <ConsumoCalculado>+0000008000.00</ConsumoCalculado>
            <LecturaDesde>
              <Fecha>2017-02-28</Fecha>
              <Procedencia>40</Procedencia>
              <Lectura>0000000000.00</Lectura>
            </LecturaDesde>
            <LecturaHasta>
              <Fecha>2017-03-31</Fecha>
              <Procedencia>40</Procedencia>
              <Lectura>0000008000.00</Lectura>
            </LecturaHasta>
            <FechaHoraMaximetro>2017-03-31T01:00:00</FechaHoraMaximetro>
          </Integrador>
          <Integrador>
            <Magnitud>PM</Magnitud>
            <CodigoPeriodo>43</CodigoPeriodo>
            <ConstanteMultiplicadora>000001.000</ConstanteMultiplicadora>
            <NumeroRuedasEnteras>09</NumeroRuedasEnteras>
            <NumeroRuedasDecimales>00</NumeroRuedasDecimales>
            <ConsumoCalculado>+0000008000.00</ConsumoCalculado>
            <LecturaDesde>
              <Fecha>2017-02-28</Fecha>
              <Procedencia>40</Procedencia>
              <Lectura>0000000000.00</Lectura>
            </LecturaDesde>
            <LecturaHasta>
              <Fecha>2017-03-31</Fecha>
              <Procedencia>40</Procedencia>
              <Lectura>0000008000.00</Lectura>
            </LecturaHasta>
            <FechaHoraMaximetro>2017-03-31T23:00:00</FechaHoraMaximetro>
          </Integrador>
          <Integrador>
            <Magnitud>PM</Magnitud>
            <CodigoPeriodo>41</CodigoPeriodo>
            <ConstanteMultiplicadora>000001.000</ConstanteMultiplicadora>
            <NumeroRuedasEnteras>09</NumeroRuedasEnteras>
            <NumeroRuedasDecimales>00</NumeroRuedasDecimales>
            <ConsumoCalculado>+0000008000.00</ConsumoCalculado>
            <LecturaDesde>
              <Fecha>2017-02-28</Fecha>
              <Procedencia>40</Procedencia>
              <Lectura>0000000000.00</Lectura>
            </LecturaDesde>
            <LecturaHasta>
              <Fecha>2017-03-31</Fecha>
              <Procedencia>40</Procedencia>
              <Lectura>0000008000.00</Lectura>
            </LecturaHasta>
            <FechaHoraMaximetro>2017-03-22T21:00:00</FechaHoraMaximetro>
          </Integrador>
        </ModeloAparato>
      </Medidas>
    </FacturaATR>
    <RegistroFin>
      <ImporteTotal>+0000000006069.04</ImporteTotal>
      <SaldoTotalFacturacion>+0000000000000.00</SaldoTotalFacturacion>
      <TotalRecibos>00018</TotalRecibos>
      <TipoMoneda>02</TipoMoneda>
      <FechaValor>2018-02-16</FechaValor>
      <FechaLimitePago>2018-03-08</FechaLimitePago>
      <IdRemesa>00000000000000000002516470</IdRemesa>
    </RegistroFin>
  </Facturas>
  <OtrosDatosFactura>
    <SociedadMercantilEmisora>ENDESA DISTRIBUCION ELECTRICA S.L *</SociedadMercantilEmisora>
    <SociedadMercantilDestino>SUNAIR ONE ENERGY, S.L.</SociedadMercantilDestino>
    <DireccionEmisora>AV VILANOVA</DireccionEmisora>
    <DireccionDestino>ANTONI RUBIO 46, LOC, ALMACEN, REUS, 43206, TARRAGONA</DireccionDestino>
  </OtrosDatosFactura>
</MensajeFacturacion>