<?xml version="1.0" encoding="ISO-8859-1"?>
<MensajeFacturacion xmlns="http://localhost/elegibilidad" Firmar="SI">
<Cabecera>
<CodigoREEEmpresaEmisora>0557</CodigoREEEmpresaEmisora>
<CodigoREEEmpresaDestino>0815</CodigoREEEmpresaDestino>
<CodigoDelProceso>F1</CodigoDelProceso>
<CodigoDePaso>01</CodigoDePaso>
<CodigoDeSolicitud>200900018003</CodigoDeSolicitud>
<SecuencialDeSolicitud>01</SecuencialDeSolicitud>
<FechaSolicitud>2018-02-16T11:24:56+01:00</FechaSolicitud>
<CUPS>ES0557000000000054CG0F</CUPS>
</Cabecera>
<Facturas>
<FacturaATR>
<DatosGeneralesFacturaATR>
<DireccionSuministro>
<Pais>Espa�a</Pais>
<Provincia>22</Provincia>
<Municipio>22636</Municipio>
<CodPostal>22636</CodPostal>
<Calle>CL UNICA</Calle>
<NumeroFinca>0</NumeroFinca>
</DireccionSuministro>
<Cliente>
<TipoIdentificador>NI</TipoIdentificador>
<Identificador>B55567986</Identificador>
</Cliente>
<CodContrato>54</CodContrato>
<DatosGeneralesFactura>
<CodigoFiscalFactura>18003</CodigoFiscalFactura>
<TipoFactura>N</TipoFactura>
<MotivoFacturacion>01</MotivoFacturacion>
<FechaFactura>2018-02-16</FechaFactura>
<IdentificadorEmisora>B22217350</IdentificadorEmisora>
<ImporteTotalFactura>226.63</ImporteTotalFactura>
<TipoMoneda>02</TipoMoneda>
</DatosGeneralesFactura>
<DatosFacturaATR>
<FechaBOE>2010-06-29</FechaBOE>
<TarifaATRFact>003</TarifaATRFact>
<MarcaMedidaConPerdidas>N</MarcaMedidaConPerdidas>
<VAsTrafo>0</VAsTrafo>
<PorcentajePerdidas>0</PorcentajePerdidas>
<IndicativoCurvaCarga>03</IndicativoCurvaCarga>
<Periodo>
<FechaDesdeFactura>2018-01-01</FechaDesdeFactura>
<FechaHastaFactura>2018-02-01</FechaHastaFactura>
<NumeroDias>31</NumeroDias>
</Periodo>
</DatosFacturaATR>
</DatosGeneralesFacturaATR>
<Potencia>
<TerminoPotencia>
<FechaDesde>2018-01-01</FechaDesde>
<FechaHasta>2018-02-01</FechaHasta>
<Periodo>
<PotenciaContratada>21000</PotenciaContratada>
<PotenciaMaxDemandada>15000</PotenciaMaxDemandada>
<PotenciaAFacturar>17850</PotenciaAFacturar>
<PrecioPotencia>0.000111586</PrecioPotencia>
</Periodo>
<Periodo>
<PotenciaContratada>21000</PotenciaContratada>
<PotenciaMaxDemandada>14000</PotenciaMaxDemandada>
<PotenciaAFacturar>17850</PotenciaAFacturar>
<PrecioPotencia>0.000066952</PrecioPotencia>
</Periodo>
<Periodo>
<PotenciaContratada>21000</PotenciaContratada>
<PotenciaMaxDemandada>15000</PotenciaMaxDemandada>
<PotenciaAFacturar>17850</PotenciaAFacturar>
<PrecioPotencia>0.000044634</PrecioPotencia>
</Periodo>
</TerminoPotencia>
<ImporteTotalTerminoPotencia>123.5</ImporteTotalTerminoPotencia>
</Potencia>
<EnergiaActiva>
<TerminoEnergiaActiva>
<FechaDesde>2018-01-01</FechaDesde>
<FechaHasta>2018-02-01</FechaHasta>
<Periodo>
<ValorEnergiaActiva>957.00</ValorEnergiaActiva>
<PrecioEnergia>0.018762000</PrecioEnergia>
</Periodo>
<Periodo>
<ValorEnergiaActiva>2628.00</ValorEnergiaActiva>
<PrecioEnergia>0.012575000</PrecioEnergia>
</Periodo>
<Periodo>
<ValorEnergiaActiva>765.00</ValorEnergiaActiva>
<PrecioEnergia>0.004670000</PrecioEnergia>
</Periodo>
</TerminoEnergiaActiva>
<ImporteTotalEnergiaActiva>54.58</ImporteTotalEnergiaActiva>
</EnergiaActiva>
<EnergiaReactiva>
<TerminoEnergiaReactiva>
<FechaDesde>2018-01-01</FechaDesde>
<FechaHasta>2018-02-01</FechaHasta>
<Periodo>
<ValorEnergiaReactiva>52.22</ValorEnergiaReactiva>
<PrecioEnergiaReactiva>0.041554000</PrecioEnergiaReactiva>
</Periodo>
<Periodo>
<ValorEnergiaReactiva>169.66</ValorEnergiaReactiva>
<PrecioEnergiaReactiva>0.041554000</PrecioEnergiaReactiva>
</Periodo>
<Periodo>
<ValorEnergiaReactiva>459.00</ValorEnergiaReactiva>
<PrecioEnergiaReactiva>0.000000000</PrecioEnergiaReactiva>
</Periodo>
</TerminoEnergiaReactiva>
<ImporteTotalEnergiaReactiva>9.22</ImporteTotalEnergiaReactiva>
</EnergiaReactiva>
<ImpuestoElectrico>
<BaseImponible>0.00</BaseImponible>
<Porcentaje>0.00000000</Porcentaje>
<Importe>0.00</Importe>
</ImpuestoElectrico>
<Alquileres>
<PrecioDiarioAlquiler>
<PrecioDia>0.000000000</PrecioDia>
<NumeroDias>31</NumeroDias>
</PrecioDiarioAlquiler>
<ImporteFacturacionAlquileres>0.00</ImporteFacturacionAlquileres>
</Alquileres>
<IVA>
<BaseImponible>187.30</BaseImponible>
<Porcentaje>21.00</Porcentaje>
<Importe>39.33</Importe>
</IVA>
<IVAReducido>
<BaseImponible>0.00</BaseImponible>
<Porcentaje>0.00</Porcentaje>
<Importe>0.00</Importe>
</IVAReducido>
<Medidas>
<CodPM>ES0557000000000054CG0F</CodPM>
<ModeloAparato>
<TipoAparato>CC</TipoAparato>
<MarcaAparato>015</MarcaAparato>
<NumeroSerie>0501609634</NumeroSerie>
<TipoDHEdM>6</TipoDHEdM>
<Integrador>
<Magnitud>AE</Magnitud>
<CodigoPeriodo>61</CodigoPeriodo>
<ConstanteMultiplicadora>1.000</ConstanteMultiplicadora>
<NumeroRuedasEnteras>08</NumeroRuedasEnteras>
<NumeroRuedasDecimales>00</NumeroRuedasDecimales>
<ConsumoCalculado>957.00</ConsumoCalculado>
<LecturaDesde>
<Fecha>2018-01-01</Fecha>
<Procedencia>20</Procedencia>
<Lectura>13132.00</Lectura>
</LecturaDesde>
<LecturaHasta>
<Fecha>2018-02-01</Fecha>
<Procedencia>20</Procedencia>
<Lectura>14089.00</Lectura>
</LecturaHasta>
<FechaHoraMaximetro>2018-02-01T01:00:00+01:00</FechaHoraMaximetro>
</Integrador>
<Integrador>
<Magnitud>AE</Magnitud>
<CodigoPeriodo>62</CodigoPeriodo>
<ConstanteMultiplicadora>1.000</ConstanteMultiplicadora>
<NumeroRuedasEnteras>08</NumeroRuedasEnteras>
<NumeroRuedasDecimales>00</NumeroRuedasDecimales>
<ConsumoCalculado>2628.00</ConsumoCalculado>
<LecturaDesde>
<Fecha>2018-01-01</Fecha>
<Procedencia>20</Procedencia>
<Lectura>34129.00</Lectura>
</LecturaDesde>
<LecturaHasta>
<Fecha>2018-02-01</Fecha>
<Procedencia>20</Procedencia>
<Lectura>36757.00</Lectura>
</LecturaHasta>
<FechaHoraMaximetro>2018-02-01T01:00:00+01:00</FechaHoraMaximetro>
</Integrador>
<Integrador>
<Magnitud>AE</Magnitud>
<CodigoPeriodo>63</CodigoPeriodo>
<ConstanteMultiplicadora>1.000</ConstanteMultiplicadora>
<NumeroRuedasEnteras>08</NumeroRuedasEnteras>
<NumeroRuedasDecimales>00</NumeroRuedasDecimales>
<ConsumoCalculado>765.00</ConsumoCalculado>
<LecturaDesde>
<Fecha>2018-01-01</Fecha>
<Procedencia>20</Procedencia>
<Lectura>10501.00</Lectura>
</LecturaDesde>
<LecturaHasta>
<Fecha>2018-02-01</Fecha>
<Procedencia>20</Procedencia>
<Lectura>11266.00</Lectura>
</LecturaHasta>
<FechaHoraMaximetro>2018-02-01T01:00:00+01:00</FechaHoraMaximetro>
</Integrador>
<Integrador>
<Magnitud>AE</Magnitud>
<CodigoPeriodo>64</CodigoPeriodo>
<ConstanteMultiplicadora>1.000</ConstanteMultiplicadora>
<NumeroRuedasEnteras>08</NumeroRuedasEnteras>
<NumeroRuedasDecimales>00</NumeroRuedasDecimales>
<ConsumoCalculado>0.00</ConsumoCalculado>
<LecturaDesde>
<Fecha>2018-01-01</Fecha>
<Procedencia>20</Procedencia>
<Lectura>0.00</Lectura>
</LecturaDesde>
<LecturaHasta>
<Fecha>2018-02-01</Fecha>
<Procedencia>20</Procedencia>
<Lectura>0.00</Lectura>
</LecturaHasta>
<FechaHoraMaximetro>2018-02-01T01:00:00+01:00</FechaHoraMaximetro>
</Integrador>
<Integrador>
<Magnitud>AE</Magnitud>
<CodigoPeriodo>65</CodigoPeriodo>
<ConstanteMultiplicadora>1.000</ConstanteMultiplicadora>
<NumeroRuedasEnteras>08</NumeroRuedasEnteras>
<NumeroRuedasDecimales>00</NumeroRuedasDecimales>
<ConsumoCalculado>0.00</ConsumoCalculado>
<LecturaDesde>
<Fecha>2018-01-01</Fecha>
<Procedencia>20</Procedencia>
<Lectura>0.00</Lectura>
</LecturaDesde>
<LecturaHasta>
<Fecha>2018-02-01</Fecha>
<Procedencia>20</Procedencia>
<Lectura>0.00</Lectura>
</LecturaHasta>
<FechaHoraMaximetro>2018-02-01T01:00:00+01:00</FechaHoraMaximetro>
</Integrador>
<Integrador>
<Magnitud>AE</Magnitud>
<CodigoPeriodo>66</CodigoPeriodo>
<ConstanteMultiplicadora>1.000</ConstanteMultiplicadora>
<NumeroRuedasEnteras>08</NumeroRuedasEnteras>
<NumeroRuedasDecimales>00</NumeroRuedasDecimales>
<ConsumoCalculado>0.00</ConsumoCalculado>
<LecturaDesde>
<Fecha>2018-01-01</Fecha>
<Procedencia>20</Procedencia>
<Lectura>0.00</Lectura>
</LecturaDesde>
<LecturaHasta>
<Fecha>2018-02-01</Fecha>
<Procedencia>20</Procedencia>
<Lectura>0.00</Lectura>
</LecturaHasta>
<FechaHoraMaximetro>2018-02-01T01:00:00+01:00</FechaHoraMaximetro>
</Integrador>
<Integrador>
<Magnitud>PM</Magnitud>
<CodigoPeriodo>61</CodigoPeriodo>
<ConstanteMultiplicadora>1.000</ConstanteMultiplicadora>
<NumeroRuedasEnteras>08</NumeroRuedasEnteras>
<NumeroRuedasDecimales>00</NumeroRuedasDecimales>
<ConsumoCalculado>15000.00</ConsumoCalculado>
<LecturaDesde>
<Fecha>2018-01-01</Fecha>
<Procedencia>20</Procedencia>
<Lectura>15000.00</Lectura>
</LecturaDesde>
<LecturaHasta>
<Fecha>2018-02-01</Fecha>
<Procedencia>20</Procedencia>
<Lectura>15000.00</Lectura>
</LecturaHasta>
<FechaHoraMaximetro>2018-02-01T01:00:00+01:00</FechaHoraMaximetro>
</Integrador>
<Integrador>
<Magnitud>PM</Magnitud>
<CodigoPeriodo>62</CodigoPeriodo>
<ConstanteMultiplicadora>1.000</ConstanteMultiplicadora>
<NumeroRuedasEnteras>08</NumeroRuedasEnteras>
<NumeroRuedasDecimales>00</NumeroRuedasDecimales>
<ConsumoCalculado>14000.00</ConsumoCalculado>
<LecturaDesde>
<Fecha>2018-01-01</Fecha>
<Procedencia>20</Procedencia>
<Lectura>14000.00</Lectura>
</LecturaDesde>
<LecturaHasta>
<Fecha>2018-02-01</Fecha>
<Procedencia>20</Procedencia>
<Lectura>14000.00</Lectura>
</LecturaHasta>
<FechaHoraMaximetro>2018-02-01T01:00:00+01:00</FechaHoraMaximetro>
</Integrador>
<Integrador>
<Magnitud>PM</Magnitud>
<CodigoPeriodo>63</CodigoPeriodo>
<ConstanteMultiplicadora>1.000</ConstanteMultiplicadora>
<NumeroRuedasEnteras>08</NumeroRuedasEnteras>
<NumeroRuedasDecimales>00</NumeroRuedasDecimales>
<ConsumoCalculado>15000.00</ConsumoCalculado>
<LecturaDesde>
<Fecha>2018-01-01</Fecha>
<Procedencia>20</Procedencia>
<Lectura>15000.00</Lectura>
</LecturaDesde>
<LecturaHasta>
<Fecha>2018-02-01</Fecha>
<Procedencia>20</Procedencia>
<Lectura>15000.00</Lectura>
</LecturaHasta>
<FechaHoraMaximetro>2018-02-01T01:00:00+01:00</FechaHoraMaximetro>
</Integrador>
<Integrador>
<Magnitud>PM</Magnitud>
<CodigoPeriodo>64</CodigoPeriodo>
<ConstanteMultiplicadora>1.000</ConstanteMultiplicadora>
<NumeroRuedasEnteras>08</NumeroRuedasEnteras>
<NumeroRuedasDecimales>00</NumeroRuedasDecimales>
<ConsumoCalculado>0.00</ConsumoCalculado>
<LecturaDesde>
<Fecha>2018-01-01</Fecha>
<Procedencia>20</Procedencia>
<Lectura>0.00</Lectura>
</LecturaDesde>
<LecturaHasta>
<Fecha>2018-02-01</Fecha>
<Procedencia>20</Procedencia>
<Lectura>0.00</Lectura>
</LecturaHasta>
<FechaHoraMaximetro>2018-02-01T01:00:00+01:00</FechaHoraMaximetro>
</Integrador>
<Integrador>
<Magnitud>PM</Magnitud>
<CodigoPeriodo>65</CodigoPeriodo>
<ConstanteMultiplicadora>1.000</ConstanteMultiplicadora>
<NumeroRuedasEnteras>08</NumeroRuedasEnteras>
<NumeroRuedasDecimales>00</NumeroRuedasDecimales>
<ConsumoCalculado>0.00</ConsumoCalculado>
<LecturaDesde>
<Fecha>2018-01-01</Fecha>
<Procedencia>20</Procedencia>
<Lectura>0.00</Lectura>
</LecturaDesde>
<LecturaHasta>
<Fecha>2018-02-01</Fecha>
<Procedencia>20</Procedencia>
<Lectura>0.00</Lectura>
</LecturaHasta>
<FechaHoraMaximetro>2018-02-01T01:00:00+01:00</FechaHoraMaximetro>
</Integrador>
<Integrador>
<Magnitud>PM</Magnitud>
<CodigoPeriodo>66</CodigoPeriodo>
<ConstanteMultiplicadora>1.000</ConstanteMultiplicadora>
<NumeroRuedasEnteras>08</NumeroRuedasEnteras>
<NumeroRuedasDecimales>00</NumeroRuedasDecimales>
<ConsumoCalculado>0.00</ConsumoCalculado>
<LecturaDesde>
<Fecha>2018-01-01</Fecha>
<Procedencia>20</Procedencia>
<Lectura>0.00</Lectura>
</LecturaDesde>
<LecturaHasta>
<Fecha>2018-02-01</Fecha>
<Procedencia>20</Procedencia>
<Lectura>0.00</Lectura>
</LecturaHasta>
<FechaHoraMaximetro>2018-02-01T01:00:00+01:00</FechaHoraMaximetro>
</Integrador>
<Integrador>
<Magnitud>R1</Magnitud>
<CodigoPeriodo>61</CodigoPeriodo>
<ConstanteMultiplicadora>1.000</ConstanteMultiplicadora>
<NumeroRuedasEnteras>06</NumeroRuedasEnteras>
<NumeroRuedasDecimales>00</NumeroRuedasDecimales>
<ConsumoCalculado>368.00</ConsumoCalculado>
<LecturaDesde>
<Fecha>2018-01-01</Fecha>
<Procedencia>20</Procedencia>
<Lectura>6772.00</Lectura>
</LecturaDesde>
<LecturaHasta>
<Fecha>2018-02-01</Fecha>
<Procedencia>20</Procedencia>
<Lectura>7140.00</Lectura>
</LecturaHasta>
<FechaHoraMaximetro>2018-02-01T01:00:00+01:00</FechaHoraMaximetro>
</Integrador>
<Integrador>
<Magnitud>R1</Magnitud>
<CodigoPeriodo>62</CodigoPeriodo>
<ConstanteMultiplicadora>1.000</ConstanteMultiplicadora>
<NumeroRuedasEnteras>06</NumeroRuedasEnteras>
<NumeroRuedasDecimales>00</NumeroRuedasDecimales>
<ConsumoCalculado>1037.00</ConsumoCalculado>
<LecturaDesde>
<Fecha>2018-01-01</Fecha>
<Procedencia>20</Procedencia>
<Lectura>17508.00</Lectura>
</LecturaDesde>
<LecturaHasta>
<Fecha>2018-02-01</Fecha>
<Procedencia>20</Procedencia>
<Lectura>18545.00</Lectura>
</LecturaHasta>
<FechaHoraMaximetro>2018-02-01T01:00:00+01:00</FechaHoraMaximetro>
</Integrador>
<Integrador>
<Magnitud>R1</Magnitud>
<CodigoPeriodo>63</CodigoPeriodo>
<ConstanteMultiplicadora>1.000</ConstanteMultiplicadora>
<NumeroRuedasEnteras>06</NumeroRuedasEnteras>
<NumeroRuedasDecimales>00</NumeroRuedasDecimales>
<ConsumoCalculado>459.00</ConsumoCalculado>
<LecturaDesde>
<Fecha>2018-01-01</Fecha>
<Procedencia>20</Procedencia>
<Lectura>7799.00</Lectura>
</LecturaDesde>
<LecturaHasta>
<Fecha>2018-02-01</Fecha>
<Procedencia>20</Procedencia>
<Lectura>8258.00</Lectura>
</LecturaHasta>
<FechaHoraMaximetro>2018-02-01T01:00:00+01:00</FechaHoraMaximetro>
</Integrador>
<Integrador>
<Magnitud>R1</Magnitud>
<CodigoPeriodo>64</CodigoPeriodo>
<ConstanteMultiplicadora>1.000</ConstanteMultiplicadora>
<NumeroRuedasEnteras>06</NumeroRuedasEnteras>
<NumeroRuedasDecimales>00</NumeroRuedasDecimales>
<ConsumoCalculado>0.00</ConsumoCalculado>
<LecturaDesde>
<Fecha>2018-01-01</Fecha>
<Procedencia>20</Procedencia>
<Lectura>0.00</Lectura>
</LecturaDesde>
<LecturaHasta>
<Fecha>2018-02-01</Fecha>
<Procedencia>20</Procedencia>
<Lectura>0.00</Lectura>
</LecturaHasta>
<FechaHoraMaximetro>2018-02-01T01:00:00+01:00</FechaHoraMaximetro>
</Integrador>
<Integrador>
<Magnitud>R1</Magnitud>
<CodigoPeriodo>65</CodigoPeriodo>
<ConstanteMultiplicadora>1.000</ConstanteMultiplicadora>
<NumeroRuedasEnteras>06</NumeroRuedasEnteras>
<NumeroRuedasDecimales>00</NumeroRuedasDecimales>
<ConsumoCalculado>0.00</ConsumoCalculado>
<LecturaDesde>
<Fecha>2018-01-01</Fecha>
<Procedencia>20</Procedencia>
<Lectura>0.00</Lectura>
</LecturaDesde>
<LecturaHasta>
<Fecha>2018-02-01</Fecha>
<Procedencia>20</Procedencia>
<Lectura>0.00</Lectura>
</LecturaHasta>
<FechaHoraMaximetro>2018-02-01T01:00:00+01:00</FechaHoraMaximetro>
</Integrador>
<Integrador>
<Magnitud>R1</Magnitud>
<CodigoPeriodo>66</CodigoPeriodo>
<ConstanteMultiplicadora>1.000</ConstanteMultiplicadora>
<NumeroRuedasEnteras>06</NumeroRuedasEnteras>
<NumeroRuedasDecimales>00</NumeroRuedasDecimales>
<ConsumoCalculado>0.00</ConsumoCalculado>
<LecturaDesde>
<Fecha>2018-01-01</Fecha>
<Procedencia>20</Procedencia>
<Lectura>0.00</Lectura>
</LecturaDesde>
<LecturaHasta>
<Fecha>2018-02-01</Fecha>
<Procedencia>20</Procedencia>
<Lectura>0.00</Lectura>
</LecturaHasta>
<FechaHoraMaximetro>2018-02-01T01:00:00+01:00</FechaHoraMaximetro>
</Integrador>
</ModeloAparato>
</Medidas>
</FacturaATR>
<RegistroFin>
<ImporteTotal>226.63</ImporteTotal>
<SaldoTotalFacturacion>226.63</SaldoTotalFacturacion>
<TotalRecibos>1</TotalRecibos>
<TipoMoneda>02</TipoMoneda>
<FechaValor>2018-02-16</FechaValor>
<FechaLimitePago>2018-03-08</FechaLimitePago>
<IdRemesa>0</IdRemesa>
</RegistroFin>
</Facturas>
<OtrosDatosFactura>
<SociedadMercantilEmisora>AGRUPACION DISTRIBUIDORA DE ESCUER S.L.</SociedadMercantilEmisora>
<SociedadMercantilDestino>SUNAIR ONE ENERGY S.L.</SociedadMercantilDestino>
<DireccionEmisora> ESCUER</DireccionEmisora>
<DireccionDestino>C/Ignasi Iglesias 69  REUS</DireccionDestino>
</OtrosDatosFactura>
</MensajeFacturacion>
