<?xml version="1.0" encoding="utf-8"?><MensajeFacturacion xmlns="http://localhost/elegibilidad" Firmar="SI"><Cabecera><CodigoREEEmpresaEmisora>0026</CodigoREEEmpresaEmisora><CodigoREEEmpresaDestino>0815</CodigoREEEmpresaDestino><CodigoDelProceso>F1</CodigoDelProceso><CodigoDePaso>01</CodigoDePaso><CodigoDeSolicitud>201821013013</CodigoDeSolicitud><SecuencialDeSolicitud>01</SecuencialDeSolicitud><FechaSolicitud>2018-02-18T06:38:53</FechaSolicitud><CUPS>ES0026000000462203TB0F</CUPS></Cabecera><Facturas><FacturaATR><DatosGeneralesFacturaATR><DireccionSuministro><Pais>Spain</Pais><Provincia>33</Provincia><Municipio>330241</Municipio><CodPostal>33207</CodPostal><Calle>SANZ CRESPO</Calle><NumeroFinca>3</NumeroFinca></DireccionSuministro><Cliente><TipoIdentificador>NI</TipoIdentificador><Identificador>B55567986</Identificador></Cliente><CodContrato>1004003177</CodContrato><DatosGeneralesFactura><CodigoFiscalFactura>103N180200389605</CodigoFiscalFactura><TipoFactura>N</TipoFactura><MotivoFacturacion>01</MotivoFacturacion><FechaFactura>2018-02-17</FechaFactura><IdentificadorEmisora>A33591611</IdentificadorEmisora><ImporteTotalFactura>495.58</ImporteTotalFactura><TipoMoneda>02</TipoMoneda></DatosGeneralesFactura><DatosFacturaATR><FechaBOE>2014-02-01</FechaBOE><TarifaATRFact>003</TarifaATRFact><MarcaMedidaConPerdidas>N</MarcaMedidaConPerdidas><IndicativoCurvaCarga>03</IndicativoCurvaCarga><PeriodoCCH><FechaDesdeCCH>2018-01-16</FechaDesdeCCH><FechaHastaCCH>2018-02-15</FechaHastaCCH></PeriodoCCH><Periodo><FechaDesdeFactura>2018-01-16</FechaDesdeFactura><FechaHastaFactura>2018-02-15</FechaHastaFactura><NumeroDias>30</NumeroDias></Periodo></DatosFacturaATR></DatosGeneralesFacturaATR><Potencia><TerminoPotencia><FechaDesde>2018-01-16</FechaDesde><FechaHasta>2018-02-15</FechaHasta><Periodo><PotenciaContratada>50000</PotenciaContratada><PotenciaMaxDemandada>25000</PotenciaMaxDemandada><PotenciaAFacturar>42500</PotenciaAFacturar><PrecioPotencia>0.000111586</PrecioPotencia></Periodo><Periodo><PotenciaContratada>50000</PotenciaContratada><PotenciaMaxDemandada>28000</PotenciaMaxDemandada><PotenciaAFacturar>42500</PotenciaAFacturar><PrecioPotencia>0.000066952</PrecioPotencia></Periodo><Periodo><PotenciaContratada>50000</PotenciaContratada><PotenciaMaxDemandada>25000</PotenciaMaxDemandada><PotenciaAFacturar>42500</PotenciaAFacturar><PrecioPotencia>0.000044634</PrecioPotencia></Periodo></TerminoPotencia><ImporteTotalTerminoPotencia>284.54</ImporteTotalTerminoPotencia></Potencia><EnergiaActiva><TerminoEnergiaActiva><FechaDesde>2018-01-16</FechaDesde><FechaHasta>2018-02-15</FechaHasta><Periodo><ValorEnergiaActiva>1521.00</ValorEnergiaActiva><PrecioEnergia>0.018762000</PrecioEnergia></Periodo><Periodo><ValorEnergiaActiva>5602.00</ValorEnergiaActiva><PrecioEnergia>0.012575000</PrecioEnergia></Periodo><Periodo><ValorEnergiaActiva>2878.00</ValorEnergiaActiva><PrecioEnergia>0.004670000</PrecioEnergia></Periodo></TerminoEnergiaActiva><ImporteTotalEnergiaActiva>112.43</ImporteTotalEnergiaActiva></EnergiaActiva><ImpuestoElectrico><BaseImponible>0.00</BaseImponible><Porcentaje>0.05</Porcentaje><Importe>0.00</Importe></ImpuestoElectrico><Alquileres><PrecioDiarioAlquiler><PrecioDia>0.025333330</PrecioDia><NumeroDias>30</NumeroDias></PrecioDiarioAlquiler><PrecioDiarioAlquiler><PrecioDia>0.394666670</PrecioDia><NumeroDias>30</NumeroDias></PrecioDiarioAlquiler><ImporteFacturacionAlquileres>12.60</ImporteFacturacionAlquileres></Alquileres><IVA><BaseImponible>409.57</BaseImponible><Porcentaje>21.00</Porcentaje><Importe>86.01</Importe></IVA><Medidas><CodPM>ES0026000000462203TB1P</CodPM><ModeloAparato><TipoAparato>CG</TipoAparato><MarcaAparato>199</MarcaAparato><NumeroSerie>38303568</NumeroSerie><TipoDHEdM>6</TipoDHEdM><Integrador><Magnitud>AE</Magnitud><CodigoPeriodo>61</CodigoPeriodo><ConstanteMultiplicadora>1.000</ConstanteMultiplicadora><NumeroRuedasEnteras>09</NumeroRuedasEnteras><NumeroRuedasDecimales>00</NumeroRuedasDecimales><ConsumoCalculado>1178</ConsumoCalculado><LecturaDesde><Fecha>2018-01-16</Fecha><Procedencia>20</Procedencia><Lectura>21717.00</Lectura></LecturaDesde><LecturaHasta><Fecha>2018-02-15</Fecha><Procedencia>20</Procedencia><Lectura>22895.00</Lectura></LecturaHasta><FechaHoraMaximetro>2018-02-15T01:00:00</FechaHoraMaximetro></Integrador><Integrador><Magnitud>AE</Magnitud><CodigoPeriodo>62</CodigoPeriodo><ConstanteMultiplicadora>1.000</ConstanteMultiplicadora><NumeroRuedasEnteras>09</NumeroRuedasEnteras><NumeroRuedasDecimales>00</NumeroRuedasDecimales><ConsumoCalculado>4571</ConsumoCalculado><LecturaDesde><Fecha>2018-01-16</Fecha><Procedencia>20</Procedencia><Lectura>74490.00</Lectura></LecturaDesde><LecturaHasta><Fecha>2018-02-15</Fecha><Procedencia>20</Procedencia><Lectura>79061.00</Lectura></LecturaHasta><FechaHoraMaximetro>2018-02-15T01:00:00</FechaHoraMaximetro></Integrador><Integrador><Magnitud>AE</Magnitud><CodigoPeriodo>63</CodigoPeriodo><ConstanteMultiplicadora>1.000</ConstanteMultiplicadora><NumeroRuedasEnteras>09</NumeroRuedasEnteras><NumeroRuedasDecimales>00</NumeroRuedasDecimales><ConsumoCalculado>2179</ConsumoCalculado><LecturaDesde><Fecha>2018-01-16</Fecha><Procedencia>20</Procedencia><Lectura>28701.00</Lectura></LecturaDesde><LecturaHasta><Fecha>2018-02-15</Fecha><Procedencia>20</Procedencia><Lectura>30880.00</Lectura></LecturaHasta><FechaHoraMaximetro>2018-02-15T01:00:00</FechaHoraMaximetro></Integrador><Integrador><Magnitud>AE</Magnitud><CodigoPeriodo>64</CodigoPeriodo><ConstanteMultiplicadora>1.000</ConstanteMultiplicadora><NumeroRuedasEnteras>09</NumeroRuedasEnteras><NumeroRuedasDecimales>00</NumeroRuedasDecimales><ConsumoCalculado>343</ConsumoCalculado><LecturaDesde><Fecha>2018-01-16</Fecha><Procedencia>20</Procedencia><Lectura>5332.00</Lectura></LecturaDesde><LecturaHasta><Fecha>2018-02-15</Fecha><Procedencia>20</Procedencia><Lectura>5675.00</Lectura></LecturaHasta><FechaHoraMaximetro>2018-02-15T01:00:00</FechaHoraMaximetro></Integrador><Integrador><Magnitud>AE</Magnitud><CodigoPeriodo>65</CodigoPeriodo><ConstanteMultiplicadora>1.000</ConstanteMultiplicadora><NumeroRuedasEnteras>09</NumeroRuedasEnteras><NumeroRuedasDecimales>00</NumeroRuedasDecimales><ConsumoCalculado>1031</ConsumoCalculado><LecturaDesde><Fecha>2018-01-16</Fecha><Procedencia>20</Procedencia><Lectura>16433.00</Lectura></LecturaDesde><LecturaHasta><Fecha>2018-02-15</Fecha><Procedencia>20</Procedencia><Lectura>17464.00</Lectura></LecturaHasta><FechaHoraMaximetro>2018-02-15T01:00:00</FechaHoraMaximetro></Integrador><Integrador><Magnitud>AE</Magnitud><CodigoPeriodo>66</CodigoPeriodo><ConstanteMultiplicadora>1.000</ConstanteMultiplicadora><NumeroRuedasEnteras>09</NumeroRuedasEnteras><NumeroRuedasDecimales>00</NumeroRuedasDecimales><ConsumoCalculado>699</ConsumoCalculado><LecturaDesde><Fecha>2018-01-16</Fecha><Procedencia>20</Procedencia><Lectura>10955.00</Lectura></LecturaDesde><LecturaHasta><Fecha>2018-02-15</Fecha><Procedencia>20</Procedencia><Lectura>11654.00</Lectura></LecturaHasta><FechaHoraMaximetro>2018-02-15T01:00:00</FechaHoraMaximetro></Integrador><Integrador><Magnitud>PM</Magnitud><CodigoPeriodo>61</CodigoPeriodo><ConstanteMultiplicadora>1.000</ConstanteMultiplicadora><NumeroRuedasEnteras>09</NumeroRuedasEnteras><NumeroRuedasDecimales>00</NumeroRuedasDecimales><ConsumoCalculado>25000</ConsumoCalculado><LecturaDesde><Fecha>2018-01-16</Fecha><Procedencia>20</Procedencia><Lectura>0.00</Lectura></LecturaDesde><LecturaHasta><Fecha>2018-02-15</Fecha><Procedencia>20</Procedencia><Lectura>25000.00</Lectura></LecturaHasta><FechaHoraMaximetro>2018-02-15T01:00:00</FechaHoraMaximetro></Integrador><Integrador><Magnitud>PM</Magnitud><CodigoPeriodo>62</CodigoPeriodo><ConstanteMultiplicadora>1.000</ConstanteMultiplicadora><NumeroRuedasEnteras>09</NumeroRuedasEnteras><NumeroRuedasDecimales>00</NumeroRuedasDecimales><ConsumoCalculado>28000</ConsumoCalculado><LecturaDesde><Fecha>2018-01-16</Fecha><Procedencia>20</Procedencia><Lectura>0.00</Lectura></LecturaDesde><LecturaHasta><Fecha>2018-02-15</Fecha><Procedencia>20</Procedencia><Lectura>28000.00</Lectura></LecturaHasta><FechaHoraMaximetro>2018-02-15T01:00:00</FechaHoraMaximetro></Integrador><Integrador><Magnitud>PM</Magnitud><CodigoPeriodo>63</CodigoPeriodo><ConstanteMultiplicadora>1.000</ConstanteMultiplicadora><NumeroRuedasEnteras>09</NumeroRuedasEnteras><NumeroRuedasDecimales>00</NumeroRuedasDecimales><ConsumoCalculado>25000</ConsumoCalculado><LecturaDesde><Fecha>2018-01-16</Fecha><Procedencia>20</Procedencia><Lectura>0.00</Lectura></LecturaDesde><LecturaHasta><Fecha>2018-02-15</Fecha><Procedencia>20</Procedencia><Lectura>25000.00</Lectura></LecturaHasta><FechaHoraMaximetro>2018-02-15T01:00:00</FechaHoraMaximetro></Integrador><Integrador><Magnitud>PM</Magnitud><CodigoPeriodo>64</CodigoPeriodo><ConstanteMultiplicadora>1.000</ConstanteMultiplicadora><NumeroRuedasEnteras>09</NumeroRuedasEnteras><NumeroRuedasDecimales>00</NumeroRuedasDecimales><ConsumoCalculado>12000</ConsumoCalculado><LecturaDesde><Fecha>2018-01-16</Fecha><Procedencia>20</Procedencia><Lectura>0.00</Lectura></LecturaDesde><LecturaHasta><Fecha>2018-02-15</Fecha><Procedencia>20</Procedencia><Lectura>12000.00</Lectura></LecturaHasta><FechaHoraMaximetro>2018-02-15T01:00:00</FechaHoraMaximetro></Integrador><Integrador><Magnitud>PM</Magnitud><CodigoPeriodo>65</CodigoPeriodo><ConstanteMultiplicadora>1.000</ConstanteMultiplicadora><NumeroRuedasEnteras>09</NumeroRuedasEnteras><NumeroRuedasDecimales>00</NumeroRuedasDecimales><ConsumoCalculado>13000</ConsumoCalculado><LecturaDesde><Fecha>2018-01-16</Fecha><Procedencia>20</Procedencia><Lectura>0.00</Lectura></LecturaDesde><LecturaHasta><Fecha>2018-02-15</Fecha><Procedencia>20</Procedencia><Lectura>13000.00</Lectura></LecturaHasta><FechaHoraMaximetro>2018-02-15T01:00:00</FechaHoraMaximetro></Integrador><Integrador><Magnitud>PM</Magnitud><CodigoPeriodo>66</CodigoPeriodo><ConstanteMultiplicadora>1.000</ConstanteMultiplicadora><NumeroRuedasEnteras>09</NumeroRuedasEnteras><NumeroRuedasDecimales>00</NumeroRuedasDecimales><ConsumoCalculado>13000</ConsumoCalculado><LecturaDesde><Fecha>2018-01-16</Fecha><Procedencia>20</Procedencia><Lectura>0.00</Lectura></LecturaDesde><LecturaHasta><Fecha>2018-02-15</Fecha><Procedencia>20</Procedencia><Lectura>13000.00</Lectura></LecturaHasta><FechaHoraMaximetro>2018-02-15T01:00:00</FechaHoraMaximetro></Integrador><Integrador><Magnitud>R1</Magnitud><CodigoPeriodo>61</CodigoPeriodo><ConstanteMultiplicadora>1.000</ConstanteMultiplicadora><NumeroRuedasEnteras>09</NumeroRuedasEnteras><NumeroRuedasDecimales>00</NumeroRuedasDecimales><ConsumoCalculado>45</ConsumoCalculado><LecturaDesde><Fecha>2018-01-16</Fecha><Procedencia>20</Procedencia><Lectura>3241.00</Lectura></LecturaDesde><LecturaHasta><Fecha>2018-02-15</Fecha><Procedencia>20</Procedencia><Lectura>3286.00</Lectura></LecturaHasta><FechaHoraMaximetro>2018-02-15T01:00:00</FechaHoraMaximetro></Integrador><Integrador><Magnitud>R1</Magnitud><CodigoPeriodo>62</CodigoPeriodo><ConstanteMultiplicadora>1.000</ConstanteMultiplicadora><NumeroRuedasEnteras>09</NumeroRuedasEnteras><NumeroRuedasDecimales>00</NumeroRuedasDecimales><ConsumoCalculado>238</ConsumoCalculado><LecturaDesde><Fecha>2018-01-16</Fecha><Procedencia>20</Procedencia><Lectura>7522.00</Lectura></LecturaDesde><LecturaHasta><Fecha>2018-02-15</Fecha><Procedencia>20</Procedencia><Lectura>7760.00</Lectura></LecturaHasta><FechaHoraMaximetro>2018-02-15T01:00:00</FechaHoraMaximetro></Integrador><Integrador><Magnitud>R1</Magnitud><CodigoPeriodo>63</CodigoPeriodo><ConstanteMultiplicadora>1.000</ConstanteMultiplicadora><NumeroRuedasEnteras>09</NumeroRuedasEnteras><NumeroRuedasDecimales>00</NumeroRuedasDecimales><ConsumoCalculado>0</ConsumoCalculado><LecturaDesde><Fecha>2018-01-16</Fecha><Procedencia>20</Procedencia><Lectura>79.00</Lectura></LecturaDesde><LecturaHasta><Fecha>2018-02-15</Fecha><Procedencia>20</Procedencia><Lectura>79.00</Lectura></LecturaHasta><FechaHoraMaximetro>2018-02-15T01:00:00</FechaHoraMaximetro></Integrador><Integrador><Magnitud>R1</Magnitud><CodigoPeriodo>64</CodigoPeriodo><ConstanteMultiplicadora>1.000</ConstanteMultiplicadora><NumeroRuedasEnteras>09</NumeroRuedasEnteras><NumeroRuedasDecimales>00</NumeroRuedasDecimales><ConsumoCalculado>0</ConsumoCalculado><LecturaDesde><Fecha>2018-01-16</Fecha><Procedencia>20</Procedencia><Lectura>14.00</Lectura></LecturaDesde><LecturaHasta><Fecha>2018-02-15</Fecha><Procedencia>20</Procedencia><Lectura>14.00</Lectura></LecturaHasta><FechaHoraMaximetro>2018-02-15T01:00:00</FechaHoraMaximetro></Integrador><Integrador><Magnitud>R1</Magnitud><CodigoPeriodo>65</CodigoPeriodo><ConstanteMultiplicadora>1.000</ConstanteMultiplicadora><NumeroRuedasEnteras>09</NumeroRuedasEnteras><NumeroRuedasDecimales>00</NumeroRuedasDecimales><ConsumoCalculado>0</ConsumoCalculado><LecturaDesde><Fecha>2018-01-16</Fecha><Procedencia>20</Procedencia><Lectura>41.00</Lectura></LecturaDesde><LecturaHasta><Fecha>2018-02-15</Fecha><Procedencia>20</Procedencia><Lectura>41.00</Lectura></LecturaHasta><FechaHoraMaximetro>2018-02-15T01:00:00</FechaHoraMaximetro></Integrador><Integrador><Magnitud>R1</Magnitud><CodigoPeriodo>66</CodigoPeriodo><ConstanteMultiplicadora>1.000</ConstanteMultiplicadora><NumeroRuedasEnteras>09</NumeroRuedasEnteras><NumeroRuedasDecimales>00</NumeroRuedasDecimales><ConsumoCalculado>0</ConsumoCalculado><LecturaDesde><Fecha>2018-01-16</Fecha><Procedencia>20</Procedencia><Lectura>29.00</Lectura></LecturaDesde><LecturaHasta><Fecha>2018-02-15</Fecha><Procedencia>20</Procedencia><Lectura>29.00</Lectura></LecturaHasta><FechaHoraMaximetro>2018-02-15T01:00:00</FechaHoraMaximetro></Integrador></ModeloAparato></Medidas></FacturaATR><RegistroFin><ImporteTotal>495.58</ImporteTotal><SaldoTotalFacturacion>0.00</SaldoTotalFacturacion><TotalRecibos>1</TotalRecibos><TipoMoneda>02</TipoMoneda><FechaValor>2018-02-17</FechaValor><FechaLimitePago>2018-03-09</FechaLimitePago><IBAN>ES0320859307080330265359</IBAN><IdRemesa>00000000000000000004622347</IdRemesa></RegistroFin></Facturas><OtrosDatosFactura><SociedadMercantilEmisora>HIDROCANTABRICO DISTRIBUCION ELECTRICA,</SociedadMercantilEmisora><SociedadMercantilDestino>SUNAIR ONE ENERGY SL</SociedadMercantilDestino><DireccionEmisora>PZ DE LA GESTA 2 3º. OVIEDO - ASTURIAS</DireccionEmisora><DireccionDestino>CL RECASENS I MERCADE 19. REUS - TARRAGONA</DireccionDestino></OtrosDatosFactura></MensajeFacturacion>