<?xml version="1.0" encoding="utf-8"?><MensajeFacturacion xmlns="http://localhost/elegibilidad" Firmar="SI"><Cabecera><CodigoREEEmpresaEmisora>0026</CodigoREEEmpresaEmisora><CodigoREEEmpresaDestino>0815</CodigoREEEmpresaDestino><CodigoDelProceso>F1</CodigoDelProceso><CodigoDePaso>01</CodigoDePaso><CodigoDeSolicitud>201820966252</CodigoDeSolicitud><SecuencialDeSolicitud>01</SecuencialDeSolicitud><FechaSolicitud>2018-02-17T11:36:03</FechaSolicitud><CUPS>ES0026000000309597NX0F</CUPS></Cabecera><Facturas><FacturaATR><DatosGeneralesFacturaATR><DireccionSuministro><Pais>Spain</Pais><Provincia>33</Provincia><Municipio>330241</Municipio><CodPostal>33207</CodPostal><Calle>SANZ CRESPO</Calle><NumeroFinca>3</NumeroFinca></DireccionSuministro><Cliente><TipoIdentificador>NI</TipoIdentificador><Identificador>A33543547</Identificador></Cliente><CodContrato>1003996724</CodContrato><DatosGeneralesFactura><CodigoFiscalFactura>103N180200293666</CodigoFiscalFactura><TipoFactura>N</TipoFactura><MotivoFacturacion>01</MotivoFacturacion><FechaFactura>2018-02-13</FechaFactura><IdentificadorEmisora>A33591611</IdentificadorEmisora><ImporteTotalFactura>206.70</ImporteTotalFactura><TipoMoneda>02</TipoMoneda></DatosGeneralesFactura><DatosFacturaATR><FechaBOE>2014-02-01</FechaBOE><TarifaATRFact>005</TarifaATRFact><ModoControlPotencia>1</ModoControlPotencia><MarcaMedidaConPerdidas>N</MarcaMedidaConPerdidas><IndicativoCurvaCarga>01</IndicativoCurvaCarga><PeriodoCCH><FechaDesdeCCH>2018-01-12</FechaDesdeCCH><FechaHastaCCH>2018-02-12</FechaHastaCCH></PeriodoCCH><Periodo><FechaDesdeFactura>2018-01-12</FechaDesdeFactura><FechaHastaFactura>2018-02-12</FechaHastaFactura><NumeroDias>31</NumeroDias></Periodo></DatosFacturaATR></DatosGeneralesFacturaATR><Potencia><TerminoPotencia><FechaDesde>2018-01-12</FechaDesde><FechaHasta>2018-02-12</FechaHasta><Periodo><PotenciaContratada>13200</PotenciaContratada><PotenciaMaxDemandada>13200</PotenciaMaxDemandada><PotenciaAFacturar>13200</PotenciaAFacturar><PrecioPotencia>0.000121766</PrecioPotencia></Periodo></TerminoPotencia><ImporteTotalTerminoPotencia>49.83</ImporteTotalTerminoPotencia></Potencia><EnergiaActiva><TerminoEnergiaActiva><FechaDesde>2018-01-12</FechaDesde><FechaHasta>2018-02-12</FechaHasta><Periodo><ValorEnergiaActiva>2095.00</ValorEnergiaActiva><PrecioEnergia>0.057360000</PrecioEnergia></Periodo></TerminoEnergiaActiva><ImporteTotalEnergiaActiva>120.17</ImporteTotalEnergiaActiva></EnergiaActiva><ImpuestoElectrico><BaseImponible>0.00</BaseImponible><Porcentaje>0.05</Porcentaje><Importe>0.00</Importe></ImpuestoElectrico><Alquileres><PrecioDiarioAlquiler><PrecioDia>0.026774190</PrecioDia><NumeroDias>31</NumeroDias></PrecioDiarioAlquiler><ImporteFacturacionAlquileres>0.83</ImporteFacturacionAlquileres></Alquileres><IVA><BaseImponible>170.83</BaseImponible><Porcentaje>21.00</Porcentaje><Importe>35.87</Importe></IVA><Medidas><CodPM>ES0026000000309597NX1P</CodPM><ModeloAparato><TipoAparato>CC</TipoAparato><MarcaAparato>132</MarcaAparato><NumeroSerie>36294002</NumeroSerie><TipoDHEdM>1</TipoDHEdM><Integrador><Magnitud>AE</Magnitud><CodigoPeriodo>10</CodigoPeriodo><ConstanteMultiplicadora>1.000</ConstanteMultiplicadora><NumeroRuedasEnteras>06</NumeroRuedasEnteras><NumeroRuedasDecimales>00</NumeroRuedasDecimales><ConsumoCalculado>2095</ConsumoCalculado><LecturaDesde><Fecha>2018-01-12</Fecha><Procedencia>60</Procedencia><Lectura>54906.00</Lectura></LecturaDesde><LecturaHasta><Fecha>2018-02-12</Fecha><Procedencia>60</Procedencia><Lectura>57001.00</Lectura></LecturaHasta><FechaHoraMaximetro>2018-02-12T01:00:00</FechaHoraMaximetro></Integrador></ModeloAparato></Medidas></FacturaATR><RegistroFin><ImporteTotal>206.70</ImporteTotal><SaldoTotalFacturacion>0.00</SaldoTotalFacturacion><TotalRecibos>1</TotalRecibos><TipoMoneda>02</TipoMoneda><FechaValor>2018-02-13</FechaValor><FechaLimitePago>2018-03-05</FechaLimitePago><IBAN>0000000000000000000000000000000000</IBAN><IdRemesa>00000000000000000004575593</IdRemesa></RegistroFin></Facturas><OtrosDatosFactura><SociedadMercantilEmisora>HIDROCANTABRICO DISTRIBUCION ELECTRICA,</SociedadMercantilEmisora><SociedadMercantilDestino>SUNAIR ONE ENERGY SL</SociedadMercantilDestino><DireccionEmisora>PZ DE LA GESTA 2 3º. OVIEDO - ASTURIAS</DireccionEmisora><DireccionDestino>CL RECASENS I MERCADE 19. REUS - TARRAGONA</DireccionDestino></OtrosDatosFactura></MensajeFacturacion>