<?xml version="1.0" encoding="ISO-8859-1"?><MensajeSaldoLecturasFacturacion xmlns="http://localhost/elegibilidad"><Cabecera><CodigoREEEmpresaEmisora>0021</CodigoREEEmpresaEmisora><CodigoREEEmpresaDestino>0815</CodigoREEEmpresaDestino><CodigoDelProceso>Q1</CodigoDelProceso><CodigoDePaso>01</CodigoDePaso><CodigoDeSolicitud>201802166714</CodigoDeSolicitud><SecuencialDeSolicitud>25</SecuencialDeSolicitud><FechaSolicitud>2018-02-16T00:00:00</FechaSolicitud><CUPS>ES0021000008963801CP0P</CUPS></Cabecera><Medidas><CodPM>ES0021000008963801CP0P</CodPM><ModeloAparato><TipoAparato>CG</TipoAparato><MarcaAparato>132</MarcaAparato><NumeroSerie>0000565336</NumeroSerie><TipoDHEdM>6</TipoDHEdM><Integrador><Magnitud>PM</Magnitud><CodigoPeriodo>66</CodigoPeriodo><ConstanteMultiplicadora>1</ConstanteMultiplicadora><NumeroRuedasEnteras>9</NumeroRuedasEnteras><NumeroRuedasDecimales>2</NumeroRuedasDecimales><ConsumoCalculado>37000</ConsumoCalculado><LecturaDesde><Fecha>2018-01-12</Fecha><Procedencia>20</Procedencia><Lectura>0</Lectura></LecturaDesde><LecturaHasta><Fecha>2018-02-14</Fecha><Procedencia>20</Procedencia><Lectura>37000</Lectura></LecturaHasta></Integrador><Integrador><Magnitud>PM</Magnitud><CodigoPeriodo>65</CodigoPeriodo><ConstanteMultiplicadora>1</ConstanteMultiplicadora><NumeroRuedasEnteras>9</NumeroRuedasEnteras><NumeroRuedasDecimales>2</NumeroRuedasDecimales><ConsumoCalculado>48000</ConsumoCalculado><LecturaDesde><Fecha>2018-01-12</Fecha><Procedencia>20</Procedencia><Lectura>0</Lectura></LecturaDesde><LecturaHasta><Fecha>2018-02-14</Fecha><Procedencia>20</Procedencia><Lectura>48000</Lectura></LecturaHasta></Integrador><Integrador><Magnitud>PM</Magnitud><CodigoPeriodo>64</CodigoPeriodo><ConstanteMultiplicadora>1</ConstanteMultiplicadora><NumeroRuedasEnteras>9</NumeroRuedasEnteras><NumeroRuedasDecimales>2</NumeroRuedasDecimales><ConsumoCalculado>45000</ConsumoCalculado><LecturaDesde><Fecha>2018-01-12</Fecha><Procedencia>20</Procedencia><Lectura>0</Lectura></LecturaDesde><LecturaHasta><Fecha>2018-02-14</Fecha><Procedencia>20</Procedencia><Lectura>45000</Lectura></LecturaHasta></Integrador><Integrador><Magnitud>PM</Magnitud><CodigoPeriodo>63</CodigoPeriodo><ConstanteMultiplicadora>1</ConstanteMultiplicadora><NumeroRuedasEnteras>9</NumeroRuedasEnteras><NumeroRuedasDecimales>2</NumeroRuedasDecimales><ConsumoCalculado>28000</ConsumoCalculado><LecturaDesde><Fecha>2018-01-12</Fecha><Procedencia>20</Procedencia><Lectura>0</Lectura></LecturaDesde><LecturaHasta><Fecha>2018-02-14</Fecha><Procedencia>20</Procedencia><Lectura>28000</Lectura></LecturaHasta></Integrador><Integrador><Magnitud>PM</Magnitud><CodigoPeriodo>62</CodigoPeriodo><ConstanteMultiplicadora>1</ConstanteMultiplicadora><NumeroRuedasEnteras>9</NumeroRuedasEnteras><NumeroRuedasDecimales>2</NumeroRuedasDecimales><ConsumoCalculado>42000</ConsumoCalculado><LecturaDesde><Fecha>2018-01-12</Fecha><Procedencia>20</Procedencia><Lectura>0</Lectura></LecturaDesde><LecturaHasta><Fecha>2018-02-14</Fecha><Procedencia>20</Procedencia><Lectura>42000</Lectura></LecturaHasta></Integrador><Integrador><Magnitud>PM</Magnitud><CodigoPeriodo>61</CodigoPeriodo><ConstanteMultiplicadora>1</ConstanteMultiplicadora><NumeroRuedasEnteras>9</NumeroRuedasEnteras><NumeroRuedasDecimales>2</NumeroRuedasDecimales><ConsumoCalculado>39000</ConsumoCalculado><LecturaDesde><Fecha>2018-01-12</Fecha><Procedencia>20</Procedencia><Lectura>0</Lectura></LecturaDesde><LecturaHasta><Fecha>2018-02-14</Fecha><Procedencia>20</Procedencia><Lectura>39000</Lectura></LecturaHasta></Integrador><Integrador><Magnitud>R1</Magnitud><CodigoPeriodo>66</CodigoPeriodo><ConstanteMultiplicadora>1</ConstanteMultiplicadora><NumeroRuedasEnteras>9</NumeroRuedasEnteras><NumeroRuedasDecimales>2</NumeroRuedasDecimales><ConsumoCalculado>186</ConsumoCalculado><LecturaDesde><Fecha>2018-01-12</Fecha><Procedencia>20</Procedencia><Lectura>6663</Lectura></LecturaDesde><LecturaHasta><Fecha>2018-02-14</Fecha><Procedencia>20</Procedencia><Lectura>6849</Lectura></LecturaHasta></Integrador><Integrador><Magnitud>R1</Magnitud><CodigoPeriodo>65</CodigoPeriodo><ConstanteMultiplicadora>1</ConstanteMultiplicadora><NumeroRuedasEnteras>9</NumeroRuedasEnteras><NumeroRuedasDecimales>2</NumeroRuedasDecimales><ConsumoCalculado>330</ConsumoCalculado><LecturaDesde><Fecha>2018-01-12</Fecha><Procedencia>20</Procedencia><Lectura>11491</Lectura></LecturaDesde><LecturaHasta><Fecha>2018-02-14</Fecha><Procedencia>20</Procedencia><Lectura>11821</Lectura></LecturaHasta></Integrador><Integrador><Magnitud>R1</Magnitud><CodigoPeriodo>64</CodigoPeriodo><ConstanteMultiplicadora>1</ConstanteMultiplicadora><NumeroRuedasEnteras>9</NumeroRuedasEnteras><NumeroRuedasDecimales>2</NumeroRuedasDecimales><ConsumoCalculado>96</ConsumoCalculado><LecturaDesde><Fecha>2018-01-12</Fecha><Procedencia>20</Procedencia><Lectura>3823</Lectura></LecturaDesde><LecturaHasta><Fecha>2018-02-14</Fecha><Procedencia>20</Procedencia><Lectura>3919</Lectura></LecturaHasta></Integrador><Integrador><Magnitud>R1</Magnitud><CodigoPeriodo>63</CodigoPeriodo><ConstanteMultiplicadora>1</ConstanteMultiplicadora><NumeroRuedasEnteras>9</NumeroRuedasEnteras><NumeroRuedasDecimales>2</NumeroRuedasDecimales><ConsumoCalculado>377</ConsumoCalculado><LecturaDesde><Fecha>2018-01-12</Fecha><Procedencia>20</Procedencia><Lectura>19529</Lectura></LecturaDesde><LecturaHasta><Fecha>2018-02-14</Fecha><Procedencia>20</Procedencia><Lectura>19906</Lectura></LecturaHasta></Integrador><Integrador><Magnitud>R1</Magnitud><CodigoPeriodo>62</CodigoPeriodo><ConstanteMultiplicadora>1</ConstanteMultiplicadora><NumeroRuedasEnteras>9</NumeroRuedasEnteras><NumeroRuedasDecimales>2</NumeroRuedasDecimales><ConsumoCalculado>605</ConsumoCalculado><LecturaDesde><Fecha>2018-01-12</Fecha><Procedencia>20</Procedencia><Lectura>51238</Lectura></LecturaDesde><LecturaHasta><Fecha>2018-02-14</Fecha><Procedencia>20</Procedencia><Lectura>51843</Lectura></LecturaHasta></Integrador><Integrador><Magnitud>R1</Magnitud><CodigoPeriodo>61</CodigoPeriodo><ConstanteMultiplicadora>1</ConstanteMultiplicadora><NumeroRuedasEnteras>9</NumeroRuedasEnteras><NumeroRuedasDecimales>2</NumeroRuedasDecimales><ConsumoCalculado>211</ConsumoCalculado><LecturaDesde><Fecha>2018-01-12</Fecha><Procedencia>20</Procedencia><Lectura>17196</Lectura></LecturaDesde><LecturaHasta><Fecha>2018-02-14</Fecha><Procedencia>20</Procedencia><Lectura>17407</Lectura></LecturaHasta></Integrador><Integrador><Magnitud>AE</Magnitud><CodigoPeriodo>66</CodigoPeriodo><ConstanteMultiplicadora>1</ConstanteMultiplicadora><NumeroRuedasEnteras>9</NumeroRuedasEnteras><NumeroRuedasDecimales>2</NumeroRuedasDecimales><ConsumoCalculado>910</ConsumoCalculado><LecturaDesde><Fecha>2018-01-12</Fecha><Procedencia>20</Procedencia><Lectura>43660</Lectura></LecturaDesde><LecturaHasta><Fecha>2018-02-14</Fecha><Procedencia>20</Procedencia><Lectura>44570</Lectura></LecturaHasta></Integrador><Integrador><Magnitud>AE</Magnitud><CodigoPeriodo>65</CodigoPeriodo><ConstanteMultiplicadora>1</ConstanteMultiplicadora><NumeroRuedasEnteras>9</NumeroRuedasEnteras><NumeroRuedasDecimales>2</NumeroRuedasDecimales><ConsumoCalculado>2743</ConsumoCalculado><LecturaDesde><Fecha>2018-01-12</Fecha><Procedencia>20</Procedencia><Lectura>78119</Lectura></LecturaDesde><LecturaHasta><Fecha>2018-02-14</Fecha><Procedencia>20</Procedencia><Lectura>80862</Lectura></LecturaHasta></Integrador><Integrador><Magnitud>AE</Magnitud><CodigoPeriodo>64</CodigoPeriodo><ConstanteMultiplicadora>1</ConstanteMultiplicadora><NumeroRuedasEnteras>9</NumeroRuedasEnteras><NumeroRuedasDecimales>2</NumeroRuedasDecimales><ConsumoCalculado>1118</ConsumoCalculado><LecturaDesde><Fecha>2018-01-12</Fecha><Procedencia>20</Procedencia><Lectura>27391</Lectura></LecturaDesde><LecturaHasta><Fecha>2018-02-14</Fecha><Procedencia>20</Procedencia><Lectura>28509</Lectura></LecturaHasta></Integrador><Integrador><Magnitud>AE</Magnitud><CodigoPeriodo>63</CodigoPeriodo><ConstanteMultiplicadora>1</ConstanteMultiplicadora><NumeroRuedasEnteras>9</NumeroRuedasEnteras><NumeroRuedasDecimales>2</NumeroRuedasDecimales><ConsumoCalculado>1493</ConsumoCalculado><LecturaDesde><Fecha>2018-01-12</Fecha><Procedencia>20</Procedencia><Lectura>118799</Lectura></LecturaDesde><LecturaHasta><Fecha>2018-02-14</Fecha><Procedencia>20</Procedencia><Lectura>120292</Lectura></LecturaHasta></Integrador><Integrador><Magnitud>AE</Magnitud><CodigoPeriodo>62</CodigoPeriodo><ConstanteMultiplicadora>1</ConstanteMultiplicadora><NumeroRuedasEnteras>9</NumeroRuedasEnteras><NumeroRuedasDecimales>2</NumeroRuedasDecimales><ConsumoCalculado>4117</ConsumoCalculado><LecturaDesde><Fecha>2018-01-12</Fecha><Procedencia>20</Procedencia><Lectura>308587</Lectura></LecturaDesde><LecturaHasta><Fecha>2018-02-14</Fecha><Procedencia>20</Procedencia><Lectura>312704</Lectura></LecturaHasta></Integrador><Integrador><Magnitud>AE</Magnitud><CodigoPeriodo>61</CodigoPeriodo><ConstanteMultiplicadora>1</ConstanteMultiplicadora><NumeroRuedasEnteras>9</NumeroRuedasEnteras><NumeroRuedasDecimales>2</NumeroRuedasDecimales><ConsumoCalculado>1750</ConsumoCalculado><LecturaDesde><Fecha>2018-01-12</Fecha><Procedencia>20</Procedencia><Lectura>107729</Lectura></LecturaDesde><LecturaHasta><Fecha>2018-02-14</Fecha><Procedencia>20</Procedencia><Lectura>109479</Lectura></LecturaHasta></Integrador></ModeloAparato></Medidas></MensajeSaldoLecturasFacturacion>