<?xml version="1.0" encoding="ISO-8859-1"?><MensajeSaldoLecturasFacturacion xmlns="http://localhost/elegibilidad"><Cabecera><CodigoREEEmpresaEmisora>0021</CodigoREEEmpresaEmisora><CodigoREEEmpresaDestino>0815</CodigoREEEmpresaDestino><CodigoDelProceso>Q1</CodigoDelProceso><CodigoDePaso>01</CodigoDePaso><CodigoDeSolicitud>201802166676</CodigoDeSolicitud><SecuencialDeSolicitud>25</SecuencialDeSolicitud><FechaSolicitud>2018-02-16T00:00:00</FechaSolicitud><CUPS>ES0021000004921691LX0P</CUPS></Cabecera><Medidas><CodPM>ES0021000004921691LX0P</CodPM><ModeloAparato><TipoAparato>TG</TipoAparato><MarcaAparato>132</MarcaAparato><NumeroSerie>0037517456</NumeroSerie><TipoDHEdM>1</TipoDHEdM><Integrador><Magnitud>PM</Magnitud><CodigoPeriodo>10</CodigoPeriodo><ConstanteMultiplicadora>1</ConstanteMultiplicadora><NumeroRuedasEnteras>4</NumeroRuedasEnteras><NumeroRuedasDecimales>2</NumeroRuedasDecimales><ConsumoCalculado>21090</ConsumoCalculado><LecturaDesde><Fecha>2018-01-08</Fecha><Procedencia>10</Procedencia><Lectura>0</Lectura></LecturaDesde><LecturaHasta><Fecha>2018-02-11</Fecha><Procedencia>10</Procedencia><Lectura>21090</Lectura></LecturaHasta></Integrador><Integrador><Magnitud>AE</Magnitud><CodigoPeriodo>10</CodigoPeriodo><ConstanteMultiplicadora>1</ConstanteMultiplicadora><NumeroRuedasEnteras>6</NumeroRuedasEnteras><NumeroRuedasDecimales>0</NumeroRuedasDecimales><ConsumoCalculado>5011</ConsumoCalculado><LecturaDesde><Fecha>2018-01-08</Fecha><Procedencia>10</Procedencia><Lectura>220704</Lectura></LecturaDesde><LecturaHasta><Fecha>2018-02-11</Fecha><Procedencia>10</Procedencia><Lectura>225715</Lectura></LecturaHasta></Integrador></ModeloAparato></Medidas></MensajeSaldoLecturasFacturacion>