<?xml version="1.0" encoding="ISO-8859-1"?><MensajeSaldoLecturasFacturacion xmlns="http://localhost/elegibilidad"><Cabecera><CodigoREEEmpresaEmisora>0021</CodigoREEEmpresaEmisora><CodigoREEEmpresaDestino>0815</CodigoREEEmpresaDestino><CodigoDelProceso>Q1</CodigoDelProceso><CodigoDePaso>01</CodigoDePaso><CodigoDeSolicitud>201802166654</CodigoDeSolicitud><SecuencialDeSolicitud>25</SecuencialDeSolicitud><FechaSolicitud>2018-02-16T00:00:00</FechaSolicitud><CUPS>ES0021000004801126KB0P</CUPS></Cabecera><Medidas><CodPM>ES0021000004801126KB0P</CodPM><ModeloAparato><TipoAparato>CG</TipoAparato><MarcaAparato>132</MarcaAparato><NumeroSerie>0003213955</NumeroSerie><TipoDHEdM>6</TipoDHEdM><Integrador><Magnitud>PM</Magnitud><CodigoPeriodo>66</CodigoPeriodo><ConstanteMultiplicadora>1</ConstanteMultiplicadora><NumeroRuedasEnteras>6</NumeroRuedasEnteras><NumeroRuedasDecimales>2</NumeroRuedasDecimales><ConsumoCalculado>1000</ConsumoCalculado><LecturaDesde><Fecha>2018-01-13</Fecha><Procedencia>20</Procedencia><Lectura>0</Lectura></LecturaDesde><LecturaHasta><Fecha>2018-02-12</Fecha><Procedencia>20</Procedencia><Lectura>1000</Lectura></LecturaHasta></Integrador><Integrador><Magnitud>PM</Magnitud><CodigoPeriodo>65</CodigoPeriodo><ConstanteMultiplicadora>1</ConstanteMultiplicadora><NumeroRuedasEnteras>6</NumeroRuedasEnteras><NumeroRuedasDecimales>2</NumeroRuedasDecimales><ConsumoCalculado>1000</ConsumoCalculado><LecturaDesde><Fecha>2018-01-13</Fecha><Procedencia>20</Procedencia><Lectura>0</Lectura></LecturaDesde><LecturaHasta><Fecha>2018-02-12</Fecha><Procedencia>20</Procedencia><Lectura>1000</Lectura></LecturaHasta></Integrador><Integrador><Magnitud>PM</Magnitud><CodigoPeriodo>64</CodigoPeriodo><ConstanteMultiplicadora>1</ConstanteMultiplicadora><NumeroRuedasEnteras>6</NumeroRuedasEnteras><NumeroRuedasDecimales>2</NumeroRuedasDecimales><ConsumoCalculado>1000</ConsumoCalculado><LecturaDesde><Fecha>2018-01-13</Fecha><Procedencia>20</Procedencia><Lectura>0</Lectura></LecturaDesde><LecturaHasta><Fecha>2018-02-12</Fecha><Procedencia>20</Procedencia><Lectura>1000</Lectura></LecturaHasta></Integrador><Integrador><Magnitud>PM</Magnitud><CodigoPeriodo>63</CodigoPeriodo><ConstanteMultiplicadora>1</ConstanteMultiplicadora><NumeroRuedasEnteras>6</NumeroRuedasEnteras><NumeroRuedasDecimales>2</NumeroRuedasDecimales><ConsumoCalculado>45000</ConsumoCalculado><LecturaDesde><Fecha>2018-01-13</Fecha><Procedencia>20</Procedencia><Lectura>0</Lectura></LecturaDesde><LecturaHasta><Fecha>2018-02-12</Fecha><Procedencia>20</Procedencia><Lectura>45000</Lectura></LecturaHasta></Integrador><Integrador><Magnitud>PM</Magnitud><CodigoPeriodo>62</CodigoPeriodo><ConstanteMultiplicadora>1</ConstanteMultiplicadora><NumeroRuedasEnteras>6</NumeroRuedasEnteras><NumeroRuedasDecimales>2</NumeroRuedasDecimales><ConsumoCalculado>44000</ConsumoCalculado><LecturaDesde><Fecha>2018-01-13</Fecha><Procedencia>20</Procedencia><Lectura>0</Lectura></LecturaDesde><LecturaHasta><Fecha>2018-02-12</Fecha><Procedencia>20</Procedencia><Lectura>44000</Lectura></LecturaHasta></Integrador><Integrador><Magnitud>PM</Magnitud><CodigoPeriodo>61</CodigoPeriodo><ConstanteMultiplicadora>1</ConstanteMultiplicadora><NumeroRuedasEnteras>6</NumeroRuedasEnteras><NumeroRuedasDecimales>2</NumeroRuedasDecimales><ConsumoCalculado>2000</ConsumoCalculado><LecturaDesde><Fecha>2018-01-13</Fecha><Procedencia>20</Procedencia><Lectura>0</Lectura></LecturaDesde><LecturaHasta><Fecha>2018-02-12</Fecha><Procedencia>20</Procedencia><Lectura>2000</Lectura></LecturaHasta></Integrador><Integrador><Magnitud>R1</Magnitud><CodigoPeriodo>66</CodigoPeriodo><ConstanteMultiplicadora>1</ConstanteMultiplicadora><NumeroRuedasEnteras>8</NumeroRuedasEnteras><NumeroRuedasDecimales>0</NumeroRuedasDecimales><ConsumoCalculado>0</ConsumoCalculado><LecturaDesde><Fecha>2018-01-13</Fecha><Procedencia>20</Procedencia><Lectura>3508</Lectura></LecturaDesde><LecturaHasta><Fecha>2018-02-12</Fecha><Procedencia>20</Procedencia><Lectura>3508</Lectura></LecturaHasta></Integrador><Integrador><Magnitud>R1</Magnitud><CodigoPeriodo>65</CodigoPeriodo><ConstanteMultiplicadora>1</ConstanteMultiplicadora><NumeroRuedasEnteras>8</NumeroRuedasEnteras><NumeroRuedasDecimales>0</NumeroRuedasDecimales><ConsumoCalculado>0</ConsumoCalculado><LecturaDesde><Fecha>2018-01-13</Fecha><Procedencia>20</Procedencia><Lectura>5100</Lectura></LecturaDesde><LecturaHasta><Fecha>2018-02-12</Fecha><Procedencia>20</Procedencia><Lectura>5100</Lectura></LecturaHasta></Integrador><Integrador><Magnitud>R1</Magnitud><CodigoPeriodo>64</CodigoPeriodo><ConstanteMultiplicadora>1</ConstanteMultiplicadora><NumeroRuedasEnteras>8</NumeroRuedasEnteras><NumeroRuedasDecimales>0</NumeroRuedasDecimales><ConsumoCalculado>0</ConsumoCalculado><LecturaDesde><Fecha>2018-01-13</Fecha><Procedencia>20</Procedencia><Lectura>1699</Lectura></LecturaDesde><LecturaHasta><Fecha>2018-02-12</Fecha><Procedencia>20</Procedencia><Lectura>1699</Lectura></LecturaHasta></Integrador><Integrador><Magnitud>R1</Magnitud><CodigoPeriodo>63</CodigoPeriodo><ConstanteMultiplicadora>1</ConstanteMultiplicadora><NumeroRuedasEnteras>8</NumeroRuedasEnteras><NumeroRuedasDecimales>0</NumeroRuedasDecimales><ConsumoCalculado>301</ConsumoCalculado><LecturaDesde><Fecha>2018-01-13</Fecha><Procedencia>20</Procedencia><Lectura>36302</Lectura></LecturaDesde><LecturaHasta><Fecha>2018-02-12</Fecha><Procedencia>20</Procedencia><Lectura>36603</Lectura></LecturaHasta></Integrador><Integrador><Magnitud>R1</Magnitud><CodigoPeriodo>62</CodigoPeriodo><ConstanteMultiplicadora>1</ConstanteMultiplicadora><NumeroRuedasEnteras>8</NumeroRuedasEnteras><NumeroRuedasDecimales>0</NumeroRuedasDecimales><ConsumoCalculado>1187</ConsumoCalculado><LecturaDesde><Fecha>2018-01-13</Fecha><Procedencia>20</Procedencia><Lectura>86870</Lectura></LecturaDesde><LecturaHasta><Fecha>2018-02-12</Fecha><Procedencia>20</Procedencia><Lectura>88057</Lectura></LecturaHasta></Integrador><Integrador><Magnitud>R1</Magnitud><CodigoPeriodo>61</CodigoPeriodo><ConstanteMultiplicadora>1</ConstanteMultiplicadora><NumeroRuedasEnteras>8</NumeroRuedasEnteras><NumeroRuedasDecimales>0</NumeroRuedasDecimales><ConsumoCalculado>0</ConsumoCalculado><LecturaDesde><Fecha>2018-01-13</Fecha><Procedencia>20</Procedencia><Lectura>33317</Lectura></LecturaDesde><LecturaHasta><Fecha>2018-02-12</Fecha><Procedencia>20</Procedencia><Lectura>33317</Lectura></LecturaHasta></Integrador><Integrador><Magnitud>AE</Magnitud><CodigoPeriodo>66</CodigoPeriodo><ConstanteMultiplicadora>1</ConstanteMultiplicadora><NumeroRuedasEnteras>8</NumeroRuedasEnteras><NumeroRuedasDecimales>0</NumeroRuedasDecimales><ConsumoCalculado>57</ConsumoCalculado><LecturaDesde><Fecha>2018-01-13</Fecha><Procedencia>20</Procedencia><Lectura>6740</Lectura></LecturaDesde><LecturaHasta><Fecha>2018-02-12</Fecha><Procedencia>20</Procedencia><Lectura>6797</Lectura></LecturaHasta></Integrador><Integrador><Magnitud>AE</Magnitud><CodigoPeriodo>65</CodigoPeriodo><ConstanteMultiplicadora>1</ConstanteMultiplicadora><NumeroRuedasEnteras>8</NumeroRuedasEnteras><NumeroRuedasDecimales>0</NumeroRuedasDecimales><ConsumoCalculado>93</ConsumoCalculado><LecturaDesde><Fecha>2018-01-13</Fecha><Procedencia>20</Procedencia><Lectura>9978</Lectura></LecturaDesde><LecturaHasta><Fecha>2018-02-12</Fecha><Procedencia>20</Procedencia><Lectura>10071</Lectura></LecturaHasta></Integrador><Integrador><Magnitud>AE</Magnitud><CodigoPeriodo>64</CodigoPeriodo><ConstanteMultiplicadora>1</ConstanteMultiplicadora><NumeroRuedasEnteras>8</NumeroRuedasEnteras><NumeroRuedasDecimales>0</NumeroRuedasDecimales><ConsumoCalculado>32</ConsumoCalculado><LecturaDesde><Fecha>2018-01-13</Fecha><Procedencia>20</Procedencia><Lectura>3309</Lectura></LecturaDesde><LecturaHasta><Fecha>2018-02-12</Fecha><Procedencia>20</Procedencia><Lectura>3341</Lectura></LecturaHasta></Integrador><Integrador><Magnitud>AE</Magnitud><CodigoPeriodo>63</CodigoPeriodo><ConstanteMultiplicadora>1</ConstanteMultiplicadora><NumeroRuedasEnteras>8</NumeroRuedasEnteras><NumeroRuedasDecimales>0</NumeroRuedasDecimales><ConsumoCalculado>1228</ConsumoCalculado><LecturaDesde><Fecha>2018-01-13</Fecha><Procedencia>20</Procedencia><Lectura>87953</Lectura></LecturaDesde><LecturaHasta><Fecha>2018-02-12</Fecha><Procedencia>20</Procedencia><Lectura>89181</Lectura></LecturaHasta></Integrador><Integrador><Magnitud>AE</Magnitud><CodigoPeriodo>62</CodigoPeriodo><ConstanteMultiplicadora>1</ConstanteMultiplicadora><NumeroRuedasEnteras>8</NumeroRuedasEnteras><NumeroRuedasDecimales>0</NumeroRuedasDecimales><ConsumoCalculado>4709</ConsumoCalculado><LecturaDesde><Fecha>2018-01-13</Fecha><Procedencia>20</Procedencia><Lectura>221558</Lectura></LecturaDesde><LecturaHasta><Fecha>2018-02-12</Fecha><Procedencia>20</Procedencia><Lectura>226267</Lectura></LecturaHasta></Integrador><Integrador><Magnitud>AE</Magnitud><CodigoPeriodo>61</CodigoPeriodo><ConstanteMultiplicadora>1</ConstanteMultiplicadora><NumeroRuedasEnteras>8</NumeroRuedasEnteras><NumeroRuedasDecimales>0</NumeroRuedasDecimales><ConsumoCalculado>62</ConsumoCalculado><LecturaDesde><Fecha>2018-01-13</Fecha><Procedencia>20</Procedencia><Lectura>78983</Lectura></LecturaDesde><LecturaHasta><Fecha>2018-02-12</Fecha><Procedencia>20</Procedencia><Lectura>79045</Lectura></LecturaHasta></Integrador></ModeloAparato></Medidas></MensajeSaldoLecturasFacturacion>