<?xml version="1.0" encoding="ISO-8859-1"?><MensajeSaldoLecturasFacturacion xmlns="http://localhost/elegibilidad"><Cabecera><CodigoREEEmpresaEmisora>0021</CodigoREEEmpresaEmisora><CodigoREEEmpresaDestino>0815</CodigoREEEmpresaDestino><CodigoDelProceso>Q1</CodigoDelProceso><CodigoDePaso>01</CodigoDePaso><CodigoDeSolicitud>201802166702</CodigoDeSolicitud><SecuencialDeSolicitud>25</SecuencialDeSolicitud><FechaSolicitud>2018-02-16T00:00:00</FechaSolicitud><CUPS>ES0021000015515360SV0P</CUPS></Cabecera><Medidas><CodPM>ES0021000015515360SV0P</CodPM><ModeloAparato><TipoAparato>CG</TipoAparato><MarcaAparato>132</MarcaAparato><NumeroSerie>0000639434</NumeroSerie><TipoDHEdM>6</TipoDHEdM><Integrador><Magnitud>PM</Magnitud><CodigoPeriodo>66</CodigoPeriodo><ConstanteMultiplicadora>1</ConstanteMultiplicadora><NumeroRuedasEnteras>6</NumeroRuedasEnteras><NumeroRuedasDecimales>2</NumeroRuedasDecimales><ConsumoCalculado>1000</ConsumoCalculado><LecturaDesde><Fecha>2018-01-05</Fecha><Procedencia>20</Procedencia><Lectura>0</Lectura></LecturaDesde><LecturaHasta><Fecha>2018-02-09</Fecha><Procedencia>20</Procedencia><Lectura>1000</Lectura></LecturaHasta></Integrador><Integrador><Magnitud>PM</Magnitud><CodigoPeriodo>65</CodigoPeriodo><ConstanteMultiplicadora>1</ConstanteMultiplicadora><NumeroRuedasEnteras>6</NumeroRuedasEnteras><NumeroRuedasDecimales>2</NumeroRuedasDecimales><ConsumoCalculado>4000</ConsumoCalculado><LecturaDesde><Fecha>2018-01-05</Fecha><Procedencia>20</Procedencia><Lectura>0</Lectura></LecturaDesde><LecturaHasta><Fecha>2018-02-09</Fecha><Procedencia>20</Procedencia><Lectura>4000</Lectura></LecturaHasta></Integrador><Integrador><Magnitud>PM</Magnitud><CodigoPeriodo>64</CodigoPeriodo><ConstanteMultiplicadora>1</ConstanteMultiplicadora><NumeroRuedasEnteras>6</NumeroRuedasEnteras><NumeroRuedasDecimales>2</NumeroRuedasDecimales><ConsumoCalculado>1000</ConsumoCalculado><LecturaDesde><Fecha>2018-01-05</Fecha><Procedencia>20</Procedencia><Lectura>0</Lectura></LecturaDesde><LecturaHasta><Fecha>2018-02-09</Fecha><Procedencia>20</Procedencia><Lectura>1000</Lectura></LecturaHasta></Integrador><Integrador><Magnitud>PM</Magnitud><CodigoPeriodo>63</CodigoPeriodo><ConstanteMultiplicadora>1</ConstanteMultiplicadora><NumeroRuedasEnteras>6</NumeroRuedasEnteras><NumeroRuedasDecimales>2</NumeroRuedasDecimales><ConsumoCalculado>2000</ConsumoCalculado><LecturaDesde><Fecha>2018-01-05</Fecha><Procedencia>20</Procedencia><Lectura>0</Lectura></LecturaDesde><LecturaHasta><Fecha>2018-02-09</Fecha><Procedencia>20</Procedencia><Lectura>2000</Lectura></LecturaHasta></Integrador><Integrador><Magnitud>PM</Magnitud><CodigoPeriodo>62</CodigoPeriodo><ConstanteMultiplicadora>1</ConstanteMultiplicadora><NumeroRuedasEnteras>6</NumeroRuedasEnteras><NumeroRuedasDecimales>2</NumeroRuedasDecimales><ConsumoCalculado>12000</ConsumoCalculado><LecturaDesde><Fecha>2018-01-05</Fecha><Procedencia>20</Procedencia><Lectura>0</Lectura></LecturaDesde><LecturaHasta><Fecha>2018-02-09</Fecha><Procedencia>20</Procedencia><Lectura>12000</Lectura></LecturaHasta></Integrador><Integrador><Magnitud>PM</Magnitud><CodigoPeriodo>61</CodigoPeriodo><ConstanteMultiplicadora>1</ConstanteMultiplicadora><NumeroRuedasEnteras>6</NumeroRuedasEnteras><NumeroRuedasDecimales>2</NumeroRuedasDecimales><ConsumoCalculado>8000</ConsumoCalculado><LecturaDesde><Fecha>2018-01-05</Fecha><Procedencia>20</Procedencia><Lectura>0</Lectura></LecturaDesde><LecturaHasta><Fecha>2018-02-09</Fecha><Procedencia>20</Procedencia><Lectura>8000</Lectura></LecturaHasta></Integrador><Integrador><Magnitud>R1</Magnitud><CodigoPeriodo>66</CodigoPeriodo><ConstanteMultiplicadora>1</ConstanteMultiplicadora><NumeroRuedasEnteras>7</NumeroRuedasEnteras><NumeroRuedasDecimales>1</NumeroRuedasDecimales><ConsumoCalculado>0</ConsumoCalculado><LecturaDesde><Fecha>2018-01-05</Fecha><Procedencia>20</Procedencia><Lectura>76</Lectura></LecturaDesde><LecturaHasta><Fecha>2018-02-09</Fecha><Procedencia>20</Procedencia><Lectura>76</Lectura></LecturaHasta></Integrador><Integrador><Magnitud>R1</Magnitud><CodigoPeriodo>65</CodigoPeriodo><ConstanteMultiplicadora>1</ConstanteMultiplicadora><NumeroRuedasEnteras>7</NumeroRuedasEnteras><NumeroRuedasDecimales>1</NumeroRuedasDecimales><ConsumoCalculado>3</ConsumoCalculado><LecturaDesde><Fecha>2018-01-05</Fecha><Procedencia>20</Procedencia><Lectura>262</Lectura></LecturaDesde><LecturaHasta><Fecha>2018-02-09</Fecha><Procedencia>20</Procedencia><Lectura>265</Lectura></LecturaHasta></Integrador><Integrador><Magnitud>R1</Magnitud><CodigoPeriodo>64</CodigoPeriodo><ConstanteMultiplicadora>1</ConstanteMultiplicadora><NumeroRuedasEnteras>7</NumeroRuedasEnteras><NumeroRuedasDecimales>1</NumeroRuedasDecimales><ConsumoCalculado>0</ConsumoCalculado><LecturaDesde><Fecha>2018-01-05</Fecha><Procedencia>20</Procedencia><Lectura>107</Lectura></LecturaDesde><LecturaHasta><Fecha>2018-02-09</Fecha><Procedencia>20</Procedencia><Lectura>107</Lectura></LecturaHasta></Integrador><Integrador><Magnitud>R1</Magnitud><CodigoPeriodo>63</CodigoPeriodo><ConstanteMultiplicadora>1</ConstanteMultiplicadora><NumeroRuedasEnteras>7</NumeroRuedasEnteras><NumeroRuedasDecimales>1</NumeroRuedasDecimales><ConsumoCalculado>1</ConsumoCalculado><LecturaDesde><Fecha>2018-01-05</Fecha><Procedencia>20</Procedencia><Lectura>263</Lectura></LecturaDesde><LecturaHasta><Fecha>2018-02-09</Fecha><Procedencia>20</Procedencia><Lectura>264</Lectura></LecturaHasta></Integrador><Integrador><Magnitud>R1</Magnitud><CodigoPeriodo>62</CodigoPeriodo><ConstanteMultiplicadora>1</ConstanteMultiplicadora><NumeroRuedasEnteras>7</NumeroRuedasEnteras><NumeroRuedasDecimales>1</NumeroRuedasDecimales><ConsumoCalculado>77</ConsumoCalculado><LecturaDesde><Fecha>2018-01-05</Fecha><Procedencia>20</Procedencia><Lectura>15929</Lectura></LecturaDesde><LecturaHasta><Fecha>2018-02-09</Fecha><Procedencia>20</Procedencia><Lectura>16006</Lectura></LecturaHasta></Integrador><Integrador><Magnitud>R1</Magnitud><CodigoPeriodo>61</CodigoPeriodo><ConstanteMultiplicadora>1</ConstanteMultiplicadora><NumeroRuedasEnteras>7</NumeroRuedasEnteras><NumeroRuedasDecimales>1</NumeroRuedasDecimales><ConsumoCalculado>23</ConsumoCalculado><LecturaDesde><Fecha>2018-01-05</Fecha><Procedencia>20</Procedencia><Lectura>7613</Lectura></LecturaDesde><LecturaHasta><Fecha>2018-02-09</Fecha><Procedencia>20</Procedencia><Lectura>7636</Lectura></LecturaHasta></Integrador><Integrador><Magnitud>AE</Magnitud><CodigoPeriodo>66</CodigoPeriodo><ConstanteMultiplicadora>1</ConstanteMultiplicadora><NumeroRuedasEnteras>7</NumeroRuedasEnteras><NumeroRuedasDecimales>1</NumeroRuedasDecimales><ConsumoCalculado>26</ConsumoCalculado><LecturaDesde><Fecha>2018-01-05</Fecha><Procedencia>20</Procedencia><Lectura>2867</Lectura></LecturaDesde><LecturaHasta><Fecha>2018-02-09</Fecha><Procedencia>20</Procedencia><Lectura>2893</Lectura></LecturaHasta></Integrador><Integrador><Magnitud>AE</Magnitud><CodigoPeriodo>65</CodigoPeriodo><ConstanteMultiplicadora>1</ConstanteMultiplicadora><NumeroRuedasEnteras>7</NumeroRuedasEnteras><NumeroRuedasDecimales>1</NumeroRuedasDecimales><ConsumoCalculado>51</ConsumoCalculado><LecturaDesde><Fecha>2018-01-05</Fecha><Procedencia>20</Procedencia><Lectura>4687</Lectura></LecturaDesde><LecturaHasta><Fecha>2018-02-09</Fecha><Procedencia>20</Procedencia><Lectura>4738</Lectura></LecturaHasta></Integrador><Integrador><Magnitud>AE</Magnitud><CodigoPeriodo>64</CodigoPeriodo><ConstanteMultiplicadora>1</ConstanteMultiplicadora><NumeroRuedasEnteras>6</NumeroRuedasEnteras><NumeroRuedasDecimales>2</NumeroRuedasDecimales><ConsumoCalculado>13</ConsumoCalculado><LecturaDesde><Fecha>2018-01-05</Fecha><Procedencia>20</Procedencia><Lectura>1617</Lectura></LecturaDesde><LecturaHasta><Fecha>2018-02-09</Fecha><Procedencia>20</Procedencia><Lectura>1630</Lectura></LecturaHasta></Integrador><Integrador><Magnitud>AE</Magnitud><CodigoPeriodo>63</CodigoPeriodo><ConstanteMultiplicadora>1</ConstanteMultiplicadora><NumeroRuedasEnteras>7</NumeroRuedasEnteras><NumeroRuedasDecimales>1</NumeroRuedasDecimales><ConsumoCalculado>58</ConsumoCalculado><LecturaDesde><Fecha>2018-01-05</Fecha><Procedencia>20</Procedencia><Lectura>7411</Lectura></LecturaDesde><LecturaHasta><Fecha>2018-02-09</Fecha><Procedencia>20</Procedencia><Lectura>7469</Lectura></LecturaHasta></Integrador><Integrador><Magnitud>AE</Magnitud><CodigoPeriodo>62</CodigoPeriodo><ConstanteMultiplicadora>1</ConstanteMultiplicadora><NumeroRuedasEnteras>7</NumeroRuedasEnteras><NumeroRuedasDecimales>1</NumeroRuedasDecimales><ConsumoCalculado>1421</ConsumoCalculado><LecturaDesde><Fecha>2018-01-05</Fecha><Procedencia>20</Procedencia><Lectura>77743</Lectura></LecturaDesde><LecturaHasta><Fecha>2018-02-09</Fecha><Procedencia>20</Procedencia><Lectura>79164</Lectura></LecturaHasta></Integrador><Integrador><Magnitud>AE</Magnitud><CodigoPeriodo>61</CodigoPeriodo><ConstanteMultiplicadora>1</ConstanteMultiplicadora><NumeroRuedasEnteras>7</NumeroRuedasEnteras><NumeroRuedasDecimales>1</NumeroRuedasDecimales><ConsumoCalculado>197</ConsumoCalculado><LecturaDesde><Fecha>2018-01-05</Fecha><Procedencia>20</Procedencia><Lectura>26847</Lectura></LecturaDesde><LecturaHasta><Fecha>2018-02-09</Fecha><Procedencia>20</Procedencia><Lectura>27044</Lectura></LecturaHasta></Integrador></ModeloAparato></Medidas></MensajeSaldoLecturasFacturacion>