<?xml version="1.0" encoding="ISO-8859-1"?><MensajeSaldoLecturasFacturacion xmlns="http://localhost/elegibilidad"><Cabecera><CodigoREEEmpresaEmisora>0021</CodigoREEEmpresaEmisora><CodigoREEEmpresaDestino>0815</CodigoREEEmpresaDestino><CodigoDelProceso>Q1</CodigoDelProceso><CodigoDePaso>01</CodigoDePaso><CodigoDeSolicitud>201802166626</CodigoDeSolicitud><SecuencialDeSolicitud>25</SecuencialDeSolicitud><FechaSolicitud>2018-02-16T00:00:00</FechaSolicitud><CUPS>ES0021000001761742DP0P</CUPS></Cabecera><Medidas><CodPM>ES0021000001761742DP0P</CodPM><ModeloAparato><TipoAparato>CG</TipoAparato><MarcaAparato>069</MarcaAparato><NumeroSerie>0088528688</NumeroSerie><TipoDHEdM>6</TipoDHEdM><Integrador><Magnitud>PM</Magnitud><CodigoPeriodo>66</CodigoPeriodo><ConstanteMultiplicadora>1</ConstanteMultiplicadora><NumeroRuedasEnteras>6</NumeroRuedasEnteras><NumeroRuedasDecimales>2</NumeroRuedasDecimales><ConsumoCalculado>0</ConsumoCalculado><LecturaDesde><Fecha>2018-01-17</Fecha><Procedencia>20</Procedencia><Lectura>0</Lectura></LecturaDesde><LecturaHasta><Fecha>2018-02-15</Fecha><Procedencia>20</Procedencia><Lectura>0</Lectura></LecturaHasta></Integrador><Integrador><Magnitud>PM</Magnitud><CodigoPeriodo>65</CodigoPeriodo><ConstanteMultiplicadora>1</ConstanteMultiplicadora><NumeroRuedasEnteras>6</NumeroRuedasEnteras><NumeroRuedasDecimales>2</NumeroRuedasDecimales><ConsumoCalculado>0</ConsumoCalculado><LecturaDesde><Fecha>2018-01-17</Fecha><Procedencia>20</Procedencia><Lectura>0</Lectura></LecturaDesde><LecturaHasta><Fecha>2018-02-15</Fecha><Procedencia>20</Procedencia><Lectura>0</Lectura></LecturaHasta></Integrador><Integrador><Magnitud>PM</Magnitud><CodigoPeriodo>64</CodigoPeriodo><ConstanteMultiplicadora>1</ConstanteMultiplicadora><NumeroRuedasEnteras>6</NumeroRuedasEnteras><NumeroRuedasDecimales>2</NumeroRuedasDecimales><ConsumoCalculado>0</ConsumoCalculado><LecturaDesde><Fecha>2018-01-17</Fecha><Procedencia>20</Procedencia><Lectura>0</Lectura></LecturaDesde><LecturaHasta><Fecha>2018-02-15</Fecha><Procedencia>20</Procedencia><Lectura>0</Lectura></LecturaHasta></Integrador><Integrador><Magnitud>PM</Magnitud><CodigoPeriodo>63</CodigoPeriodo><ConstanteMultiplicadora>1</ConstanteMultiplicadora><NumeroRuedasEnteras>6</NumeroRuedasEnteras><NumeroRuedasDecimales>2</NumeroRuedasDecimales><ConsumoCalculado>0</ConsumoCalculado><LecturaDesde><Fecha>2018-01-17</Fecha><Procedencia>20</Procedencia><Lectura>0</Lectura></LecturaDesde><LecturaHasta><Fecha>2018-02-15</Fecha><Procedencia>20</Procedencia><Lectura>0</Lectura></LecturaHasta></Integrador><Integrador><Magnitud>PM</Magnitud><CodigoPeriodo>62</CodigoPeriodo><ConstanteMultiplicadora>1</ConstanteMultiplicadora><NumeroRuedasEnteras>6</NumeroRuedasEnteras><NumeroRuedasDecimales>2</NumeroRuedasDecimales><ConsumoCalculado>0</ConsumoCalculado><LecturaDesde><Fecha>2018-01-17</Fecha><Procedencia>20</Procedencia><Lectura>0</Lectura></LecturaDesde><LecturaHasta><Fecha>2018-02-15</Fecha><Procedencia>20</Procedencia><Lectura>0</Lectura></LecturaHasta></Integrador><Integrador><Magnitud>PM</Magnitud><CodigoPeriodo>61</CodigoPeriodo><ConstanteMultiplicadora>1</ConstanteMultiplicadora><NumeroRuedasEnteras>6</NumeroRuedasEnteras><NumeroRuedasDecimales>2</NumeroRuedasDecimales><ConsumoCalculado>0</ConsumoCalculado><LecturaDesde><Fecha>2018-01-17</Fecha><Procedencia>20</Procedencia><Lectura>0</Lectura></LecturaDesde><LecturaHasta><Fecha>2018-02-15</Fecha><Procedencia>20</Procedencia><Lectura>0</Lectura></LecturaHasta></Integrador><Integrador><Magnitud>R1</Magnitud><CodigoPeriodo>66</CodigoPeriodo><ConstanteMultiplicadora>1</ConstanteMultiplicadora><NumeroRuedasEnteras>8</NumeroRuedasEnteras><NumeroRuedasDecimales>0</NumeroRuedasDecimales><ConsumoCalculado>0</ConsumoCalculado><LecturaDesde><Fecha>2018-01-17</Fecha><Procedencia>20</Procedencia><Lectura>26222</Lectura></LecturaDesde><LecturaHasta><Fecha>2018-02-15</Fecha><Procedencia>20</Procedencia><Lectura>26222</Lectura></LecturaHasta></Integrador><Integrador><Magnitud>R1</Magnitud><CodigoPeriodo>65</CodigoPeriodo><ConstanteMultiplicadora>1</ConstanteMultiplicadora><NumeroRuedasEnteras>8</NumeroRuedasEnteras><NumeroRuedasDecimales>0</NumeroRuedasDecimales><ConsumoCalculado>0</ConsumoCalculado><LecturaDesde><Fecha>2018-01-17</Fecha><Procedencia>20</Procedencia><Lectura>5524</Lectura></LecturaDesde><LecturaHasta><Fecha>2018-02-15</Fecha><Procedencia>20</Procedencia><Lectura>5524</Lectura></LecturaHasta></Integrador><Integrador><Magnitud>R1</Magnitud><CodigoPeriodo>64</CodigoPeriodo><ConstanteMultiplicadora>1</ConstanteMultiplicadora><NumeroRuedasEnteras>8</NumeroRuedasEnteras><NumeroRuedasDecimales>0</NumeroRuedasDecimales><ConsumoCalculado>0</ConsumoCalculado><LecturaDesde><Fecha>2018-01-17</Fecha><Procedencia>20</Procedencia><Lectura>1308</Lectura></LecturaDesde><LecturaHasta><Fecha>2018-02-15</Fecha><Procedencia>20</Procedencia><Lectura>1308</Lectura></LecturaHasta></Integrador><Integrador><Magnitud>R1</Magnitud><CodigoPeriodo>63</CodigoPeriodo><ConstanteMultiplicadora>1</ConstanteMultiplicadora><NumeroRuedasEnteras>8</NumeroRuedasEnteras><NumeroRuedasDecimales>0</NumeroRuedasDecimales><ConsumoCalculado>0</ConsumoCalculado><LecturaDesde><Fecha>2018-01-17</Fecha><Procedencia>20</Procedencia><Lectura>33433</Lectura></LecturaDesde><LecturaHasta><Fecha>2018-02-15</Fecha><Procedencia>20</Procedencia><Lectura>33433</Lectura></LecturaHasta></Integrador><Integrador><Magnitud>R1</Magnitud><CodigoPeriodo>62</CodigoPeriodo><ConstanteMultiplicadora>1</ConstanteMultiplicadora><NumeroRuedasEnteras>8</NumeroRuedasEnteras><NumeroRuedasDecimales>0</NumeroRuedasDecimales><ConsumoCalculado>0</ConsumoCalculado><LecturaDesde><Fecha>2018-01-17</Fecha><Procedencia>20</Procedencia><Lectura>12979</Lectura></LecturaDesde><LecturaHasta><Fecha>2018-02-15</Fecha><Procedencia>20</Procedencia><Lectura>12979</Lectura></LecturaHasta></Integrador><Integrador><Magnitud>R1</Magnitud><CodigoPeriodo>61</CodigoPeriodo><ConstanteMultiplicadora>1</ConstanteMultiplicadora><NumeroRuedasEnteras>8</NumeroRuedasEnteras><NumeroRuedasDecimales>0</NumeroRuedasDecimales><ConsumoCalculado>0</ConsumoCalculado><LecturaDesde><Fecha>2018-01-17</Fecha><Procedencia>20</Procedencia><Lectura>2</Lectura></LecturaDesde><LecturaHasta><Fecha>2018-02-15</Fecha><Procedencia>20</Procedencia><Lectura>2</Lectura></LecturaHasta></Integrador><Integrador><Magnitud>AE</Magnitud><CodigoPeriodo>66</CodigoPeriodo><ConstanteMultiplicadora>1</ConstanteMultiplicadora><NumeroRuedasEnteras>8</NumeroRuedasEnteras><NumeroRuedasDecimales>0</NumeroRuedasDecimales><ConsumoCalculado>0</ConsumoCalculado><LecturaDesde><Fecha>2018-01-17</Fecha><Procedencia>20</Procedencia><Lectura>80593</Lectura></LecturaDesde><LecturaHasta><Fecha>2018-02-15</Fecha><Procedencia>20</Procedencia><Lectura>80593</Lectura></LecturaHasta></Integrador><Integrador><Magnitud>AE</Magnitud><CodigoPeriodo>65</CodigoPeriodo><ConstanteMultiplicadora>1</ConstanteMultiplicadora><NumeroRuedasEnteras>6</NumeroRuedasEnteras><NumeroRuedasDecimales>2</NumeroRuedasDecimales><ConsumoCalculado>0</ConsumoCalculado><LecturaDesde><Fecha>2018-01-17</Fecha><Procedencia>20</Procedencia><Lectura>18739</Lectura></LecturaDesde><LecturaHasta><Fecha>2018-02-15</Fecha><Procedencia>20</Procedencia><Lectura>18739</Lectura></LecturaHasta></Integrador><Integrador><Magnitud>AE</Magnitud><CodigoPeriodo>64</CodigoPeriodo><ConstanteMultiplicadora>1</ConstanteMultiplicadora><NumeroRuedasEnteras>8</NumeroRuedasEnteras><NumeroRuedasDecimales>0</NumeroRuedasDecimales><ConsumoCalculado>0</ConsumoCalculado><LecturaDesde><Fecha>2018-01-17</Fecha><Procedencia>20</Procedencia><Lectura>4830</Lectura></LecturaDesde><LecturaHasta><Fecha>2018-02-15</Fecha><Procedencia>20</Procedencia><Lectura>4830</Lectura></LecturaHasta></Integrador><Integrador><Magnitud>AE</Magnitud><CodigoPeriodo>63</CodigoPeriodo><ConstanteMultiplicadora>1</ConstanteMultiplicadora><NumeroRuedasEnteras>8</NumeroRuedasEnteras><NumeroRuedasDecimales>0</NumeroRuedasDecimales><ConsumoCalculado>0</ConsumoCalculado><LecturaDesde><Fecha>2018-01-17</Fecha><Procedencia>20</Procedencia><Lectura>100343</Lectura></LecturaDesde><LecturaHasta><Fecha>2018-02-15</Fecha><Procedencia>20</Procedencia><Lectura>100343</Lectura></LecturaHasta></Integrador><Integrador><Magnitud>AE</Magnitud><CodigoPeriodo>62</CodigoPeriodo><ConstanteMultiplicadora>1</ConstanteMultiplicadora><NumeroRuedasEnteras>8</NumeroRuedasEnteras><NumeroRuedasDecimales>0</NumeroRuedasDecimales><ConsumoCalculado>0</ConsumoCalculado><LecturaDesde><Fecha>2018-01-17</Fecha><Procedencia>20</Procedencia><Lectura>43059</Lectura></LecturaDesde><LecturaHasta><Fecha>2018-02-15</Fecha><Procedencia>20</Procedencia><Lectura>43059</Lectura></LecturaHasta></Integrador><Integrador><Magnitud>AE</Magnitud><CodigoPeriodo>61</CodigoPeriodo><ConstanteMultiplicadora>1</ConstanteMultiplicadora><NumeroRuedasEnteras>8</NumeroRuedasEnteras><NumeroRuedasDecimales>0</NumeroRuedasDecimales><ConsumoCalculado>0</ConsumoCalculado><LecturaDesde><Fecha>2018-01-17</Fecha><Procedencia>20</Procedencia><Lectura>4</Lectura></LecturaDesde><LecturaHasta><Fecha>2018-02-15</Fecha><Procedencia>20</Procedencia><Lectura>4</Lectura></LecturaHasta></Integrador></ModeloAparato></Medidas></MensajeSaldoLecturasFacturacion>