<?xml version="1.0" encoding="ISO-8859-1"?><MensajeSaldoLecturasFacturacion xmlns="http://localhost/elegibilidad"><Cabecera><CodigoREEEmpresaEmisora>0021</CodigoREEEmpresaEmisora><CodigoREEEmpresaDestino>0980</CodigoREEEmpresaDestino><CodigoDelProceso>Q1</CodigoDelProceso><CodigoDePaso>01</CodigoDePaso><CodigoDeSolicitud>201802166330</CodigoDeSolicitud><SecuencialDeSolicitud>29</SecuencialDeSolicitud><FechaSolicitud>2018-02-16T00:00:00</FechaSolicitud><CUPS>ES0021000007817278NN0P</CUPS></Cabecera><Medidas><CodPM>ES0021000007817278NN0P</CodPM><ModeloAparato><TipoAparato>TG</TipoAparato><MarcaAparato>101</MarcaAparato><NumeroSerie>0155669373</NumeroSerie><TipoDHEdM>1</TipoDHEdM><Integrador><Magnitud>AE</Magnitud><CodigoPeriodo>10</CodigoPeriodo><ConstanteMultiplicadora>1</ConstanteMultiplicadora><NumeroRuedasEnteras>6</NumeroRuedasEnteras><NumeroRuedasDecimales>0</NumeroRuedasDecimales><ConsumoCalculado>440</ConsumoCalculado><LecturaDesde><Fecha>2018-01-09</Fecha><Procedencia>10</Procedencia><Lectura>5332</Lectura></LecturaDesde><LecturaHasta><Fecha>2018-02-07</Fecha><Procedencia>10</Procedencia><Lectura>5772</Lectura></LecturaHasta></Integrador></ModeloAparato></Medidas></MensajeSaldoLecturasFacturacion>