<?xml version="1.0" encoding="ISO-8859-1"?><MensajeSaldoLecturasFacturacion xmlns="http://localhost/elegibilidad"><Cabecera><CodigoREEEmpresaEmisora>0021</CodigoREEEmpresaEmisora><CodigoREEEmpresaDestino>0815</CodigoREEEmpresaDestino><CodigoDelProceso>Q1</CodigoDelProceso><CodigoDePaso>01</CodigoDePaso><CodigoDeSolicitud>201802166630</CodigoDeSolicitud><SecuencialDeSolicitud>25</SecuencialDeSolicitud><FechaSolicitud>2018-02-16T00:00:00</FechaSolicitud><CUPS>ES0021000007371534KP0P</CUPS></Cabecera><Medidas><CodPM>ES0021000007371534KP0P</CodPM><ModeloAparato><TipoAparato>CG</TipoAparato><MarcaAparato>069</MarcaAparato><NumeroSerie>0095939548</NumeroSerie><TipoDHEdM>6</TipoDHEdM><Integrador><Magnitud>PM</Magnitud><CodigoPeriodo>66</CodigoPeriodo><ConstanteMultiplicadora>1</ConstanteMultiplicadora><NumeroRuedasEnteras>9</NumeroRuedasEnteras><NumeroRuedasDecimales>2</NumeroRuedasDecimales><ConsumoCalculado>9600</ConsumoCalculado><LecturaDesde><Fecha>2018-01-12</Fecha><Procedencia>20</Procedencia><Lectura>0</Lectura></LecturaDesde><LecturaHasta><Fecha>2018-02-15</Fecha><Procedencia>99</Procedencia><Lectura>9600</Lectura></LecturaHasta></Integrador><Integrador><Magnitud>PM</Magnitud><CodigoPeriodo>65</CodigoPeriodo><ConstanteMultiplicadora>1</ConstanteMultiplicadora><NumeroRuedasEnteras>9</NumeroRuedasEnteras><NumeroRuedasDecimales>2</NumeroRuedasDecimales><ConsumoCalculado>9600</ConsumoCalculado><LecturaDesde><Fecha>2018-01-12</Fecha><Procedencia>20</Procedencia><Lectura>0</Lectura></LecturaDesde><LecturaHasta><Fecha>2018-02-15</Fecha><Procedencia>99</Procedencia><Lectura>9600</Lectura></LecturaHasta></Integrador><Integrador><Magnitud>PM</Magnitud><CodigoPeriodo>64</CodigoPeriodo><ConstanteMultiplicadora>1</ConstanteMultiplicadora><NumeroRuedasEnteras>9</NumeroRuedasEnteras><NumeroRuedasDecimales>2</NumeroRuedasDecimales><ConsumoCalculado>9600</ConsumoCalculado><LecturaDesde><Fecha>2018-01-12</Fecha><Procedencia>20</Procedencia><Lectura>0</Lectura></LecturaDesde><LecturaHasta><Fecha>2018-02-15</Fecha><Procedencia>99</Procedencia><Lectura>9600</Lectura></LecturaHasta></Integrador><Integrador><Magnitud>PM</Magnitud><CodigoPeriodo>63</CodigoPeriodo><ConstanteMultiplicadora>1</ConstanteMultiplicadora><NumeroRuedasEnteras>9</NumeroRuedasEnteras><NumeroRuedasDecimales>2</NumeroRuedasDecimales><ConsumoCalculado>9600</ConsumoCalculado><LecturaDesde><Fecha>2018-01-12</Fecha><Procedencia>20</Procedencia><Lectura>0</Lectura></LecturaDesde><LecturaHasta><Fecha>2018-02-15</Fecha><Procedencia>99</Procedencia><Lectura>9600</Lectura></LecturaHasta></Integrador><Integrador><Magnitud>PM</Magnitud><CodigoPeriodo>62</CodigoPeriodo><ConstanteMultiplicadora>1</ConstanteMultiplicadora><NumeroRuedasEnteras>9</NumeroRuedasEnteras><NumeroRuedasDecimales>2</NumeroRuedasDecimales><ConsumoCalculado>9600</ConsumoCalculado><LecturaDesde><Fecha>2018-01-12</Fecha><Procedencia>20</Procedencia><Lectura>0</Lectura></LecturaDesde><LecturaHasta><Fecha>2018-02-15</Fecha><Procedencia>99</Procedencia><Lectura>9600</Lectura></LecturaHasta></Integrador><Integrador><Magnitud>PM</Magnitud><CodigoPeriodo>61</CodigoPeriodo><ConstanteMultiplicadora>1</ConstanteMultiplicadora><NumeroRuedasEnteras>9</NumeroRuedasEnteras><NumeroRuedasDecimales>2</NumeroRuedasDecimales><ConsumoCalculado>9600</ConsumoCalculado><LecturaDesde><Fecha>2018-01-12</Fecha><Procedencia>20</Procedencia><Lectura>0</Lectura></LecturaDesde><LecturaHasta><Fecha>2018-02-15</Fecha><Procedencia>99</Procedencia><Lectura>9600</Lectura></LecturaHasta></Integrador><Integrador><Magnitud>R1</Magnitud><CodigoPeriodo>66</CodigoPeriodo><ConstanteMultiplicadora>1</ConstanteMultiplicadora><NumeroRuedasEnteras>9</NumeroRuedasEnteras><NumeroRuedasDecimales>2</NumeroRuedasDecimales><ConsumoCalculado>0</ConsumoCalculado><LecturaDesde><Fecha>2018-01-12</Fecha><Procedencia>20</Procedencia><Lectura>24434</Lectura></LecturaDesde><LecturaHasta><Fecha>2018-02-15</Fecha><Procedencia>99</Procedencia><Lectura>24434</Lectura></LecturaHasta></Integrador><Integrador><Magnitud>R1</Magnitud><CodigoPeriodo>65</CodigoPeriodo><ConstanteMultiplicadora>1</ConstanteMultiplicadora><NumeroRuedasEnteras>9</NumeroRuedasEnteras><NumeroRuedasDecimales>2</NumeroRuedasDecimales><ConsumoCalculado>0</ConsumoCalculado><LecturaDesde><Fecha>2018-01-12</Fecha><Procedencia>20</Procedencia><Lectura>7669</Lectura></LecturaDesde><LecturaHasta><Fecha>2018-02-15</Fecha><Procedencia>99</Procedencia><Lectura>7669</Lectura></LecturaHasta></Integrador><Integrador><Magnitud>R1</Magnitud><CodigoPeriodo>64</CodigoPeriodo><ConstanteMultiplicadora>1</ConstanteMultiplicadora><NumeroRuedasEnteras>9</NumeroRuedasEnteras><NumeroRuedasDecimales>2</NumeroRuedasDecimales><ConsumoCalculado>0</ConsumoCalculado><LecturaDesde><Fecha>2018-01-12</Fecha><Procedencia>20</Procedencia><Lectura>15069</Lectura></LecturaDesde><LecturaHasta><Fecha>2018-02-15</Fecha><Procedencia>99</Procedencia><Lectura>15069</Lectura></LecturaHasta></Integrador><Integrador><Magnitud>R1</Magnitud><CodigoPeriodo>63</CodigoPeriodo><ConstanteMultiplicadora>1</ConstanteMultiplicadora><NumeroRuedasEnteras>9</NumeroRuedasEnteras><NumeroRuedasDecimales>2</NumeroRuedasDecimales><ConsumoCalculado>0</ConsumoCalculado><LecturaDesde><Fecha>2018-01-12</Fecha><Procedencia>20</Procedencia><Lectura>25728</Lectura></LecturaDesde><LecturaHasta><Fecha>2018-02-15</Fecha><Procedencia>99</Procedencia><Lectura>25728</Lectura></LecturaHasta></Integrador><Integrador><Magnitud>R1</Magnitud><CodigoPeriodo>62</CodigoPeriodo><ConstanteMultiplicadora>1</ConstanteMultiplicadora><NumeroRuedasEnteras>9</NumeroRuedasEnteras><NumeroRuedasDecimales>2</NumeroRuedasDecimales><ConsumoCalculado>0</ConsumoCalculado><LecturaDesde><Fecha>2018-01-12</Fecha><Procedencia>20</Procedencia><Lectura>34614</Lectura></LecturaDesde><LecturaHasta><Fecha>2018-02-15</Fecha><Procedencia>99</Procedencia><Lectura>34614</Lectura></LecturaHasta></Integrador><Integrador><Magnitud>R1</Magnitud><CodigoPeriodo>61</CodigoPeriodo><ConstanteMultiplicadora>1</ConstanteMultiplicadora><NumeroRuedasEnteras>9</NumeroRuedasEnteras><NumeroRuedasDecimales>2</NumeroRuedasDecimales><ConsumoCalculado>0</ConsumoCalculado><LecturaDesde><Fecha>2018-01-12</Fecha><Procedencia>20</Procedencia><Lectura>5649</Lectura></LecturaDesde><LecturaHasta><Fecha>2018-02-15</Fecha><Procedencia>99</Procedencia><Lectura>5649</Lectura></LecturaHasta></Integrador><Integrador><Magnitud>AE</Magnitud><CodigoPeriodo>66</CodigoPeriodo><ConstanteMultiplicadora>1</ConstanteMultiplicadora><NumeroRuedasEnteras>9</NumeroRuedasEnteras><NumeroRuedasDecimales>2</NumeroRuedasDecimales><ConsumoCalculado>0</ConsumoCalculado><LecturaDesde><Fecha>2018-01-12</Fecha><Procedencia>20</Procedencia><Lectura>60368</Lectura></LecturaDesde><LecturaHasta><Fecha>2018-02-15</Fecha><Procedencia>99</Procedencia><Lectura>60368</Lectura></LecturaHasta></Integrador><Integrador><Magnitud>AE</Magnitud><CodigoPeriodo>65</CodigoPeriodo><ConstanteMultiplicadora>1</ConstanteMultiplicadora><NumeroRuedasEnteras>9</NumeroRuedasEnteras><NumeroRuedasDecimales>2</NumeroRuedasDecimales><ConsumoCalculado>0</ConsumoCalculado><LecturaDesde><Fecha>2018-01-12</Fecha><Procedencia>20</Procedencia><Lectura>19977</Lectura></LecturaDesde><LecturaHasta><Fecha>2018-02-15</Fecha><Procedencia>99</Procedencia><Lectura>19977</Lectura></LecturaHasta></Integrador><Integrador><Magnitud>AE</Magnitud><CodigoPeriodo>64</CodigoPeriodo><ConstanteMultiplicadora>1</ConstanteMultiplicadora><NumeroRuedasEnteras>9</NumeroRuedasEnteras><NumeroRuedasDecimales>2</NumeroRuedasDecimales><ConsumoCalculado>0</ConsumoCalculado><LecturaDesde><Fecha>2018-01-12</Fecha><Procedencia>20</Procedencia><Lectura>31923</Lectura></LecturaDesde><LecturaHasta><Fecha>2018-02-15</Fecha><Procedencia>99</Procedencia><Lectura>31923</Lectura></LecturaHasta></Integrador><Integrador><Magnitud>AE</Magnitud><CodigoPeriodo>63</CodigoPeriodo><ConstanteMultiplicadora>1</ConstanteMultiplicadora><NumeroRuedasEnteras>9</NumeroRuedasEnteras><NumeroRuedasDecimales>2</NumeroRuedasDecimales><ConsumoCalculado>0</ConsumoCalculado><LecturaDesde><Fecha>2018-01-12</Fecha><Procedencia>20</Procedencia><Lectura>64961</Lectura></LecturaDesde><LecturaHasta><Fecha>2018-02-15</Fecha><Procedencia>99</Procedencia><Lectura>64961</Lectura></LecturaHasta></Integrador><Integrador><Magnitud>AE</Magnitud><CodigoPeriodo>62</CodigoPeriodo><ConstanteMultiplicadora>1</ConstanteMultiplicadora><NumeroRuedasEnteras>9</NumeroRuedasEnteras><NumeroRuedasDecimales>2</NumeroRuedasDecimales><ConsumoCalculado>0</ConsumoCalculado><LecturaDesde><Fecha>2018-01-12</Fecha><Procedencia>20</Procedencia><Lectura>85959</Lectura></LecturaDesde><LecturaHasta><Fecha>2018-02-15</Fecha><Procedencia>99</Procedencia><Lectura>85959</Lectura></LecturaHasta></Integrador><Integrador><Magnitud>AE</Magnitud><CodigoPeriodo>61</CodigoPeriodo><ConstanteMultiplicadora>1</ConstanteMultiplicadora><NumeroRuedasEnteras>9</NumeroRuedasEnteras><NumeroRuedasDecimales>2</NumeroRuedasDecimales><ConsumoCalculado>0</ConsumoCalculado><LecturaDesde><Fecha>2018-01-12</Fecha><Procedencia>20</Procedencia><Lectura>19445</Lectura></LecturaDesde><LecturaHasta><Fecha>2018-02-15</Fecha><Procedencia>99</Procedencia><Lectura>19445</Lectura></LecturaHasta></Integrador></ModeloAparato></Medidas></MensajeSaldoLecturasFacturacion>