<?xml version="1.0" encoding="ISO-8859-1"?><MensajeSaldoLecturasFacturacion xmlns="http://localhost/elegibilidad"><Cabecera><CodigoREEEmpresaEmisora>0021</CodigoREEEmpresaEmisora><CodigoREEEmpresaDestino>0980</CodigoREEEmpresaDestino><CodigoDelProceso>Q1</CodigoDelProceso><CodigoDePaso>01</CodigoDePaso><CodigoDeSolicitud>201802166296</CodigoDeSolicitud><SecuencialDeSolicitud>29</SecuencialDeSolicitud><FechaSolicitud>2018-02-16T00:00:00</FechaSolicitud><CUPS>ES0021000009413090GS0P</CUPS></Cabecera><Medidas><CodPM>ES0021000009413090GS0P</CodPM><ModeloAparato><TipoAparato>TG</TipoAparato><MarcaAparato>132</MarcaAparato><NumeroSerie>0048511709</NumeroSerie><TipoDHEdM>1</TipoDHEdM><Integrador><Magnitud>AE</Magnitud><CodigoPeriodo>10</CodigoPeriodo><ConstanteMultiplicadora>1</ConstanteMultiplicadora><NumeroRuedasEnteras>6</NumeroRuedasEnteras><NumeroRuedasDecimales>0</NumeroRuedasDecimales><ConsumoCalculado>84</ConsumoCalculado><LecturaDesde><Fecha>2018-01-11</Fecha><Procedencia>10</Procedencia><Lectura>733</Lectura></LecturaDesde><LecturaHasta><Fecha>2018-02-11</Fecha><Procedencia>10</Procedencia><Lectura>817</Lectura></LecturaHasta></Integrador></ModeloAparato></Medidas></MensajeSaldoLecturasFacturacion>