<?xml version="1.0" encoding="ISO-8859-1"?><MensajeSaldoLecturasFacturacion xmlns="http://localhost/elegibilidad"><Cabecera><CodigoREEEmpresaEmisora>0021</CodigoREEEmpresaEmisora><CodigoREEEmpresaDestino>0815</CodigoREEEmpresaDestino><CodigoDelProceso>Q1</CodigoDelProceso><CodigoDePaso>01</CodigoDePaso><CodigoDeSolicitud>201802166684</CodigoDeSolicitud><SecuencialDeSolicitud>25</SecuencialDeSolicitud><FechaSolicitud>2018-02-16T00:00:00</FechaSolicitud><CUPS>ES0021000010774384NP0P</CUPS></Cabecera><Medidas><CodPM>ES0021000010774384NP0P</CodPM><ModeloAparato><TipoAparato>CG</TipoAparato><MarcaAparato>003</MarcaAparato><NumeroSerie>0095300874</NumeroSerie><TipoDHEdM>6</TipoDHEdM><Integrador><Magnitud>PM</Magnitud><CodigoPeriodo>66</CodigoPeriodo><ConstanteMultiplicadora>1</ConstanteMultiplicadora><NumeroRuedasEnteras>7</NumeroRuedasEnteras><NumeroRuedasDecimales>2</NumeroRuedasDecimales><ConsumoCalculado>0</ConsumoCalculado><LecturaDesde><Fecha>2017-11-20</Fecha><Procedencia>20</Procedencia><Lectura>0</Lectura></LecturaDesde><LecturaHasta><Fecha>2018-02-13</Fecha><Procedencia>20</Procedencia><Lectura>0</Lectura></LecturaHasta></Integrador><Integrador><Magnitud>PM</Magnitud><CodigoPeriodo>65</CodigoPeriodo><ConstanteMultiplicadora>1</ConstanteMultiplicadora><NumeroRuedasEnteras>7</NumeroRuedasEnteras><NumeroRuedasDecimales>2</NumeroRuedasDecimales><ConsumoCalculado>1000</ConsumoCalculado><LecturaDesde><Fecha>2017-11-20</Fecha><Procedencia>20</Procedencia><Lectura>0</Lectura></LecturaDesde><LecturaHasta><Fecha>2018-02-13</Fecha><Procedencia>20</Procedencia><Lectura>1000</Lectura></LecturaHasta></Integrador><Integrador><Magnitud>PM</Magnitud><CodigoPeriodo>64</CodigoPeriodo><ConstanteMultiplicadora>1</ConstanteMultiplicadora><NumeroRuedasEnteras>7</NumeroRuedasEnteras><NumeroRuedasDecimales>2</NumeroRuedasDecimales><ConsumoCalculado>0</ConsumoCalculado><LecturaDesde><Fecha>2017-11-20</Fecha><Procedencia>20</Procedencia><Lectura>0</Lectura></LecturaDesde><LecturaHasta><Fecha>2018-02-13</Fecha><Procedencia>20</Procedencia><Lectura>0</Lectura></LecturaHasta></Integrador><Integrador><Magnitud>PM</Magnitud><CodigoPeriodo>63</CodigoPeriodo><ConstanteMultiplicadora>1</ConstanteMultiplicadora><NumeroRuedasEnteras>7</NumeroRuedasEnteras><NumeroRuedasDecimales>2</NumeroRuedasDecimales><ConsumoCalculado>0</ConsumoCalculado><LecturaDesde><Fecha>2017-11-20</Fecha><Procedencia>20</Procedencia><Lectura>0</Lectura></LecturaDesde><LecturaHasta><Fecha>2018-02-13</Fecha><Procedencia>20</Procedencia><Lectura>0</Lectura></LecturaHasta></Integrador><Integrador><Magnitud>PM</Magnitud><CodigoPeriodo>62</CodigoPeriodo><ConstanteMultiplicadora>1</ConstanteMultiplicadora><NumeroRuedasEnteras>7</NumeroRuedasEnteras><NumeroRuedasDecimales>2</NumeroRuedasDecimales><ConsumoCalculado>5000</ConsumoCalculado><LecturaDesde><Fecha>2017-11-20</Fecha><Procedencia>20</Procedencia><Lectura>0</Lectura></LecturaDesde><LecturaHasta><Fecha>2018-02-13</Fecha><Procedencia>20</Procedencia><Lectura>5000</Lectura></LecturaHasta></Integrador><Integrador><Magnitud>PM</Magnitud><CodigoPeriodo>61</CodigoPeriodo><ConstanteMultiplicadora>1</ConstanteMultiplicadora><NumeroRuedasEnteras>7</NumeroRuedasEnteras><NumeroRuedasDecimales>2</NumeroRuedasDecimales><ConsumoCalculado>4000</ConsumoCalculado><LecturaDesde><Fecha>2017-11-20</Fecha><Procedencia>20</Procedencia><Lectura>0</Lectura></LecturaDesde><LecturaHasta><Fecha>2018-02-13</Fecha><Procedencia>20</Procedencia><Lectura>4000</Lectura></LecturaHasta></Integrador><Integrador><Magnitud>R1</Magnitud><CodigoPeriodo>66</CodigoPeriodo><ConstanteMultiplicadora>1</ConstanteMultiplicadora><NumeroRuedasEnteras>9</NumeroRuedasEnteras><NumeroRuedasDecimales>0</NumeroRuedasDecimales><ConsumoCalculado>4</ConsumoCalculado><LecturaDesde><Fecha>2017-11-20</Fecha><Procedencia>20</Procedencia><Lectura>1562</Lectura></LecturaDesde><LecturaHasta><Fecha>2018-02-13</Fecha><Procedencia>20</Procedencia><Lectura>1566</Lectura></LecturaHasta></Integrador><Integrador><Magnitud>R1</Magnitud><CodigoPeriodo>65</CodigoPeriodo><ConstanteMultiplicadora>1</ConstanteMultiplicadora><NumeroRuedasEnteras>9</NumeroRuedasEnteras><NumeroRuedasDecimales>0</NumeroRuedasDecimales><ConsumoCalculado>49</ConsumoCalculado><LecturaDesde><Fecha>2017-11-20</Fecha><Procedencia>20</Procedencia><Lectura>3856</Lectura></LecturaDesde><LecturaHasta><Fecha>2018-02-13</Fecha><Procedencia>20</Procedencia><Lectura>3905</Lectura></LecturaHasta></Integrador><Integrador><Magnitud>R1</Magnitud><CodigoPeriodo>64</CodigoPeriodo><ConstanteMultiplicadora>1</ConstanteMultiplicadora><NumeroRuedasEnteras>9</NumeroRuedasEnteras><NumeroRuedasDecimales>0</NumeroRuedasDecimales><ConsumoCalculado>4</ConsumoCalculado><LecturaDesde><Fecha>2017-11-20</Fecha><Procedencia>20</Procedencia><Lectura>701</Lectura></LecturaDesde><LecturaHasta><Fecha>2018-02-13</Fecha><Procedencia>20</Procedencia><Lectura>705</Lectura></LecturaHasta></Integrador><Integrador><Magnitud>R1</Magnitud><CodigoPeriodo>63</CodigoPeriodo><ConstanteMultiplicadora>1</ConstanteMultiplicadora><NumeroRuedasEnteras>9</NumeroRuedasEnteras><NumeroRuedasDecimales>0</NumeroRuedasDecimales><ConsumoCalculado>9</ConsumoCalculado><LecturaDesde><Fecha>2017-11-20</Fecha><Procedencia>20</Procedencia><Lectura>9090</Lectura></LecturaDesde><LecturaHasta><Fecha>2018-02-13</Fecha><Procedencia>20</Procedencia><Lectura>9099</Lectura></LecturaHasta></Integrador><Integrador><Magnitud>R1</Magnitud><CodigoPeriodo>62</CodigoPeriodo><ConstanteMultiplicadora>1</ConstanteMultiplicadora><NumeroRuedasEnteras>9</NumeroRuedasEnteras><NumeroRuedasDecimales>0</NumeroRuedasDecimales><ConsumoCalculado>975</ConsumoCalculado><LecturaDesde><Fecha>2017-11-20</Fecha><Procedencia>20</Procedencia><Lectura>76856</Lectura></LecturaDesde><LecturaHasta><Fecha>2018-02-13</Fecha><Procedencia>20</Procedencia><Lectura>77831</Lectura></LecturaHasta></Integrador><Integrador><Magnitud>R1</Magnitud><CodigoPeriodo>61</CodigoPeriodo><ConstanteMultiplicadora>1</ConstanteMultiplicadora><NumeroRuedasEnteras>9</NumeroRuedasEnteras><NumeroRuedasDecimales>0</NumeroRuedasDecimales><ConsumoCalculado>232</ConsumoCalculado><LecturaDesde><Fecha>2017-11-20</Fecha><Procedencia>20</Procedencia><Lectura>30936</Lectura></LecturaDesde><LecturaHasta><Fecha>2018-02-13</Fecha><Procedencia>20</Procedencia><Lectura>31168</Lectura></LecturaHasta></Integrador><Integrador><Magnitud>AE</Magnitud><CodigoPeriodo>66</CodigoPeriodo><ConstanteMultiplicadora>1</ConstanteMultiplicadora><NumeroRuedasEnteras>9</NumeroRuedasEnteras><NumeroRuedasDecimales>0</NumeroRuedasDecimales><ConsumoCalculado>59</ConsumoCalculado><LecturaDesde><Fecha>2017-11-20</Fecha><Procedencia>20</Procedencia><Lectura>3386</Lectura></LecturaDesde><LecturaHasta><Fecha>2018-02-13</Fecha><Procedencia>20</Procedencia><Lectura>3445</Lectura></LecturaHasta></Integrador><Integrador><Magnitud>AE</Magnitud><CodigoPeriodo>65</CodigoPeriodo><ConstanteMultiplicadora>1</ConstanteMultiplicadora><NumeroRuedasEnteras>9</NumeroRuedasEnteras><NumeroRuedasDecimales>0</NumeroRuedasDecimales><ConsumoCalculado>151</ConsumoCalculado><LecturaDesde><Fecha>2017-11-20</Fecha><Procedencia>20</Procedencia><Lectura>6142</Lectura></LecturaDesde><LecturaHasta><Fecha>2018-02-13</Fecha><Procedencia>20</Procedencia><Lectura>6293</Lectura></LecturaHasta></Integrador><Integrador><Magnitud>AE</Magnitud><CodigoPeriodo>64</CodigoPeriodo><ConstanteMultiplicadora>1</ConstanteMultiplicadora><NumeroRuedasEnteras>9</NumeroRuedasEnteras><NumeroRuedasDecimales>0</NumeroRuedasDecimales><ConsumoCalculado>33</ConsumoCalculado><LecturaDesde><Fecha>2017-11-20</Fecha><Procedencia>20</Procedencia><Lectura>1666</Lectura></LecturaDesde><LecturaHasta><Fecha>2018-02-13</Fecha><Procedencia>20</Procedencia><Lectura>1699</Lectura></LecturaHasta></Integrador><Integrador><Magnitud>AE</Magnitud><CodigoPeriodo>63</CodigoPeriodo><ConstanteMultiplicadora>1</ConstanteMultiplicadora><NumeroRuedasEnteras>9</NumeroRuedasEnteras><NumeroRuedasDecimales>0</NumeroRuedasDecimales><ConsumoCalculado>165</ConsumoCalculado><LecturaDesde><Fecha>2017-11-20</Fecha><Procedencia>20</Procedencia><Lectura>11706</Lectura></LecturaDesde><LecturaHasta><Fecha>2018-02-13</Fecha><Procedencia>20</Procedencia><Lectura>11871</Lectura></LecturaHasta></Integrador><Integrador><Magnitud>AE</Magnitud><CodigoPeriodo>62</CodigoPeriodo><ConstanteMultiplicadora>1</ConstanteMultiplicadora><NumeroRuedasEnteras>9</NumeroRuedasEnteras><NumeroRuedasDecimales>0</NumeroRuedasDecimales><ConsumoCalculado>1559</ConsumoCalculado><LecturaDesde><Fecha>2017-11-20</Fecha><Procedencia>20</Procedencia><Lectura>72660</Lectura></LecturaDesde><LecturaHasta><Fecha>2018-02-13</Fecha><Procedencia>20</Procedencia><Lectura>74219</Lectura></LecturaHasta></Integrador><Integrador><Magnitud>AE</Magnitud><CodigoPeriodo>61</CodigoPeriodo><ConstanteMultiplicadora>1</ConstanteMultiplicadora><NumeroRuedasEnteras>9</NumeroRuedasEnteras><NumeroRuedasDecimales>0</NumeroRuedasDecimales><ConsumoCalculado>445</ConsumoCalculado><LecturaDesde><Fecha>2017-11-20</Fecha><Procedencia>20</Procedencia><Lectura>28631</Lectura></LecturaDesde><LecturaHasta><Fecha>2018-02-13</Fecha><Procedencia>20</Procedencia><Lectura>29076</Lectura></LecturaHasta></Integrador></ModeloAparato></Medidas></MensajeSaldoLecturasFacturacion>