<?xml version="1.0" encoding="ISO-8859-1"?><MensajeSaldoLecturasFacturacion xmlns="http://localhost/elegibilidad"><Cabecera><CodigoREEEmpresaEmisora>0021</CodigoREEEmpresaEmisora><CodigoREEEmpresaDestino>0815</CodigoREEEmpresaDestino><CodigoDelProceso>Q1</CodigoDelProceso><CodigoDePaso>01</CodigoDePaso><CodigoDeSolicitud>201802166692</CodigoDeSolicitud><SecuencialDeSolicitud>25</SecuencialDeSolicitud><FechaSolicitud>2018-02-16T00:00:00</FechaSolicitud><CUPS>ES0021000008654900KC0P</CUPS></Cabecera><Medidas><CodPM>ES0021000008654900KC0P</CodPM><ModeloAparato><TipoAparato>CG</TipoAparato><MarcaAparato>003</MarcaAparato><NumeroSerie>0075250824</NumeroSerie><TipoDHEdM>6</TipoDHEdM><Integrador><Magnitud>PM</Magnitud><CodigoPeriodo>66</CodigoPeriodo><ConstanteMultiplicadora>1</ConstanteMultiplicadora><NumeroRuedasEnteras>7</NumeroRuedasEnteras><NumeroRuedasDecimales>2</NumeroRuedasDecimales><ConsumoCalculado>3000</ConsumoCalculado><LecturaDesde><Fecha>2018-01-11</Fecha><Procedencia>20</Procedencia><Lectura>0</Lectura></LecturaDesde><LecturaHasta><Fecha>2018-01-16</Fecha><Procedencia>30</Procedencia><Lectura>3000</Lectura></LecturaHasta></Integrador><Integrador><Magnitud>PM</Magnitud><CodigoPeriodo>65</CodigoPeriodo><ConstanteMultiplicadora>1</ConstanteMultiplicadora><NumeroRuedasEnteras>7</NumeroRuedasEnteras><NumeroRuedasDecimales>2</NumeroRuedasDecimales><ConsumoCalculado>22000</ConsumoCalculado><LecturaDesde><Fecha>2018-01-11</Fecha><Procedencia>20</Procedencia><Lectura>0</Lectura></LecturaDesde><LecturaHasta><Fecha>2018-01-16</Fecha><Procedencia>30</Procedencia><Lectura>22000</Lectura></LecturaHasta></Integrador><Integrador><Magnitud>PM</Magnitud><CodigoPeriodo>64</CodigoPeriodo><ConstanteMultiplicadora>1</ConstanteMultiplicadora><NumeroRuedasEnteras>7</NumeroRuedasEnteras><NumeroRuedasDecimales>2</NumeroRuedasDecimales><ConsumoCalculado>16000</ConsumoCalculado><LecturaDesde><Fecha>2018-01-11</Fecha><Procedencia>20</Procedencia><Lectura>0</Lectura></LecturaDesde><LecturaHasta><Fecha>2018-01-16</Fecha><Procedencia>30</Procedencia><Lectura>16000</Lectura></LecturaHasta></Integrador><Integrador><Magnitud>PM</Magnitud><CodigoPeriodo>63</CodigoPeriodo><ConstanteMultiplicadora>1</ConstanteMultiplicadora><NumeroRuedasEnteras>7</NumeroRuedasEnteras><NumeroRuedasDecimales>2</NumeroRuedasDecimales><ConsumoCalculado>12000</ConsumoCalculado><LecturaDesde><Fecha>2018-01-11</Fecha><Procedencia>20</Procedencia><Lectura>0</Lectura></LecturaDesde><LecturaHasta><Fecha>2018-01-16</Fecha><Procedencia>30</Procedencia><Lectura>12000</Lectura></LecturaHasta></Integrador><Integrador><Magnitud>PM</Magnitud><CodigoPeriodo>62</CodigoPeriodo><ConstanteMultiplicadora>1</ConstanteMultiplicadora><NumeroRuedasEnteras>7</NumeroRuedasEnteras><NumeroRuedasDecimales>2</NumeroRuedasDecimales><ConsumoCalculado>24000</ConsumoCalculado><LecturaDesde><Fecha>2018-01-11</Fecha><Procedencia>20</Procedencia><Lectura>0</Lectura></LecturaDesde><LecturaHasta><Fecha>2018-01-16</Fecha><Procedencia>30</Procedencia><Lectura>24000</Lectura></LecturaHasta></Integrador><Integrador><Magnitud>PM</Magnitud><CodigoPeriodo>61</CodigoPeriodo><ConstanteMultiplicadora>1</ConstanteMultiplicadora><NumeroRuedasEnteras>7</NumeroRuedasEnteras><NumeroRuedasDecimales>2</NumeroRuedasDecimales><ConsumoCalculado>21000</ConsumoCalculado><LecturaDesde><Fecha>2018-01-11</Fecha><Procedencia>20</Procedencia><Lectura>0</Lectura></LecturaDesde><LecturaHasta><Fecha>2018-01-16</Fecha><Procedencia>30</Procedencia><Lectura>21000</Lectura></LecturaHasta></Integrador><Integrador><Magnitud>R1</Magnitud><CodigoPeriodo>66</CodigoPeriodo><ConstanteMultiplicadora>1</ConstanteMultiplicadora><NumeroRuedasEnteras>9</NumeroRuedasEnteras><NumeroRuedasDecimales>0</NumeroRuedasDecimales><ConsumoCalculado>4.25</ConsumoCalculado><LecturaDesde><Fecha>2018-01-11</Fecha><Procedencia>20</Procedencia><Lectura>1363</Lectura></LecturaDesde><LecturaHasta><Fecha>2018-01-16</Fecha><Procedencia>30</Procedencia><Lectura>1367.25</Lectura></LecturaHasta></Integrador><Integrador><Magnitud>R1</Magnitud><CodigoPeriodo>65</CodigoPeriodo><ConstanteMultiplicadora>1</ConstanteMultiplicadora><NumeroRuedasEnteras>9</NumeroRuedasEnteras><NumeroRuedasDecimales>0</NumeroRuedasDecimales><ConsumoCalculado>79.5</ConsumoCalculado><LecturaDesde><Fecha>2018-01-11</Fecha><Procedencia>20</Procedencia><Lectura>27694</Lectura></LecturaDesde><LecturaHasta><Fecha>2018-01-16</Fecha><Procedencia>30</Procedencia><Lectura>27773.5</Lectura></LecturaHasta></Integrador><Integrador><Magnitud>R1</Magnitud><CodigoPeriodo>64</CodigoPeriodo><ConstanteMultiplicadora>1</ConstanteMultiplicadora><NumeroRuedasEnteras>9</NumeroRuedasEnteras><NumeroRuedasDecimales>0</NumeroRuedasDecimales><ConsumoCalculado>36</ConsumoCalculado><LecturaDesde><Fecha>2018-01-11</Fecha><Procedencia>20</Procedencia><Lectura>13973</Lectura></LecturaDesde><LecturaHasta><Fecha>2018-01-16</Fecha><Procedencia>30</Procedencia><Lectura>14009</Lectura></LecturaHasta></Integrador><Integrador><Magnitud>R1</Magnitud><CodigoPeriodo>63</CodigoPeriodo><ConstanteMultiplicadora>1</ConstanteMultiplicadora><NumeroRuedasEnteras>9</NumeroRuedasEnteras><NumeroRuedasDecimales>0</NumeroRuedasDecimales><ConsumoCalculado>16.35</ConsumoCalculado><LecturaDesde><Fecha>2018-01-11</Fecha><Procedencia>20</Procedencia><Lectura>3329</Lectura></LecturaDesde><LecturaHasta><Fecha>2018-01-16</Fecha><Procedencia>30</Procedencia><Lectura>3345.35</Lectura></LecturaHasta></Integrador><Integrador><Magnitud>R1</Magnitud><CodigoPeriodo>62</CodigoPeriodo><ConstanteMultiplicadora>1</ConstanteMultiplicadora><NumeroRuedasEnteras>9</NumeroRuedasEnteras><NumeroRuedasDecimales>0</NumeroRuedasDecimales><ConsumoCalculado>240.6</ConsumoCalculado><LecturaDesde><Fecha>2018-01-11</Fecha><Procedencia>20</Procedencia><Lectura>205348</Lectura></LecturaDesde><LecturaHasta><Fecha>2018-01-16</Fecha><Procedencia>30</Procedencia><Lectura>205588.6</Lectura></LecturaHasta></Integrador><Integrador><Magnitud>R1</Magnitud><CodigoPeriodo>61</CodigoPeriodo><ConstanteMultiplicadora>1</ConstanteMultiplicadora><NumeroRuedasEnteras>9</NumeroRuedasEnteras><NumeroRuedasDecimales>0</NumeroRuedasDecimales><ConsumoCalculado>71.1</ConsumoCalculado><LecturaDesde><Fecha>2018-01-11</Fecha><Procedencia>20</Procedencia><Lectura>90963</Lectura></LecturaDesde><LecturaHasta><Fecha>2018-01-16</Fecha><Procedencia>30</Procedencia><Lectura>91034.1</Lectura></LecturaHasta></Integrador><Integrador><Magnitud>AE</Magnitud><CodigoPeriodo>66</CodigoPeriodo><ConstanteMultiplicadora>1</ConstanteMultiplicadora><NumeroRuedasEnteras>9</NumeroRuedasEnteras><NumeroRuedasDecimales>0</NumeroRuedasDecimales><ConsumoCalculado>16.5</ConsumoCalculado><LecturaDesde><Fecha>2018-01-11</Fecha><Procedencia>20</Procedencia><Lectura>4565</Lectura></LecturaDesde><LecturaHasta><Fecha>2018-01-16</Fecha><Procedencia>30</Procedencia><Lectura>4581.5</Lectura></LecturaHasta></Integrador><Integrador><Magnitud>AE</Magnitud><CodigoPeriodo>65</CodigoPeriodo><ConstanteMultiplicadora>1</ConstanteMultiplicadora><NumeroRuedasEnteras>9</NumeroRuedasEnteras><NumeroRuedasDecimales>0</NumeroRuedasDecimales><ConsumoCalculado>118</ConsumoCalculado><LecturaDesde><Fecha>2018-01-11</Fecha><Procedencia>20</Procedencia><Lectura>41826</Lectura></LecturaDesde><LecturaHasta><Fecha>2018-01-16</Fecha><Procedencia>30</Procedencia><Lectura>41944</Lectura></LecturaHasta></Integrador><Integrador><Magnitud>AE</Magnitud><CodigoPeriodo>64</CodigoPeriodo><ConstanteMultiplicadora>1</ConstanteMultiplicadora><NumeroRuedasEnteras>9</NumeroRuedasEnteras><NumeroRuedasDecimales>0</NumeroRuedasDecimales><ConsumoCalculado>48.75</ConsumoCalculado><LecturaDesde><Fecha>2018-01-11</Fecha><Procedencia>20</Procedencia><Lectura>20684</Lectura></LecturaDesde><LecturaHasta><Fecha>2018-01-16</Fecha><Procedencia>30</Procedencia><Lectura>20732.75</Lectura></LecturaHasta></Integrador><Integrador><Magnitud>AE</Magnitud><CodigoPeriodo>63</CodigoPeriodo><ConstanteMultiplicadora>1</ConstanteMultiplicadora><NumeroRuedasEnteras>9</NumeroRuedasEnteras><NumeroRuedasDecimales>0</NumeroRuedasDecimales><ConsumoCalculado>33.6</ConsumoCalculado><LecturaDesde><Fecha>2018-01-11</Fecha><Procedencia>20</Procedencia><Lectura>11118</Lectura></LecturaDesde><LecturaHasta><Fecha>2018-01-16</Fecha><Procedencia>30</Procedencia><Lectura>11151.6</Lectura></LecturaHasta></Integrador><Integrador><Magnitud>AE</Magnitud><CodigoPeriodo>62</CodigoPeriodo><ConstanteMultiplicadora>1</ConstanteMultiplicadora><NumeroRuedasEnteras>9</NumeroRuedasEnteras><NumeroRuedasDecimales>0</NumeroRuedasDecimales><ConsumoCalculado>336.9</ConsumoCalculado><LecturaDesde><Fecha>2018-01-11</Fecha><Procedencia>20</Procedencia><Lectura>289170</Lectura></LecturaDesde><LecturaHasta><Fecha>2018-01-16</Fecha><Procedencia>30</Procedencia><Lectura>289506.9</Lectura></LecturaHasta></Integrador><Integrador><Magnitud>AE</Magnitud><CodigoPeriodo>61</CodigoPeriodo><ConstanteMultiplicadora>1</ConstanteMultiplicadora><NumeroRuedasEnteras>9</NumeroRuedasEnteras><NumeroRuedasDecimales>0</NumeroRuedasDecimales><ConsumoCalculado>92.85</ConsumoCalculado><LecturaDesde><Fecha>2018-01-11</Fecha><Procedencia>20</Procedencia><Lectura>125245</Lectura></LecturaDesde><LecturaHasta><Fecha>2018-01-16</Fecha><Procedencia>30</Procedencia><Lectura>125337.85</Lectura></LecturaHasta></Integrador></ModeloAparato></Medidas></MensajeSaldoLecturasFacturacion>