<?xml version="1.0" encoding="ISO-8859-1"?><MensajeSaldoLecturasFacturacion xmlns="http://localhost/elegibilidad"><Cabecera><CodigoREEEmpresaEmisora>0021</CodigoREEEmpresaEmisora><CodigoREEEmpresaDestino>0815</CodigoREEEmpresaDestino><CodigoDelProceso>Q1</CodigoDelProceso><CodigoDePaso>01</CodigoDePaso><CodigoDeSolicitud>201802166662</CodigoDeSolicitud><SecuencialDeSolicitud>25</SecuencialDeSolicitud><FechaSolicitud>2018-02-16T00:00:00</FechaSolicitud><CUPS>ES0021000008040774TV0P</CUPS></Cabecera><Medidas><CodPM>ES0021000008040774TV0P</CodPM><ModeloAparato><TipoAparato>CG</TipoAparato><MarcaAparato>069</MarcaAparato><NumeroSerie>0095929395</NumeroSerie><TipoDHEdM>6</TipoDHEdM><Integrador><Magnitud>PM</Magnitud><CodigoPeriodo>66</CodigoPeriodo><ConstanteMultiplicadora>1</ConstanteMultiplicadora><NumeroRuedasEnteras>6</NumeroRuedasEnteras><NumeroRuedasDecimales>2</NumeroRuedasDecimales><ConsumoCalculado>13000</ConsumoCalculado><LecturaDesde><Fecha>2018-01-11</Fecha><Procedencia>20</Procedencia><Lectura>0</Lectura></LecturaDesde><LecturaHasta><Fecha>2018-02-08</Fecha><Procedencia>20</Procedencia><Lectura>13000</Lectura></LecturaHasta></Integrador><Integrador><Magnitud>PM</Magnitud><CodigoPeriodo>65</CodigoPeriodo><ConstanteMultiplicadora>1</ConstanteMultiplicadora><NumeroRuedasEnteras>6</NumeroRuedasEnteras><NumeroRuedasDecimales>2</NumeroRuedasDecimales><ConsumoCalculado>16000</ConsumoCalculado><LecturaDesde><Fecha>2018-01-11</Fecha><Procedencia>20</Procedencia><Lectura>0</Lectura></LecturaDesde><LecturaHasta><Fecha>2018-02-08</Fecha><Procedencia>20</Procedencia><Lectura>16000</Lectura></LecturaHasta></Integrador><Integrador><Magnitud>PM</Magnitud><CodigoPeriodo>64</CodigoPeriodo><ConstanteMultiplicadora>1</ConstanteMultiplicadora><NumeroRuedasEnteras>6</NumeroRuedasEnteras><NumeroRuedasDecimales>2</NumeroRuedasDecimales><ConsumoCalculado>12000</ConsumoCalculado><LecturaDesde><Fecha>2018-01-11</Fecha><Procedencia>20</Procedencia><Lectura>0</Lectura></LecturaDesde><LecturaHasta><Fecha>2018-02-08</Fecha><Procedencia>20</Procedencia><Lectura>12000</Lectura></LecturaHasta></Integrador><Integrador><Magnitud>PM</Magnitud><CodigoPeriodo>63</CodigoPeriodo><ConstanteMultiplicadora>1</ConstanteMultiplicadora><NumeroRuedasEnteras>6</NumeroRuedasEnteras><NumeroRuedasDecimales>2</NumeroRuedasDecimales><ConsumoCalculado>63000</ConsumoCalculado><LecturaDesde><Fecha>2018-01-11</Fecha><Procedencia>20</Procedencia><Lectura>0</Lectura></LecturaDesde><LecturaHasta><Fecha>2018-02-08</Fecha><Procedencia>20</Procedencia><Lectura>63000</Lectura></LecturaHasta></Integrador><Integrador><Magnitud>PM</Magnitud><CodigoPeriodo>62</CodigoPeriodo><ConstanteMultiplicadora>1</ConstanteMultiplicadora><NumeroRuedasEnteras>6</NumeroRuedasEnteras><NumeroRuedasDecimales>2</NumeroRuedasDecimales><ConsumoCalculado>81000</ConsumoCalculado><LecturaDesde><Fecha>2018-01-11</Fecha><Procedencia>20</Procedencia><Lectura>0</Lectura></LecturaDesde><LecturaHasta><Fecha>2018-02-08</Fecha><Procedencia>20</Procedencia><Lectura>81000</Lectura></LecturaHasta></Integrador><Integrador><Magnitud>PM</Magnitud><CodigoPeriodo>61</CodigoPeriodo><ConstanteMultiplicadora>1</ConstanteMultiplicadora><NumeroRuedasEnteras>6</NumeroRuedasEnteras><NumeroRuedasDecimales>2</NumeroRuedasDecimales><ConsumoCalculado>78000</ConsumoCalculado><LecturaDesde><Fecha>2018-01-11</Fecha><Procedencia>20</Procedencia><Lectura>0</Lectura></LecturaDesde><LecturaHasta><Fecha>2018-02-08</Fecha><Procedencia>20</Procedencia><Lectura>78000</Lectura></LecturaHasta></Integrador><Integrador><Magnitud>R1</Magnitud><CodigoPeriodo>66</CodigoPeriodo><ConstanteMultiplicadora>1</ConstanteMultiplicadora><NumeroRuedasEnteras>8</NumeroRuedasEnteras><NumeroRuedasDecimales>0</NumeroRuedasDecimales><ConsumoCalculado>76</ConsumoCalculado><LecturaDesde><Fecha>2018-01-11</Fecha><Procedencia>20</Procedencia><Lectura>79632</Lectura></LecturaDesde><LecturaHasta><Fecha>2018-02-08</Fecha><Procedencia>20</Procedencia><Lectura>79708</Lectura></LecturaHasta></Integrador><Integrador><Magnitud>R1</Magnitud><CodigoPeriodo>65</CodigoPeriodo><ConstanteMultiplicadora>1</ConstanteMultiplicadora><NumeroRuedasEnteras>8</NumeroRuedasEnteras><NumeroRuedasDecimales>0</NumeroRuedasDecimales><ConsumoCalculado>68</ConsumoCalculado><LecturaDesde><Fecha>2018-01-11</Fecha><Procedencia>20</Procedencia><Lectura>179335</Lectura></LecturaDesde><LecturaHasta><Fecha>2018-02-08</Fecha><Procedencia>20</Procedencia><Lectura>179403</Lectura></LecturaHasta></Integrador><Integrador><Magnitud>R1</Magnitud><CodigoPeriodo>64</CodigoPeriodo><ConstanteMultiplicadora>1</ConstanteMultiplicadora><NumeroRuedasEnteras>8</NumeroRuedasEnteras><NumeroRuedasDecimales>0</NumeroRuedasDecimales><ConsumoCalculado>50</ConsumoCalculado><LecturaDesde><Fecha>2018-01-11</Fecha><Procedencia>20</Procedencia><Lectura>62321</Lectura></LecturaDesde><LecturaHasta><Fecha>2018-02-08</Fecha><Procedencia>20</Procedencia><Lectura>62371</Lectura></LecturaHasta></Integrador><Integrador><Magnitud>R1</Magnitud><CodigoPeriodo>63</CodigoPeriodo><ConstanteMultiplicadora>1</ConstanteMultiplicadora><NumeroRuedasEnteras>8</NumeroRuedasEnteras><NumeroRuedasDecimales>0</NumeroRuedasDecimales><ConsumoCalculado>223</ConsumoCalculado><LecturaDesde><Fecha>2018-01-11</Fecha><Procedencia>20</Procedencia><Lectura>133079</Lectura></LecturaDesde><LecturaHasta><Fecha>2018-02-08</Fecha><Procedencia>20</Procedencia><Lectura>133302</Lectura></LecturaHasta></Integrador><Integrador><Magnitud>R1</Magnitud><CodigoPeriodo>62</CodigoPeriodo><ConstanteMultiplicadora>1</ConstanteMultiplicadora><NumeroRuedasEnteras>8</NumeroRuedasEnteras><NumeroRuedasDecimales>0</NumeroRuedasDecimales><ConsumoCalculado>99</ConsumoCalculado><LecturaDesde><Fecha>2018-01-11</Fecha><Procedencia>20</Procedencia><Lectura>374777</Lectura></LecturaDesde><LecturaHasta><Fecha>2018-02-08</Fecha><Procedencia>20</Procedencia><Lectura>374876</Lectura></LecturaHasta></Integrador><Integrador><Magnitud>R1</Magnitud><CodigoPeriodo>61</CodigoPeriodo><ConstanteMultiplicadora>1</ConstanteMultiplicadora><NumeroRuedasEnteras>8</NumeroRuedasEnteras><NumeroRuedasDecimales>0</NumeroRuedasDecimales><ConsumoCalculado>97</ConsumoCalculado><LecturaDesde><Fecha>2018-01-11</Fecha><Procedencia>20</Procedencia><Lectura>128305</Lectura></LecturaDesde><LecturaHasta><Fecha>2018-02-08</Fecha><Procedencia>20</Procedencia><Lectura>128402</Lectura></LecturaHasta></Integrador><Integrador><Magnitud>AE</Magnitud><CodigoPeriodo>66</CodigoPeriodo><ConstanteMultiplicadora>1</ConstanteMultiplicadora><NumeroRuedasEnteras>8</NumeroRuedasEnteras><NumeroRuedasDecimales>0</NumeroRuedasDecimales><ConsumoCalculado>435</ConsumoCalculado><LecturaDesde><Fecha>2018-01-11</Fecha><Procedencia>20</Procedencia><Lectura>235104</Lectura></LecturaDesde><LecturaHasta><Fecha>2018-02-08</Fecha><Procedencia>20</Procedencia><Lectura>235539</Lectura></LecturaHasta></Integrador><Integrador><Magnitud>AE</Magnitud><CodigoPeriodo>65</CodigoPeriodo><ConstanteMultiplicadora>1</ConstanteMultiplicadora><NumeroRuedasEnteras>8</NumeroRuedasEnteras><NumeroRuedasDecimales>0</NumeroRuedasDecimales><ConsumoCalculado>824</ConsumoCalculado><LecturaDesde><Fecha>2018-01-11</Fecha><Procedencia>20</Procedencia><Lectura>516553</Lectura></LecturaDesde><LecturaHasta><Fecha>2018-02-08</Fecha><Procedencia>20</Procedencia><Lectura>517377</Lectura></LecturaHasta></Integrador><Integrador><Magnitud>AE</Magnitud><CodigoPeriodo>64</CodigoPeriodo><ConstanteMultiplicadora>1</ConstanteMultiplicadora><NumeroRuedasEnteras>8</NumeroRuedasEnteras><NumeroRuedasDecimales>0</NumeroRuedasDecimales><ConsumoCalculado>260</ConsumoCalculado><LecturaDesde><Fecha>2018-01-11</Fecha><Procedencia>20</Procedencia><Lectura>181338</Lectura></LecturaDesde><LecturaHasta><Fecha>2018-02-08</Fecha><Procedencia>20</Procedencia><Lectura>181598</Lectura></LecturaHasta></Integrador><Integrador><Magnitud>AE</Magnitud><CodigoPeriodo>63</CodigoPeriodo><ConstanteMultiplicadora>1</ConstanteMultiplicadora><NumeroRuedasEnteras>8</NumeroRuedasEnteras><NumeroRuedasDecimales>0</NumeroRuedasDecimales><ConsumoCalculado>1077</ConsumoCalculado><LecturaDesde><Fecha>2018-01-11</Fecha><Procedencia>20</Procedencia><Lectura>411645</Lectura></LecturaDesde><LecturaHasta><Fecha>2018-02-08</Fecha><Procedencia>20</Procedencia><Lectura>412722</Lectura></LecturaHasta></Integrador><Integrador><Magnitud>AE</Magnitud><CodigoPeriodo>62</CodigoPeriodo><ConstanteMultiplicadora>1</ConstanteMultiplicadora><NumeroRuedasEnteras>8</NumeroRuedasEnteras><NumeroRuedasDecimales>0</NumeroRuedasDecimales><ConsumoCalculado>2492</ConsumoCalculado><LecturaDesde><Fecha>2018-01-11</Fecha><Procedencia>20</Procedencia><Lectura>1093132</Lectura></LecturaDesde><LecturaHasta><Fecha>2018-02-08</Fecha><Procedencia>20</Procedencia><Lectura>1095624</Lectura></LecturaHasta></Integrador><Integrador><Magnitud>AE</Magnitud><CodigoPeriodo>61</CodigoPeriodo><ConstanteMultiplicadora>1</ConstanteMultiplicadora><NumeroRuedasEnteras>8</NumeroRuedasEnteras><NumeroRuedasDecimales>0</NumeroRuedasDecimales><ConsumoCalculado>688</ConsumoCalculado><LecturaDesde><Fecha>2018-01-11</Fecha><Procedencia>20</Procedencia><Lectura>377837</Lectura></LecturaDesde><LecturaHasta><Fecha>2018-02-08</Fecha><Procedencia>20</Procedencia><Lectura>378525</Lectura></LecturaHasta></Integrador></ModeloAparato></Medidas></MensajeSaldoLecturasFacturacion>