<?xml version="1.0" encoding="ISO-8859-1"?><MensajeSaldoLecturasFacturacion xmlns="http://localhost/elegibilidad"><Cabecera><CodigoREEEmpresaEmisora>0021</CodigoREEEmpresaEmisora><CodigoREEEmpresaDestino>0815</CodigoREEEmpresaDestino><CodigoDelProceso>Q1</CodigoDelProceso><CodigoDePaso>01</CodigoDePaso><CodigoDeSolicitud>201802166700</CodigoDeSolicitud><SecuencialDeSolicitud>25</SecuencialDeSolicitud><FechaSolicitud>2018-02-16T00:00:00</FechaSolicitud><CUPS>ES0021000012846937DP0P</CUPS></Cabecera><Medidas><CodPM>ES0021000012846937DP0P</CodPM><ModeloAparato><TipoAparato>TG</TipoAparato><MarcaAparato>132</MarcaAparato><NumeroSerie>0047514683</NumeroSerie><TipoDHEdM>6</TipoDHEdM><Integrador><Magnitud>PM</Magnitud><CodigoPeriodo>66</CodigoPeriodo><ConstanteMultiplicadora>1</ConstanteMultiplicadora><NumeroRuedasEnteras>6</NumeroRuedasEnteras><NumeroRuedasDecimales>0</NumeroRuedasDecimales><ConsumoCalculado>810</ConsumoCalculado><LecturaDesde><Fecha>2018-01-11</Fecha><Procedencia>10</Procedencia><Lectura>0</Lectura></LecturaDesde><LecturaHasta><Fecha>2018-02-11</Fecha><Procedencia>10</Procedencia><Lectura>810</Lectura></LecturaHasta></Integrador><Integrador><Magnitud>PM</Magnitud><CodigoPeriodo>65</CodigoPeriodo><ConstanteMultiplicadora>1</ConstanteMultiplicadora><NumeroRuedasEnteras>6</NumeroRuedasEnteras><NumeroRuedasDecimales>0</NumeroRuedasDecimales><ConsumoCalculado>5200</ConsumoCalculado><LecturaDesde><Fecha>2018-01-11</Fecha><Procedencia>10</Procedencia><Lectura>0</Lectura></LecturaDesde><LecturaHasta><Fecha>2018-02-11</Fecha><Procedencia>10</Procedencia><Lectura>5200</Lectura></LecturaHasta></Integrador><Integrador><Magnitud>PM</Magnitud><CodigoPeriodo>64</CodigoPeriodo><ConstanteMultiplicadora>1</ConstanteMultiplicadora><NumeroRuedasEnteras>6</NumeroRuedasEnteras><NumeroRuedasDecimales>0</NumeroRuedasDecimales><ConsumoCalculado>820</ConsumoCalculado><LecturaDesde><Fecha>2018-01-11</Fecha><Procedencia>10</Procedencia><Lectura>0</Lectura></LecturaDesde><LecturaHasta><Fecha>2018-02-11</Fecha><Procedencia>10</Procedencia><Lectura>820</Lectura></LecturaHasta></Integrador><Integrador><Magnitud>PM</Magnitud><CodigoPeriodo>63</CodigoPeriodo><ConstanteMultiplicadora>1</ConstanteMultiplicadora><NumeroRuedasEnteras>6</NumeroRuedasEnteras><NumeroRuedasDecimales>0</NumeroRuedasDecimales><ConsumoCalculado>16660</ConsumoCalculado><LecturaDesde><Fecha>2018-01-11</Fecha><Procedencia>10</Procedencia><Lectura>0</Lectura></LecturaDesde><LecturaHasta><Fecha>2018-02-11</Fecha><Procedencia>10</Procedencia><Lectura>16660</Lectura></LecturaHasta></Integrador><Integrador><Magnitud>PM</Magnitud><CodigoPeriodo>62</CodigoPeriodo><ConstanteMultiplicadora>1</ConstanteMultiplicadora><NumeroRuedasEnteras>6</NumeroRuedasEnteras><NumeroRuedasDecimales>0</NumeroRuedasDecimales><ConsumoCalculado>15960</ConsumoCalculado><LecturaDesde><Fecha>2018-01-11</Fecha><Procedencia>10</Procedencia><Lectura>0</Lectura></LecturaDesde><LecturaHasta><Fecha>2018-02-11</Fecha><Procedencia>10</Procedencia><Lectura>15960</Lectura></LecturaHasta></Integrador><Integrador><Magnitud>PM</Magnitud><CodigoPeriodo>61</CodigoPeriodo><ConstanteMultiplicadora>1</ConstanteMultiplicadora><NumeroRuedasEnteras>6</NumeroRuedasEnteras><NumeroRuedasDecimales>0</NumeroRuedasDecimales><ConsumoCalculado>6600</ConsumoCalculado><LecturaDesde><Fecha>2018-01-11</Fecha><Procedencia>10</Procedencia><Lectura>0</Lectura></LecturaDesde><LecturaHasta><Fecha>2018-02-11</Fecha><Procedencia>10</Procedencia><Lectura>6600</Lectura></LecturaHasta></Integrador><Integrador><Magnitud>R1</Magnitud><CodigoPeriodo>66</CodigoPeriodo><ConstanteMultiplicadora>1</ConstanteMultiplicadora><NumeroRuedasEnteras>6</NumeroRuedasEnteras><NumeroRuedasDecimales>0</NumeroRuedasDecimales><ConsumoCalculado>1</ConsumoCalculado><LecturaDesde><Fecha>2018-01-11</Fecha><Procedencia>10</Procedencia><Lectura>11</Lectura></LecturaDesde><LecturaHasta><Fecha>2018-02-11</Fecha><Procedencia>10</Procedencia><Lectura>12</Lectura></LecturaHasta></Integrador><Integrador><Magnitud>R1</Magnitud><CodigoPeriodo>65</CodigoPeriodo><ConstanteMultiplicadora>1</ConstanteMultiplicadora><NumeroRuedasEnteras>6</NumeroRuedasEnteras><NumeroRuedasDecimales>0</NumeroRuedasDecimales><ConsumoCalculado>8</ConsumoCalculado><LecturaDesde><Fecha>2018-01-11</Fecha><Procedencia>10</Procedencia><Lectura>28</Lectura></LecturaDesde><LecturaHasta><Fecha>2018-02-11</Fecha><Procedencia>10</Procedencia><Lectura>36</Lectura></LecturaHasta></Integrador><Integrador><Magnitud>R1</Magnitud><CodigoPeriodo>64</CodigoPeriodo><ConstanteMultiplicadora>1</ConstanteMultiplicadora><NumeroRuedasEnteras>6</NumeroRuedasEnteras><NumeroRuedasDecimales>0</NumeroRuedasDecimales><ConsumoCalculado>2</ConsumoCalculado><LecturaDesde><Fecha>2018-01-11</Fecha><Procedencia>10</Procedencia><Lectura>9</Lectura></LecturaDesde><LecturaHasta><Fecha>2018-02-11</Fecha><Procedencia>10</Procedencia><Lectura>11</Lectura></LecturaHasta></Integrador><Integrador><Magnitud>R1</Magnitud><CodigoPeriodo>63</CodigoPeriodo><ConstanteMultiplicadora>1</ConstanteMultiplicadora><NumeroRuedasEnteras>6</NumeroRuedasEnteras><NumeroRuedasDecimales>0</NumeroRuedasDecimales><ConsumoCalculado>106</ConsumoCalculado><LecturaDesde><Fecha>2018-01-11</Fecha><Procedencia>10</Procedencia><Lectura>629</Lectura></LecturaDesde><LecturaHasta><Fecha>2018-02-11</Fecha><Procedencia>10</Procedencia><Lectura>735</Lectura></LecturaHasta></Integrador><Integrador><Magnitud>R1</Magnitud><CodigoPeriodo>62</CodigoPeriodo><ConstanteMultiplicadora>1</ConstanteMultiplicadora><NumeroRuedasEnteras>6</NumeroRuedasEnteras><NumeroRuedasDecimales>0</NumeroRuedasDecimales><ConsumoCalculado>589</ConsumoCalculado><LecturaDesde><Fecha>2018-01-11</Fecha><Procedencia>10</Procedencia><Lectura>2699</Lectura></LecturaDesde><LecturaHasta><Fecha>2018-02-11</Fecha><Procedencia>10</Procedencia><Lectura>3288</Lectura></LecturaHasta></Integrador><Integrador><Magnitud>R1</Magnitud><CodigoPeriodo>61</CodigoPeriodo><ConstanteMultiplicadora>1</ConstanteMultiplicadora><NumeroRuedasEnteras>6</NumeroRuedasEnteras><NumeroRuedasDecimales>0</NumeroRuedasDecimales><ConsumoCalculado>6</ConsumoCalculado><LecturaDesde><Fecha>2018-01-11</Fecha><Procedencia>10</Procedencia><Lectura>956</Lectura></LecturaDesde><LecturaHasta><Fecha>2018-02-11</Fecha><Procedencia>10</Procedencia><Lectura>962</Lectura></LecturaHasta></Integrador><Integrador><Magnitud>AE</Magnitud><CodigoPeriodo>66</CodigoPeriodo><ConstanteMultiplicadora>1</ConstanteMultiplicadora><NumeroRuedasEnteras>6</NumeroRuedasEnteras><NumeroRuedasDecimales>0</NumeroRuedasDecimales><ConsumoCalculado>23</ConsumoCalculado><LecturaDesde><Fecha>2018-01-11</Fecha><Procedencia>10</Procedencia><Lectura>149</Lectura></LecturaDesde><LecturaHasta><Fecha>2018-02-11</Fecha><Procedencia>10</Procedencia><Lectura>172</Lectura></LecturaHasta></Integrador><Integrador><Magnitud>AE</Magnitud><CodigoPeriodo>65</CodigoPeriodo><ConstanteMultiplicadora>1</ConstanteMultiplicadora><NumeroRuedasEnteras>6</NumeroRuedasEnteras><NumeroRuedasDecimales>0</NumeroRuedasDecimales><ConsumoCalculado>46</ConsumoCalculado><LecturaDesde><Fecha>2018-01-11</Fecha><Procedencia>10</Procedencia><Lectura>228</Lectura></LecturaDesde><LecturaHasta><Fecha>2018-02-11</Fecha><Procedencia>10</Procedencia><Lectura>274</Lectura></LecturaHasta></Integrador><Integrador><Magnitud>AE</Magnitud><CodigoPeriodo>64</CodigoPeriodo><ConstanteMultiplicadora>1</ConstanteMultiplicadora><NumeroRuedasEnteras>6</NumeroRuedasEnteras><NumeroRuedasDecimales>0</NumeroRuedasDecimales><ConsumoCalculado>12</ConsumoCalculado><LecturaDesde><Fecha>2018-01-11</Fecha><Procedencia>10</Procedencia><Lectura>76</Lectura></LecturaDesde><LecturaHasta><Fecha>2018-02-11</Fecha><Procedencia>10</Procedencia><Lectura>88</Lectura></LecturaHasta></Integrador><Integrador><Magnitud>AE</Magnitud><CodigoPeriodo>63</CodigoPeriodo><ConstanteMultiplicadora>1</ConstanteMultiplicadora><NumeroRuedasEnteras>6</NumeroRuedasEnteras><NumeroRuedasDecimales>0</NumeroRuedasDecimales><ConsumoCalculado>277</ConsumoCalculado><LecturaDesde><Fecha>2018-01-11</Fecha><Procedencia>10</Procedencia><Lectura>1392</Lectura></LecturaDesde><LecturaHasta><Fecha>2018-02-11</Fecha><Procedencia>10</Procedencia><Lectura>1669</Lectura></LecturaHasta></Integrador><Integrador><Magnitud>AE</Magnitud><CodigoPeriodo>62</CodigoPeriodo><ConstanteMultiplicadora>1</ConstanteMultiplicadora><NumeroRuedasEnteras>6</NumeroRuedasEnteras><NumeroRuedasDecimales>0</NumeroRuedasDecimales><ConsumoCalculado>1060</ConsumoCalculado><LecturaDesde><Fecha>2018-01-11</Fecha><Procedencia>10</Procedencia><Lectura>4469</Lectura></LecturaDesde><LecturaHasta><Fecha>2018-02-11</Fecha><Procedencia>10</Procedencia><Lectura>5529</Lectura></LecturaHasta></Integrador><Integrador><Magnitud>AE</Magnitud><CodigoPeriodo>61</CodigoPeriodo><ConstanteMultiplicadora>1</ConstanteMultiplicadora><NumeroRuedasEnteras>6</NumeroRuedasEnteras><NumeroRuedasDecimales>0</NumeroRuedasDecimales><ConsumoCalculado>39</ConsumoCalculado><LecturaDesde><Fecha>2018-01-11</Fecha><Procedencia>10</Procedencia><Lectura>1489</Lectura></LecturaDesde><LecturaHasta><Fecha>2018-02-11</Fecha><Procedencia>10</Procedencia><Lectura>1528</Lectura></LecturaHasta></Integrador></ModeloAparato></Medidas></MensajeSaldoLecturasFacturacion>