<?xml version="1.0" encoding="ISO-8859-1"?><MensajeSaldoLecturasFacturacion xmlns="http://localhost/elegibilidad"><Cabecera><CodigoREEEmpresaEmisora>0021</CodigoREEEmpresaEmisora><CodigoREEEmpresaDestino>0980</CodigoREEEmpresaDestino><CodigoDelProceso>Q1</CodigoDelProceso><CodigoDePaso>01</CodigoDePaso><CodigoDeSolicitud>201802166372</CodigoDeSolicitud><SecuencialDeSolicitud>29</SecuencialDeSolicitud><FechaSolicitud>2018-02-16T00:00:00</FechaSolicitud><CUPS>ES0021000018908214DA0P</CUPS></Cabecera><Medidas><CodPM>ES0021000018908214DA0P</CodPM><ModeloAparato><TipoAparato>TG</TipoAparato><MarcaAparato>101</MarcaAparato><NumeroSerie>0135828504</NumeroSerie><TipoDHEdM>2</TipoDHEdM><Integrador><Magnitud>AE</Magnitud><CodigoPeriodo>22</CodigoPeriodo><ConstanteMultiplicadora>1</ConstanteMultiplicadora><NumeroRuedasEnteras>6</NumeroRuedasEnteras><NumeroRuedasDecimales>0</NumeroRuedasDecimales><ConsumoCalculado>123</ConsumoCalculado><LecturaDesde><Fecha>2018-01-12</Fecha><Procedencia>10</Procedencia><Lectura>3591</Lectura></LecturaDesde><LecturaHasta><Fecha>2018-02-10</Fecha><Procedencia>10</Procedencia><Lectura>3714</Lectura></LecturaHasta></Integrador><Integrador><Magnitud>AE</Magnitud><CodigoPeriodo>21</CodigoPeriodo><ConstanteMultiplicadora>1</ConstanteMultiplicadora><NumeroRuedasEnteras>6</NumeroRuedasEnteras><NumeroRuedasDecimales>0</NumeroRuedasDecimales><ConsumoCalculado>110</ConsumoCalculado><LecturaDesde><Fecha>2018-01-12</Fecha><Procedencia>10</Procedencia><Lectura>3194</Lectura></LecturaDesde><LecturaHasta><Fecha>2018-02-10</Fecha><Procedencia>10</Procedencia><Lectura>3304</Lectura></LecturaHasta></Integrador></ModeloAparato></Medidas></MensajeSaldoLecturasFacturacion>