<?xml version="1.0" encoding="ISO-8859-1"?><MensajeSaldoLecturasFacturacion xmlns="http://localhost/elegibilidad"><Cabecera><CodigoREEEmpresaEmisora>0021</CodigoREEEmpresaEmisora><CodigoREEEmpresaDestino>0980</CodigoREEEmpresaDestino><CodigoDelProceso>Q1</CodigoDelProceso><CodigoDePaso>01</CodigoDePaso><CodigoDeSolicitud>201802166332</CodigoDeSolicitud><SecuencialDeSolicitud>29</SecuencialDeSolicitud><FechaSolicitud>2018-02-16T00:00:00</FechaSolicitud><CUPS>ES0021000008395202TS0P</CUPS></Cabecera><Medidas><CodPM>ES0021000008395202TS0P</CodPM><ModeloAparato><TipoAparato>TG</TipoAparato><MarcaAparato>017</MarcaAparato><NumeroSerie>0001680262</NumeroSerie><TipoDHEdM>1</TipoDHEdM><Integrador><Magnitud>AE</Magnitud><CodigoPeriodo>10</CodigoPeriodo><ConstanteMultiplicadora>1</ConstanteMultiplicadora><NumeroRuedasEnteras>6</NumeroRuedasEnteras><NumeroRuedasDecimales>0</NumeroRuedasDecimales><ConsumoCalculado>402</ConsumoCalculado><LecturaDesde><Fecha>2018-01-01</Fecha><Procedencia>10</Procedencia><Lectura>3946</Lectura></LecturaDesde><LecturaHasta><Fecha>2018-02-05</Fecha><Procedencia>10</Procedencia><Lectura>4348</Lectura></LecturaHasta></Integrador></ModeloAparato></Medidas></MensajeSaldoLecturasFacturacion>