<?xml version="1.0" encoding="ISO-8859-1"?><MensajeSaldoLecturasFacturacion xmlns="http://localhost/elegibilidad"><Cabecera><CodigoREEEmpresaEmisora>0021</CodigoREEEmpresaEmisora><CodigoREEEmpresaDestino>0815</CodigoREEEmpresaDestino><CodigoDelProceso>Q1</CodigoDelProceso><CodigoDePaso>01</CodigoDePaso><CodigoDeSolicitud>201802166668</CodigoDeSolicitud><SecuencialDeSolicitud>25</SecuencialDeSolicitud><FechaSolicitud>2018-02-16T00:00:00</FechaSolicitud><CUPS>ES0021000006731465EY0P</CUPS></Cabecera><Medidas><CodPM>ES0021000006731465EY0P</CodPM><ModeloAparato><TipoAparato>TG</TipoAparato><MarcaAparato>132</MarcaAparato><NumeroSerie>0047518467</NumeroSerie><TipoDHEdM>6</TipoDHEdM><Integrador><Magnitud>PM</Magnitud><CodigoPeriodo>66</CodigoPeriodo><ConstanteMultiplicadora>1</ConstanteMultiplicadora><NumeroRuedasEnteras>6</NumeroRuedasEnteras><NumeroRuedasDecimales>0</NumeroRuedasDecimales><ConsumoCalculado>10590</ConsumoCalculado><LecturaDesde><Fecha>2018-01-15</Fecha><Procedencia>10</Procedencia><Lectura>0</Lectura></LecturaDesde><LecturaHasta><Fecha>2018-02-13</Fecha><Procedencia>10</Procedencia><Lectura>10590</Lectura></LecturaHasta></Integrador><Integrador><Magnitud>PM</Magnitud><CodigoPeriodo>65</CodigoPeriodo><ConstanteMultiplicadora>1</ConstanteMultiplicadora><NumeroRuedasEnteras>6</NumeroRuedasEnteras><NumeroRuedasDecimales>0</NumeroRuedasDecimales><ConsumoCalculado>17310</ConsumoCalculado><LecturaDesde><Fecha>2018-01-15</Fecha><Procedencia>10</Procedencia><Lectura>0</Lectura></LecturaDesde><LecturaHasta><Fecha>2018-02-13</Fecha><Procedencia>10</Procedencia><Lectura>17310</Lectura></LecturaHasta></Integrador><Integrador><Magnitud>PM</Magnitud><CodigoPeriodo>64</CodigoPeriodo><ConstanteMultiplicadora>1</ConstanteMultiplicadora><NumeroRuedasEnteras>6</NumeroRuedasEnteras><NumeroRuedasDecimales>0</NumeroRuedasDecimales><ConsumoCalculado>16500</ConsumoCalculado><LecturaDesde><Fecha>2018-01-15</Fecha><Procedencia>10</Procedencia><Lectura>0</Lectura></LecturaDesde><LecturaHasta><Fecha>2018-02-13</Fecha><Procedencia>10</Procedencia><Lectura>16500</Lectura></LecturaHasta></Integrador><Integrador><Magnitud>PM</Magnitud><CodigoPeriodo>63</CodigoPeriodo><ConstanteMultiplicadora>1</ConstanteMultiplicadora><NumeroRuedasEnteras>6</NumeroRuedasEnteras><NumeroRuedasDecimales>0</NumeroRuedasDecimales><ConsumoCalculado>14830</ConsumoCalculado><LecturaDesde><Fecha>2018-01-15</Fecha><Procedencia>10</Procedencia><Lectura>0</Lectura></LecturaDesde><LecturaHasta><Fecha>2018-02-13</Fecha><Procedencia>10</Procedencia><Lectura>14830</Lectura></LecturaHasta></Integrador><Integrador><Magnitud>PM</Magnitud><CodigoPeriodo>62</CodigoPeriodo><ConstanteMultiplicadora>1</ConstanteMultiplicadora><NumeroRuedasEnteras>6</NumeroRuedasEnteras><NumeroRuedasDecimales>0</NumeroRuedasDecimales><ConsumoCalculado>21380</ConsumoCalculado><LecturaDesde><Fecha>2018-01-15</Fecha><Procedencia>10</Procedencia><Lectura>0</Lectura></LecturaDesde><LecturaHasta><Fecha>2018-02-13</Fecha><Procedencia>10</Procedencia><Lectura>21380</Lectura></LecturaHasta></Integrador><Integrador><Magnitud>PM</Magnitud><CodigoPeriodo>61</CodigoPeriodo><ConstanteMultiplicadora>1</ConstanteMultiplicadora><NumeroRuedasEnteras>6</NumeroRuedasEnteras><NumeroRuedasDecimales>0</NumeroRuedasDecimales><ConsumoCalculado>18140</ConsumoCalculado><LecturaDesde><Fecha>2018-01-15</Fecha><Procedencia>10</Procedencia><Lectura>0</Lectura></LecturaDesde><LecturaHasta><Fecha>2018-02-13</Fecha><Procedencia>10</Procedencia><Lectura>18140</Lectura></LecturaHasta></Integrador><Integrador><Magnitud>R1</Magnitud><CodigoPeriodo>66</CodigoPeriodo><ConstanteMultiplicadora>1</ConstanteMultiplicadora><NumeroRuedasEnteras>6</NumeroRuedasEnteras><NumeroRuedasDecimales>0</NumeroRuedasDecimales><ConsumoCalculado>100</ConsumoCalculado><LecturaDesde><Fecha>2018-01-15</Fecha><Procedencia>10</Procedencia><Lectura>285</Lectura></LecturaDesde><LecturaHasta><Fecha>2018-02-13</Fecha><Procedencia>10</Procedencia><Lectura>385</Lectura></LecturaHasta></Integrador><Integrador><Magnitud>R1</Magnitud><CodigoPeriodo>65</CodigoPeriodo><ConstanteMultiplicadora>1</ConstanteMultiplicadora><NumeroRuedasEnteras>6</NumeroRuedasEnteras><NumeroRuedasDecimales>0</NumeroRuedasDecimales><ConsumoCalculado>149</ConsumoCalculado><LecturaDesde><Fecha>2018-01-15</Fecha><Procedencia>10</Procedencia><Lectura>466</Lectura></LecturaDesde><LecturaHasta><Fecha>2018-02-13</Fecha><Procedencia>10</Procedencia><Lectura>615</Lectura></LecturaHasta></Integrador><Integrador><Magnitud>R1</Magnitud><CodigoPeriodo>64</CodigoPeriodo><ConstanteMultiplicadora>1</ConstanteMultiplicadora><NumeroRuedasEnteras>6</NumeroRuedasEnteras><NumeroRuedasDecimales>0</NumeroRuedasDecimales><ConsumoCalculado>50</ConsumoCalculado><LecturaDesde><Fecha>2018-01-15</Fecha><Procedencia>10</Procedencia><Lectura>155</Lectura></LecturaDesde><LecturaHasta><Fecha>2018-02-13</Fecha><Procedencia>10</Procedencia><Lectura>205</Lectura></LecturaHasta></Integrador><Integrador><Magnitud>R1</Magnitud><CodigoPeriodo>63</CodigoPeriodo><ConstanteMultiplicadora>1</ConstanteMultiplicadora><NumeroRuedasEnteras>6</NumeroRuedasEnteras><NumeroRuedasDecimales>0</NumeroRuedasDecimales><ConsumoCalculado>306</ConsumoCalculado><LecturaDesde><Fecha>2018-01-15</Fecha><Procedencia>10</Procedencia><Lectura>672</Lectura></LecturaDesde><LecturaHasta><Fecha>2018-02-13</Fecha><Procedencia>10</Procedencia><Lectura>978</Lectura></LecturaHasta></Integrador><Integrador><Magnitud>R1</Magnitud><CodigoPeriodo>62</CodigoPeriodo><ConstanteMultiplicadora>1</ConstanteMultiplicadora><NumeroRuedasEnteras>6</NumeroRuedasEnteras><NumeroRuedasDecimales>0</NumeroRuedasDecimales><ConsumoCalculado>447</ConsumoCalculado><LecturaDesde><Fecha>2018-01-15</Fecha><Procedencia>10</Procedencia><Lectura>1320</Lectura></LecturaDesde><LecturaHasta><Fecha>2018-02-13</Fecha><Procedencia>10</Procedencia><Lectura>1767</Lectura></LecturaHasta></Integrador><Integrador><Magnitud>R1</Magnitud><CodigoPeriodo>61</CodigoPeriodo><ConstanteMultiplicadora>1</ConstanteMultiplicadora><NumeroRuedasEnteras>6</NumeroRuedasEnteras><NumeroRuedasDecimales>0</NumeroRuedasDecimales><ConsumoCalculado>143</ConsumoCalculado><LecturaDesde><Fecha>2018-01-15</Fecha><Procedencia>10</Procedencia><Lectura>336</Lectura></LecturaDesde><LecturaHasta><Fecha>2018-02-13</Fecha><Procedencia>10</Procedencia><Lectura>479</Lectura></LecturaHasta></Integrador><Integrador><Magnitud>AE</Magnitud><CodigoPeriodo>66</CodigoPeriodo><ConstanteMultiplicadora>1</ConstanteMultiplicadora><NumeroRuedasEnteras>6</NumeroRuedasEnteras><NumeroRuedasDecimales>0</NumeroRuedasDecimales><ConsumoCalculado>555</ConsumoCalculado><LecturaDesde><Fecha>2018-01-15</Fecha><Procedencia>10</Procedencia><Lectura>1423</Lectura></LecturaDesde><LecturaHasta><Fecha>2018-02-13</Fecha><Procedencia>10</Procedencia><Lectura>1978</Lectura></LecturaHasta></Integrador><Integrador><Magnitud>AE</Magnitud><CodigoPeriodo>65</CodigoPeriodo><ConstanteMultiplicadora>1</ConstanteMultiplicadora><NumeroRuedasEnteras>6</NumeroRuedasEnteras><NumeroRuedasDecimales>0</NumeroRuedasDecimales><ConsumoCalculado>876</ConsumoCalculado><LecturaDesde><Fecha>2018-01-15</Fecha><Procedencia>10</Procedencia><Lectura>2408</Lectura></LecturaDesde><LecturaHasta><Fecha>2018-02-13</Fecha><Procedencia>10</Procedencia><Lectura>3284</Lectura></LecturaHasta></Integrador><Integrador><Magnitud>AE</Magnitud><CodigoPeriodo>64</CodigoPeriodo><ConstanteMultiplicadora>1</ConstanteMultiplicadora><NumeroRuedasEnteras>6</NumeroRuedasEnteras><NumeroRuedasDecimales>0</NumeroRuedasDecimales><ConsumoCalculado>279</ConsumoCalculado><LecturaDesde><Fecha>2018-01-15</Fecha><Procedencia>10</Procedencia><Lectura>801</Lectura></LecturaDesde><LecturaHasta><Fecha>2018-02-13</Fecha><Procedencia>10</Procedencia><Lectura>1080</Lectura></LecturaHasta></Integrador><Integrador><Magnitud>AE</Magnitud><CodigoPeriodo>63</CodigoPeriodo><ConstanteMultiplicadora>1</ConstanteMultiplicadora><NumeroRuedasEnteras>6</NumeroRuedasEnteras><NumeroRuedasDecimales>0</NumeroRuedasDecimales><ConsumoCalculado>1396</ConsumoCalculado><LecturaDesde><Fecha>2018-01-15</Fecha><Procedencia>10</Procedencia><Lectura>3356</Lectura></LecturaDesde><LecturaHasta><Fecha>2018-02-13</Fecha><Procedencia>10</Procedencia><Lectura>4752</Lectura></LecturaHasta></Integrador><Integrador><Magnitud>AE</Magnitud><CodigoPeriodo>62</CodigoPeriodo><ConstanteMultiplicadora>1</ConstanteMultiplicadora><NumeroRuedasEnteras>6</NumeroRuedasEnteras><NumeroRuedasDecimales>0</NumeroRuedasDecimales><ConsumoCalculado>3084</ConsumoCalculado><LecturaDesde><Fecha>2018-01-15</Fecha><Procedencia>10</Procedencia><Lectura>7507</Lectura></LecturaDesde><LecturaHasta><Fecha>2018-02-13</Fecha><Procedencia>10</Procedencia><Lectura>10591</Lectura></LecturaHasta></Integrador><Integrador><Magnitud>AE</Magnitud><CodigoPeriodo>61</CodigoPeriodo><ConstanteMultiplicadora>1</ConstanteMultiplicadora><NumeroRuedasEnteras>6</NumeroRuedasEnteras><NumeroRuedasDecimales>0</NumeroRuedasDecimales><ConsumoCalculado>863</ConsumoCalculado><LecturaDesde><Fecha>2018-01-15</Fecha><Procedencia>10</Procedencia><Lectura>2003</Lectura></LecturaDesde><LecturaHasta><Fecha>2018-02-13</Fecha><Procedencia>10</Procedencia><Lectura>2866</Lectura></LecturaHasta></Integrador></ModeloAparato></Medidas></MensajeSaldoLecturasFacturacion>