<?xml version="1.0" encoding="ISO-8859-1"?><MensajeSaldoLecturasFacturacion xmlns="http://localhost/elegibilidad"><Cabecera><CodigoREEEmpresaEmisora>0021</CodigoREEEmpresaEmisora><CodigoREEEmpresaDestino>0815</CodigoREEEmpresaDestino><CodigoDelProceso>Q1</CodigoDelProceso><CodigoDePaso>01</CodigoDePaso><CodigoDeSolicitud>201802166666</CodigoDeSolicitud><SecuencialDeSolicitud>25</SecuencialDeSolicitud><FechaSolicitud>2018-02-16T00:00:00</FechaSolicitud><CUPS>ES0021000004667039XZ0P</CUPS></Cabecera><Medidas><CodPM>ES0021000004667039XZ0P</CodPM><ModeloAparato><TipoAparato>CG</TipoAparato><MarcaAparato>003</MarcaAparato><NumeroSerie>0048305132</NumeroSerie><TipoDHEdM>6</TipoDHEdM><Integrador><Magnitud>PM</Magnitud><CodigoPeriodo>66</CodigoPeriodo><ConstanteMultiplicadora>1</ConstanteMultiplicadora><NumeroRuedasEnteras>7</NumeroRuedasEnteras><NumeroRuedasDecimales>2</NumeroRuedasDecimales><ConsumoCalculado>3000</ConsumoCalculado><LecturaDesde><Fecha>2018-01-15</Fecha><Procedencia>20</Procedencia><Lectura>0</Lectura></LecturaDesde><LecturaHasta><Fecha>2018-02-16</Fecha><Procedencia>20</Procedencia><Lectura>3000</Lectura></LecturaHasta></Integrador><Integrador><Magnitud>PM</Magnitud><CodigoPeriodo>65</CodigoPeriodo><ConstanteMultiplicadora>1</ConstanteMultiplicadora><NumeroRuedasEnteras>7</NumeroRuedasEnteras><NumeroRuedasDecimales>2</NumeroRuedasDecimales><ConsumoCalculado>45000</ConsumoCalculado><LecturaDesde><Fecha>2018-01-15</Fecha><Procedencia>20</Procedencia><Lectura>0</Lectura></LecturaDesde><LecturaHasta><Fecha>2018-02-16</Fecha><Procedencia>20</Procedencia><Lectura>45000</Lectura></LecturaHasta></Integrador><Integrador><Magnitud>PM</Magnitud><CodigoPeriodo>64</CodigoPeriodo><ConstanteMultiplicadora>1</ConstanteMultiplicadora><NumeroRuedasEnteras>7</NumeroRuedasEnteras><NumeroRuedasDecimales>2</NumeroRuedasDecimales><ConsumoCalculado>27000</ConsumoCalculado><LecturaDesde><Fecha>2018-01-15</Fecha><Procedencia>20</Procedencia><Lectura>0</Lectura></LecturaDesde><LecturaHasta><Fecha>2018-02-16</Fecha><Procedencia>20</Procedencia><Lectura>27000</Lectura></LecturaHasta></Integrador><Integrador><Magnitud>PM</Magnitud><CodigoPeriodo>63</CodigoPeriodo><ConstanteMultiplicadora>1</ConstanteMultiplicadora><NumeroRuedasEnteras>7</NumeroRuedasEnteras><NumeroRuedasDecimales>2</NumeroRuedasDecimales><ConsumoCalculado>3000</ConsumoCalculado><LecturaDesde><Fecha>2018-01-15</Fecha><Procedencia>20</Procedencia><Lectura>0</Lectura></LecturaDesde><LecturaHasta><Fecha>2018-02-16</Fecha><Procedencia>20</Procedencia><Lectura>3000</Lectura></LecturaHasta></Integrador><Integrador><Magnitud>PM</Magnitud><CodigoPeriodo>62</CodigoPeriodo><ConstanteMultiplicadora>1</ConstanteMultiplicadora><NumeroRuedasEnteras>7</NumeroRuedasEnteras><NumeroRuedasDecimales>2</NumeroRuedasDecimales><ConsumoCalculado>44000</ConsumoCalculado><LecturaDesde><Fecha>2018-01-15</Fecha><Procedencia>20</Procedencia><Lectura>0</Lectura></LecturaDesde><LecturaHasta><Fecha>2018-02-16</Fecha><Procedencia>20</Procedencia><Lectura>44000</Lectura></LecturaHasta></Integrador><Integrador><Magnitud>PM</Magnitud><CodigoPeriodo>61</CodigoPeriodo><ConstanteMultiplicadora>1</ConstanteMultiplicadora><NumeroRuedasEnteras>7</NumeroRuedasEnteras><NumeroRuedasDecimales>2</NumeroRuedasDecimales><ConsumoCalculado>45000</ConsumoCalculado><LecturaDesde><Fecha>2018-01-15</Fecha><Procedencia>20</Procedencia><Lectura>0</Lectura></LecturaDesde><LecturaHasta><Fecha>2018-02-16</Fecha><Procedencia>20</Procedencia><Lectura>45000</Lectura></LecturaHasta></Integrador><Integrador><Magnitud>R1</Magnitud><CodigoPeriodo>66</CodigoPeriodo><ConstanteMultiplicadora>1</ConstanteMultiplicadora><NumeroRuedasEnteras>9</NumeroRuedasEnteras><NumeroRuedasDecimales>0</NumeroRuedasDecimales><ConsumoCalculado>34</ConsumoCalculado><LecturaDesde><Fecha>2018-01-15</Fecha><Procedencia>20</Procedencia><Lectura>2712</Lectura></LecturaDesde><LecturaHasta><Fecha>2018-02-16</Fecha><Procedencia>20</Procedencia><Lectura>2746</Lectura></LecturaHasta></Integrador><Integrador><Magnitud>R1</Magnitud><CodigoPeriodo>65</CodigoPeriodo><ConstanteMultiplicadora>1</ConstanteMultiplicadora><NumeroRuedasEnteras>9</NumeroRuedasEnteras><NumeroRuedasDecimales>0</NumeroRuedasDecimales><ConsumoCalculado>1055</ConsumoCalculado><LecturaDesde><Fecha>2018-01-15</Fecha><Procedencia>20</Procedencia><Lectura>32651</Lectura></LecturaDesde><LecturaHasta><Fecha>2018-02-16</Fecha><Procedencia>20</Procedencia><Lectura>33706</Lectura></LecturaHasta></Integrador><Integrador><Magnitud>R1</Magnitud><CodigoPeriodo>64</CodigoPeriodo><ConstanteMultiplicadora>1</ConstanteMultiplicadora><NumeroRuedasEnteras>9</NumeroRuedasEnteras><NumeroRuedasDecimales>0</NumeroRuedasDecimales><ConsumoCalculado>56</ConsumoCalculado><LecturaDesde><Fecha>2018-01-15</Fecha><Procedencia>20</Procedencia><Lectura>18229</Lectura></LecturaDesde><LecturaHasta><Fecha>2018-02-16</Fecha><Procedencia>20</Procedencia><Lectura>18285</Lectura></LecturaHasta></Integrador><Integrador><Magnitud>R1</Magnitud><CodigoPeriodo>63</CodigoPeriodo><ConstanteMultiplicadora>1</ConstanteMultiplicadora><NumeroRuedasEnteras>9</NumeroRuedasEnteras><NumeroRuedasDecimales>0</NumeroRuedasDecimales><ConsumoCalculado>154</ConsumoCalculado><LecturaDesde><Fecha>2018-01-15</Fecha><Procedencia>20</Procedencia><Lectura>6856</Lectura></LecturaDesde><LecturaHasta><Fecha>2018-02-16</Fecha><Procedencia>20</Procedencia><Lectura>7010</Lectura></LecturaHasta></Integrador><Integrador><Magnitud>R1</Magnitud><CodigoPeriodo>62</CodigoPeriodo><ConstanteMultiplicadora>1</ConstanteMultiplicadora><NumeroRuedasEnteras>9</NumeroRuedasEnteras><NumeroRuedasDecimales>0</NumeroRuedasDecimales><ConsumoCalculado>3189</ConsumoCalculado><LecturaDesde><Fecha>2018-01-15</Fecha><Procedencia>20</Procedencia><Lectura>103058</Lectura></LecturaDesde><LecturaHasta><Fecha>2018-02-16</Fecha><Procedencia>20</Procedencia><Lectura>106247</Lectura></LecturaHasta></Integrador><Integrador><Magnitud>R1</Magnitud><CodigoPeriodo>61</CodigoPeriodo><ConstanteMultiplicadora>1</ConstanteMultiplicadora><NumeroRuedasEnteras>9</NumeroRuedasEnteras><NumeroRuedasDecimales>0</NumeroRuedasDecimales><ConsumoCalculado>571</ConsumoCalculado><LecturaDesde><Fecha>2018-01-15</Fecha><Procedencia>20</Procedencia><Lectura>43413</Lectura></LecturaDesde><LecturaHasta><Fecha>2018-02-16</Fecha><Procedencia>20</Procedencia><Lectura>43984</Lectura></LecturaHasta></Integrador><Integrador><Magnitud>AE</Magnitud><CodigoPeriodo>66</CodigoPeriodo><ConstanteMultiplicadora>1</ConstanteMultiplicadora><NumeroRuedasEnteras>9</NumeroRuedasEnteras><NumeroRuedasDecimales>0</NumeroRuedasDecimales><ConsumoCalculado>94</ConsumoCalculado><LecturaDesde><Fecha>2018-01-15</Fecha><Procedencia>20</Procedencia><Lectura>5228</Lectura></LecturaDesde><LecturaHasta><Fecha>2018-02-16</Fecha><Procedencia>20</Procedencia><Lectura>5322</Lectura></LecturaHasta></Integrador><Integrador><Magnitud>AE</Magnitud><CodigoPeriodo>65</CodigoPeriodo><ConstanteMultiplicadora>1</ConstanteMultiplicadora><NumeroRuedasEnteras>9</NumeroRuedasEnteras><NumeroRuedasDecimales>0</NumeroRuedasDecimales><ConsumoCalculado>1301</ConsumoCalculado><LecturaDesde><Fecha>2018-01-15</Fecha><Procedencia>20</Procedencia><Lectura>40939</Lectura></LecturaDesde><LecturaHasta><Fecha>2018-02-16</Fecha><Procedencia>20</Procedencia><Lectura>42240</Lectura></LecturaHasta></Integrador><Integrador><Magnitud>AE</Magnitud><CodigoPeriodo>64</CodigoPeriodo><ConstanteMultiplicadora>1</ConstanteMultiplicadora><NumeroRuedasEnteras>9</NumeroRuedasEnteras><NumeroRuedasDecimales>0</NumeroRuedasDecimales><ConsumoCalculado>124</ConsumoCalculado><LecturaDesde><Fecha>2018-01-15</Fecha><Procedencia>20</Procedencia><Lectura>22319</Lectura></LecturaDesde><LecturaHasta><Fecha>2018-02-16</Fecha><Procedencia>20</Procedencia><Lectura>22443</Lectura></LecturaHasta></Integrador><Integrador><Magnitud>AE</Magnitud><CodigoPeriodo>63</CodigoPeriodo><ConstanteMultiplicadora>1</ConstanteMultiplicadora><NumeroRuedasEnteras>9</NumeroRuedasEnteras><NumeroRuedasDecimales>0</NumeroRuedasDecimales><ConsumoCalculado>339</ConsumoCalculado><LecturaDesde><Fecha>2018-01-15</Fecha><Procedencia>20</Procedencia><Lectura>11503</Lectura></LecturaDesde><LecturaHasta><Fecha>2018-02-16</Fecha><Procedencia>20</Procedencia><Lectura>11842</Lectura></LecturaHasta></Integrador><Integrador><Magnitud>AE</Magnitud><CodigoPeriodo>62</CodigoPeriodo><ConstanteMultiplicadora>1</ConstanteMultiplicadora><NumeroRuedasEnteras>9</NumeroRuedasEnteras><NumeroRuedasDecimales>0</NumeroRuedasDecimales><ConsumoCalculado>4558</ConsumoCalculado><LecturaDesde><Fecha>2018-01-15</Fecha><Procedencia>20</Procedencia><Lectura>130310</Lectura></LecturaDesde><LecturaHasta><Fecha>2018-02-16</Fecha><Procedencia>20</Procedencia><Lectura>134868</Lectura></LecturaHasta></Integrador><Integrador><Magnitud>AE</Magnitud><CodigoPeriodo>61</CodigoPeriodo><ConstanteMultiplicadora>1</ConstanteMultiplicadora><NumeroRuedasEnteras>9</NumeroRuedasEnteras><NumeroRuedasDecimales>0</NumeroRuedasDecimales><ConsumoCalculado>983</ConsumoCalculado><LecturaDesde><Fecha>2018-01-15</Fecha><Procedencia>20</Procedencia><Lectura>54676</Lectura></LecturaDesde><LecturaHasta><Fecha>2018-02-16</Fecha><Procedencia>20</Procedencia><Lectura>55659</Lectura></LecturaHasta></Integrador></ModeloAparato></Medidas></MensajeSaldoLecturasFacturacion>