<?xml version="1.0" encoding="ISO-8859-1"?><MensajeSaldoLecturasFacturacion xmlns="http://localhost/elegibilidad"><Cabecera><CodigoREEEmpresaEmisora>0021</CodigoREEEmpresaEmisora><CodigoREEEmpresaDestino>0815</CodigoREEEmpresaDestino><CodigoDelProceso>Q1</CodigoDelProceso><CodigoDePaso>01</CodigoDePaso><CodigoDeSolicitud>201802166634</CodigoDeSolicitud><SecuencialDeSolicitud>25</SecuencialDeSolicitud><FechaSolicitud>2018-02-16T00:00:00</FechaSolicitud><CUPS>ES0021000001870109ME0P</CUPS></Cabecera><Medidas><CodPM>ES0021000001870109ME0P</CodPM><ModeloAparato><TipoAparato>CG</TipoAparato><MarcaAparato>003</MarcaAparato><NumeroSerie>0018504401</NumeroSerie><TipoDHEdM>6</TipoDHEdM><Integrador><Magnitud>PM</Magnitud><CodigoPeriodo>66</CodigoPeriodo><ConstanteMultiplicadora>1</ConstanteMultiplicadora><NumeroRuedasEnteras>7</NumeroRuedasEnteras><NumeroRuedasDecimales>2</NumeroRuedasDecimales><ConsumoCalculado>0</ConsumoCalculado><LecturaDesde><Fecha>2018-01-18</Fecha><Procedencia>20</Procedencia><Lectura>0</Lectura></LecturaDesde><LecturaHasta><Fecha>2018-02-16</Fecha><Procedencia>20</Procedencia><Lectura>0</Lectura></LecturaHasta></Integrador><Integrador><Magnitud>PM</Magnitud><CodigoPeriodo>65</CodigoPeriodo><ConstanteMultiplicadora>1</ConstanteMultiplicadora><NumeroRuedasEnteras>7</NumeroRuedasEnteras><NumeroRuedasDecimales>2</NumeroRuedasDecimales><ConsumoCalculado>0</ConsumoCalculado><LecturaDesde><Fecha>2018-01-18</Fecha><Procedencia>20</Procedencia><Lectura>0</Lectura></LecturaDesde><LecturaHasta><Fecha>2018-02-16</Fecha><Procedencia>20</Procedencia><Lectura>0</Lectura></LecturaHasta></Integrador><Integrador><Magnitud>PM</Magnitud><CodigoPeriodo>64</CodigoPeriodo><ConstanteMultiplicadora>1</ConstanteMultiplicadora><NumeroRuedasEnteras>7</NumeroRuedasEnteras><NumeroRuedasDecimales>2</NumeroRuedasDecimales><ConsumoCalculado>0</ConsumoCalculado><LecturaDesde><Fecha>2018-01-18</Fecha><Procedencia>20</Procedencia><Lectura>0</Lectura></LecturaDesde><LecturaHasta><Fecha>2018-02-16</Fecha><Procedencia>20</Procedencia><Lectura>0</Lectura></LecturaHasta></Integrador><Integrador><Magnitud>PM</Magnitud><CodigoPeriodo>63</CodigoPeriodo><ConstanteMultiplicadora>1</ConstanteMultiplicadora><NumeroRuedasEnteras>7</NumeroRuedasEnteras><NumeroRuedasDecimales>2</NumeroRuedasDecimales><ConsumoCalculado>0</ConsumoCalculado><LecturaDesde><Fecha>2018-01-18</Fecha><Procedencia>20</Procedencia><Lectura>0</Lectura></LecturaDesde><LecturaHasta><Fecha>2018-02-16</Fecha><Procedencia>20</Procedencia><Lectura>0</Lectura></LecturaHasta></Integrador><Integrador><Magnitud>PM</Magnitud><CodigoPeriodo>62</CodigoPeriodo><ConstanteMultiplicadora>1</ConstanteMultiplicadora><NumeroRuedasEnteras>7</NumeroRuedasEnteras><NumeroRuedasDecimales>2</NumeroRuedasDecimales><ConsumoCalculado>0</ConsumoCalculado><LecturaDesde><Fecha>2018-01-18</Fecha><Procedencia>20</Procedencia><Lectura>0</Lectura></LecturaDesde><LecturaHasta><Fecha>2018-02-16</Fecha><Procedencia>20</Procedencia><Lectura>0</Lectura></LecturaHasta></Integrador><Integrador><Magnitud>PM</Magnitud><CodigoPeriodo>61</CodigoPeriodo><ConstanteMultiplicadora>1</ConstanteMultiplicadora><NumeroRuedasEnteras>7</NumeroRuedasEnteras><NumeroRuedasDecimales>2</NumeroRuedasDecimales><ConsumoCalculado>0</ConsumoCalculado><LecturaDesde><Fecha>2018-01-18</Fecha><Procedencia>20</Procedencia><Lectura>0</Lectura></LecturaDesde><LecturaHasta><Fecha>2018-02-16</Fecha><Procedencia>20</Procedencia><Lectura>0</Lectura></LecturaHasta></Integrador><Integrador><Magnitud>R1</Magnitud><CodigoPeriodo>66</CodigoPeriodo><ConstanteMultiplicadora>1</ConstanteMultiplicadora><NumeroRuedasEnteras>9</NumeroRuedasEnteras><NumeroRuedasDecimales>0</NumeroRuedasDecimales><ConsumoCalculado>1280</ConsumoCalculado><LecturaDesde><Fecha>2018-01-18</Fecha><Procedencia>20</Procedencia><Lectura>47441</Lectura></LecturaDesde><LecturaHasta><Fecha>2018-02-16</Fecha><Procedencia>20</Procedencia><Lectura>48721</Lectura></LecturaHasta></Integrador><Integrador><Magnitud>R1</Magnitud><CodigoPeriodo>65</CodigoPeriodo><ConstanteMultiplicadora>1</ConstanteMultiplicadora><NumeroRuedasEnteras>9</NumeroRuedasEnteras><NumeroRuedasDecimales>0</NumeroRuedasDecimales><ConsumoCalculado>386</ConsumoCalculado><LecturaDesde><Fecha>2018-01-18</Fecha><Procedencia>20</Procedencia><Lectura>16792</Lectura></LecturaDesde><LecturaHasta><Fecha>2018-02-16</Fecha><Procedencia>20</Procedencia><Lectura>17178</Lectura></LecturaHasta></Integrador><Integrador><Magnitud>R1</Magnitud><CodigoPeriodo>64</CodigoPeriodo><ConstanteMultiplicadora>1</ConstanteMultiplicadora><NumeroRuedasEnteras>9</NumeroRuedasEnteras><NumeroRuedasDecimales>0</NumeroRuedasDecimales><ConsumoCalculado>0</ConsumoCalculado><LecturaDesde><Fecha>2018-01-18</Fecha><Procedencia>20</Procedencia><Lectura>161935</Lectura></LecturaDesde><LecturaHasta><Fecha>2018-02-16</Fecha><Procedencia>20</Procedencia><Lectura>161935</Lectura></LecturaHasta></Integrador><Integrador><Magnitud>R1</Magnitud><CodigoPeriodo>63</CodigoPeriodo><ConstanteMultiplicadora>1</ConstanteMultiplicadora><NumeroRuedasEnteras>9</NumeroRuedasEnteras><NumeroRuedasDecimales>0</NumeroRuedasDecimales><ConsumoCalculado>2463</ConsumoCalculado><LecturaDesde><Fecha>2018-01-18</Fecha><Procedencia>20</Procedencia><Lectura>178993</Lectura></LecturaDesde><LecturaHasta><Fecha>2018-02-16</Fecha><Procedencia>20</Procedencia><Lectura>181456</Lectura></LecturaHasta></Integrador><Integrador><Magnitud>R1</Magnitud><CodigoPeriodo>62</CodigoPeriodo><ConstanteMultiplicadora>1</ConstanteMultiplicadora><NumeroRuedasEnteras>9</NumeroRuedasEnteras><NumeroRuedasDecimales>0</NumeroRuedasDecimales><ConsumoCalculado>4914</ConsumoCalculado><LecturaDesde><Fecha>2018-01-18</Fecha><Procedencia>20</Procedencia><Lectura>464051</Lectura></LecturaDesde><LecturaHasta><Fecha>2018-02-16</Fecha><Procedencia>20</Procedencia><Lectura>468965</Lectura></LecturaHasta></Integrador><Integrador><Magnitud>R1</Magnitud><CodigoPeriodo>61</CodigoPeriodo><ConstanteMultiplicadora>1</ConstanteMultiplicadora><NumeroRuedasEnteras>9</NumeroRuedasEnteras><NumeroRuedasDecimales>0</NumeroRuedasDecimales><ConsumoCalculado>1193</ConsumoCalculado><LecturaDesde><Fecha>2018-01-18</Fecha><Procedencia>20</Procedencia><Lectura>41167</Lectura></LecturaDesde><LecturaHasta><Fecha>2018-02-16</Fecha><Procedencia>20</Procedencia><Lectura>42360</Lectura></LecturaHasta></Integrador><Integrador><Magnitud>AE</Magnitud><CodigoPeriodo>66</CodigoPeriodo><ConstanteMultiplicadora>1</ConstanteMultiplicadora><NumeroRuedasEnteras>9</NumeroRuedasEnteras><NumeroRuedasDecimales>0</NumeroRuedasDecimales><ConsumoCalculado>4855</ConsumoCalculado><LecturaDesde><Fecha>2018-01-18</Fecha><Procedencia>20</Procedencia><Lectura>308272</Lectura></LecturaDesde><LecturaHasta><Fecha>2018-02-16</Fecha><Procedencia>20</Procedencia><Lectura>313127</Lectura></LecturaHasta></Integrador><Integrador><Magnitud>AE</Magnitud><CodigoPeriodo>65</CodigoPeriodo><ConstanteMultiplicadora>1</ConstanteMultiplicadora><NumeroRuedasEnteras>9</NumeroRuedasEnteras><NumeroRuedasDecimales>0</NumeroRuedasDecimales><ConsumoCalculado>1311</ConsumoCalculado><LecturaDesde><Fecha>2018-01-18</Fecha><Procedencia>20</Procedencia><Lectura>104795</Lectura></LecturaDesde><LecturaHasta><Fecha>2018-02-16</Fecha><Procedencia>20</Procedencia><Lectura>106106</Lectura></LecturaHasta></Integrador><Integrador><Magnitud>AE</Magnitud><CodigoPeriodo>64</CodigoPeriodo><ConstanteMultiplicadora>1</ConstanteMultiplicadora><NumeroRuedasEnteras>9</NumeroRuedasEnteras><NumeroRuedasDecimales>0</NumeroRuedasDecimales><ConsumoCalculado>0</ConsumoCalculado><LecturaDesde><Fecha>2018-01-18</Fecha><Procedencia>20</Procedencia><Lectura>464276</Lectura></LecturaDesde><LecturaHasta><Fecha>2018-02-16</Fecha><Procedencia>20</Procedencia><Lectura>464276</Lectura></LecturaHasta></Integrador><Integrador><Magnitud>AE</Magnitud><CodigoPeriodo>63</CodigoPeriodo><ConstanteMultiplicadora>1</ConstanteMultiplicadora><NumeroRuedasEnteras>9</NumeroRuedasEnteras><NumeroRuedasDecimales>0</NumeroRuedasDecimales><ConsumoCalculado>10599</ConsumoCalculado><LecturaDesde><Fecha>2018-01-18</Fecha><Procedencia>20</Procedencia><Lectura>582500</Lectura></LecturaDesde><LecturaHasta><Fecha>2018-02-16</Fecha><Procedencia>20</Procedencia><Lectura>593099</Lectura></LecturaHasta></Integrador><Integrador><Magnitud>AE</Magnitud><CodigoPeriodo>62</CodigoPeriodo><ConstanteMultiplicadora>1</ConstanteMultiplicadora><NumeroRuedasEnteras>9</NumeroRuedasEnteras><NumeroRuedasDecimales>0</NumeroRuedasDecimales><ConsumoCalculado>34432</ConsumoCalculado><LecturaDesde><Fecha>2018-01-18</Fecha><Procedencia>20</Procedencia><Lectura>1234962</Lectura></LecturaDesde><LecturaHasta><Fecha>2018-02-16</Fecha><Procedencia>20</Procedencia><Lectura>1269394</Lectura></LecturaHasta></Integrador><Integrador><Magnitud>AE</Magnitud><CodigoPeriodo>61</CodigoPeriodo><ConstanteMultiplicadora>1</ConstanteMultiplicadora><NumeroRuedasEnteras>9</NumeroRuedasEnteras><NumeroRuedasDecimales>0</NumeroRuedasDecimales><ConsumoCalculado>7120</ConsumoCalculado><LecturaDesde><Fecha>2018-01-18</Fecha><Procedencia>20</Procedencia><Lectura>160550</Lectura></LecturaDesde><LecturaHasta><Fecha>2018-02-16</Fecha><Procedencia>20</Procedencia><Lectura>167670</Lectura></LecturaHasta></Integrador></ModeloAparato></Medidas></MensajeSaldoLecturasFacturacion>