<?xml version="1.0" encoding="ISO-8859-1"?><MensajeSaldoLecturasFacturacion xmlns="http://localhost/elegibilidad"><Cabecera><CodigoREEEmpresaEmisora>0021</CodigoREEEmpresaEmisora><CodigoREEEmpresaDestino>0815</CodigoREEEmpresaDestino><CodigoDelProceso>Q1</CodigoDelProceso><CodigoDePaso>01</CodigoDePaso><CodigoDeSolicitud>201802166708</CodigoDeSolicitud><SecuencialDeSolicitud>25</SecuencialDeSolicitud><FechaSolicitud>2018-02-16T00:00:00</FechaSolicitud><CUPS>ES0021000013865148GD0P</CUPS></Cabecera><Medidas><CodPM>ES0021000013865148GD0P</CodPM><ModeloAparato><TipoAparato>CG</TipoAparato><MarcaAparato>090</MarcaAparato><NumeroSerie>0000065862</NumeroSerie><TipoDHEdM>6</TipoDHEdM><Integrador><Magnitud>PM</Magnitud><CodigoPeriodo>66</CodigoPeriodo><ConstanteMultiplicadora>1</ConstanteMultiplicadora><NumeroRuedasEnteras>6</NumeroRuedasEnteras><NumeroRuedasDecimales>0</NumeroRuedasDecimales><ConsumoCalculado>5000</ConsumoCalculado><LecturaDesde><Fecha>2018-01-12</Fecha><Procedencia>20</Procedencia><Lectura>0</Lectura></LecturaDesde><LecturaHasta><Fecha>2018-02-15</Fecha><Procedencia>20</Procedencia><Lectura>5000</Lectura></LecturaHasta></Integrador><Integrador><Magnitud>PM</Magnitud><CodigoPeriodo>65</CodigoPeriodo><ConstanteMultiplicadora>1</ConstanteMultiplicadora><NumeroRuedasEnteras>6</NumeroRuedasEnteras><NumeroRuedasDecimales>0</NumeroRuedasDecimales><ConsumoCalculado>5000</ConsumoCalculado><LecturaDesde><Fecha>2018-01-12</Fecha><Procedencia>20</Procedencia><Lectura>0</Lectura></LecturaDesde><LecturaHasta><Fecha>2018-02-15</Fecha><Procedencia>20</Procedencia><Lectura>5000</Lectura></LecturaHasta></Integrador><Integrador><Magnitud>PM</Magnitud><CodigoPeriodo>64</CodigoPeriodo><ConstanteMultiplicadora>1</ConstanteMultiplicadora><NumeroRuedasEnteras>6</NumeroRuedasEnteras><NumeroRuedasDecimales>0</NumeroRuedasDecimales><ConsumoCalculado>3000</ConsumoCalculado><LecturaDesde><Fecha>2018-01-12</Fecha><Procedencia>20</Procedencia><Lectura>0</Lectura></LecturaDesde><LecturaHasta><Fecha>2018-02-15</Fecha><Procedencia>20</Procedencia><Lectura>3000</Lectura></LecturaHasta></Integrador><Integrador><Magnitud>PM</Magnitud><CodigoPeriodo>63</CodigoPeriodo><ConstanteMultiplicadora>1</ConstanteMultiplicadora><NumeroRuedasEnteras>6</NumeroRuedasEnteras><NumeroRuedasDecimales>0</NumeroRuedasDecimales><ConsumoCalculado>15000</ConsumoCalculado><LecturaDesde><Fecha>2018-01-12</Fecha><Procedencia>20</Procedencia><Lectura>0</Lectura></LecturaDesde><LecturaHasta><Fecha>2018-02-15</Fecha><Procedencia>20</Procedencia><Lectura>15000</Lectura></LecturaHasta></Integrador><Integrador><Magnitud>PM</Magnitud><CodigoPeriodo>62</CodigoPeriodo><ConstanteMultiplicadora>1</ConstanteMultiplicadora><NumeroRuedasEnteras>6</NumeroRuedasEnteras><NumeroRuedasDecimales>0</NumeroRuedasDecimales><ConsumoCalculado>17000</ConsumoCalculado><LecturaDesde><Fecha>2018-01-12</Fecha><Procedencia>20</Procedencia><Lectura>0</Lectura></LecturaDesde><LecturaHasta><Fecha>2018-02-15</Fecha><Procedencia>20</Procedencia><Lectura>17000</Lectura></LecturaHasta></Integrador><Integrador><Magnitud>PM</Magnitud><CodigoPeriodo>61</CodigoPeriodo><ConstanteMultiplicadora>1</ConstanteMultiplicadora><NumeroRuedasEnteras>6</NumeroRuedasEnteras><NumeroRuedasDecimales>0</NumeroRuedasDecimales><ConsumoCalculado>11000</ConsumoCalculado><LecturaDesde><Fecha>2018-01-12</Fecha><Procedencia>20</Procedencia><Lectura>0</Lectura></LecturaDesde><LecturaHasta><Fecha>2018-02-15</Fecha><Procedencia>20</Procedencia><Lectura>11000</Lectura></LecturaHasta></Integrador><Integrador><Magnitud>R1</Magnitud><CodigoPeriodo>66</CodigoPeriodo><ConstanteMultiplicadora>1</ConstanteMultiplicadora><NumeroRuedasEnteras>6</NumeroRuedasEnteras><NumeroRuedasDecimales>0</NumeroRuedasDecimales><ConsumoCalculado>0</ConsumoCalculado><LecturaDesde><Fecha>2018-01-12</Fecha><Procedencia>20</Procedencia><Lectura>3311</Lectura></LecturaDesde><LecturaHasta><Fecha>2018-02-15</Fecha><Procedencia>20</Procedencia><Lectura>3311</Lectura></LecturaHasta></Integrador><Integrador><Magnitud>R1</Magnitud><CodigoPeriodo>65</CodigoPeriodo><ConstanteMultiplicadora>1</ConstanteMultiplicadora><NumeroRuedasEnteras>6</NumeroRuedasEnteras><NumeroRuedasDecimales>0</NumeroRuedasDecimales><ConsumoCalculado>0</ConsumoCalculado><LecturaDesde><Fecha>2018-01-12</Fecha><Procedencia>20</Procedencia><Lectura>4434</Lectura></LecturaDesde><LecturaHasta><Fecha>2018-02-15</Fecha><Procedencia>20</Procedencia><Lectura>4434</Lectura></LecturaHasta></Integrador><Integrador><Magnitud>R1</Magnitud><CodigoPeriodo>64</CodigoPeriodo><ConstanteMultiplicadora>1</ConstanteMultiplicadora><NumeroRuedasEnteras>6</NumeroRuedasEnteras><NumeroRuedasDecimales>0</NumeroRuedasDecimales><ConsumoCalculado>0</ConsumoCalculado><LecturaDesde><Fecha>2018-01-12</Fecha><Procedencia>20</Procedencia><Lectura>1531</Lectura></LecturaDesde><LecturaHasta><Fecha>2018-02-15</Fecha><Procedencia>20</Procedencia><Lectura>1531</Lectura></LecturaHasta></Integrador><Integrador><Magnitud>R1</Magnitud><CodigoPeriodo>63</CodigoPeriodo><ConstanteMultiplicadora>1</ConstanteMultiplicadora><NumeroRuedasEnteras>6</NumeroRuedasEnteras><NumeroRuedasDecimales>0</NumeroRuedasDecimales><ConsumoCalculado>8</ConsumoCalculado><LecturaDesde><Fecha>2018-01-12</Fecha><Procedencia>20</Procedencia><Lectura>8235</Lectura></LecturaDesde><LecturaHasta><Fecha>2018-02-15</Fecha><Procedencia>20</Procedencia><Lectura>8243</Lectura></LecturaHasta></Integrador><Integrador><Magnitud>R1</Magnitud><CodigoPeriodo>62</CodigoPeriodo><ConstanteMultiplicadora>1</ConstanteMultiplicadora><NumeroRuedasEnteras>6</NumeroRuedasEnteras><NumeroRuedasDecimales>0</NumeroRuedasDecimales><ConsumoCalculado>241</ConsumoCalculado><LecturaDesde><Fecha>2018-01-12</Fecha><Procedencia>20</Procedencia><Lectura>23327</Lectura></LecturaDesde><LecturaHasta><Fecha>2018-02-15</Fecha><Procedencia>20</Procedencia><Lectura>23568</Lectura></LecturaHasta></Integrador><Integrador><Magnitud>R1</Magnitud><CodigoPeriodo>61</CodigoPeriodo><ConstanteMultiplicadora>1</ConstanteMultiplicadora><NumeroRuedasEnteras>6</NumeroRuedasEnteras><NumeroRuedasDecimales>0</NumeroRuedasDecimales><ConsumoCalculado>2</ConsumoCalculado><LecturaDesde><Fecha>2018-01-12</Fecha><Procedencia>20</Procedencia><Lectura>7052</Lectura></LecturaDesde><LecturaHasta><Fecha>2018-02-15</Fecha><Procedencia>20</Procedencia><Lectura>7054</Lectura></LecturaHasta></Integrador><Integrador><Magnitud>AE</Magnitud><CodigoPeriodo>66</CodigoPeriodo><ConstanteMultiplicadora>1</ConstanteMultiplicadora><NumeroRuedasEnteras>6</NumeroRuedasEnteras><NumeroRuedasDecimales>0</NumeroRuedasDecimales><ConsumoCalculado>152</ConsumoCalculado><LecturaDesde><Fecha>2018-01-12</Fecha><Procedencia>20</Procedencia><Lectura>10860</Lectura></LecturaDesde><LecturaHasta><Fecha>2018-02-15</Fecha><Procedencia>20</Procedencia><Lectura>11012</Lectura></LecturaHasta></Integrador><Integrador><Magnitud>AE</Magnitud><CodigoPeriodo>65</CodigoPeriodo><ConstanteMultiplicadora>1</ConstanteMultiplicadora><NumeroRuedasEnteras>6</NumeroRuedasEnteras><NumeroRuedasDecimales>0</NumeroRuedasDecimales><ConsumoCalculado>221</ConsumoCalculado><LecturaDesde><Fecha>2018-01-12</Fecha><Procedencia>20</Procedencia><Lectura>16523</Lectura></LecturaDesde><LecturaHasta><Fecha>2018-02-15</Fecha><Procedencia>20</Procedencia><Lectura>16744</Lectura></LecturaHasta></Integrador><Integrador><Magnitud>AE</Magnitud><CodigoPeriodo>64</CodigoPeriodo><ConstanteMultiplicadora>1</ConstanteMultiplicadora><NumeroRuedasEnteras>6</NumeroRuedasEnteras><NumeroRuedasDecimales>0</NumeroRuedasDecimales><ConsumoCalculado>76</ConsumoCalculado><LecturaDesde><Fecha>2018-01-12</Fecha><Procedencia>20</Procedencia><Lectura>5662</Lectura></LecturaDesde><LecturaHasta><Fecha>2018-02-15</Fecha><Procedencia>20</Procedencia><Lectura>5738</Lectura></LecturaHasta></Integrador><Integrador><Magnitud>AE</Magnitud><CodigoPeriodo>63</CodigoPeriodo><ConstanteMultiplicadora>1</ConstanteMultiplicadora><NumeroRuedasEnteras>6</NumeroRuedasEnteras><NumeroRuedasDecimales>0</NumeroRuedasDecimales><ConsumoCalculado>451</ConsumoCalculado><LecturaDesde><Fecha>2018-01-12</Fecha><Procedencia>20</Procedencia><Lectura>29910</Lectura></LecturaDesde><LecturaHasta><Fecha>2018-02-15</Fecha><Procedencia>20</Procedencia><Lectura>30361</Lectura></LecturaHasta></Integrador><Integrador><Magnitud>AE</Magnitud><CodigoPeriodo>62</CodigoPeriodo><ConstanteMultiplicadora>1</ConstanteMultiplicadora><NumeroRuedasEnteras>6</NumeroRuedasEnteras><NumeroRuedasDecimales>0</NumeroRuedasDecimales><ConsumoCalculado>2279</ConsumoCalculado><LecturaDesde><Fecha>2018-01-12</Fecha><Procedencia>20</Procedencia><Lectura>138928</Lectura></LecturaDesde><LecturaHasta><Fecha>2018-02-15</Fecha><Procedencia>20</Procedencia><Lectura>141207</Lectura></LecturaHasta></Integrador><Integrador><Magnitud>AE</Magnitud><CodigoPeriodo>61</CodigoPeriodo><ConstanteMultiplicadora>1</ConstanteMultiplicadora><NumeroRuedasEnteras>6</NumeroRuedasEnteras><NumeroRuedasDecimales>0</NumeroRuedasDecimales><ConsumoCalculado>238</ConsumoCalculado><LecturaDesde><Fecha>2018-01-12</Fecha><Procedencia>20</Procedencia><Lectura>46834</Lectura></LecturaDesde><LecturaHasta><Fecha>2018-02-15</Fecha><Procedencia>20</Procedencia><Lectura>47072</Lectura></LecturaHasta></Integrador></ModeloAparato></Medidas></MensajeSaldoLecturasFacturacion>