<?xml version="1.0" encoding="ISO-8859-1"?><MensajeSaldoLecturasFacturacion xmlns="http://localhost/elegibilidad"><Cabecera><CodigoREEEmpresaEmisora>0021</CodigoREEEmpresaEmisora><CodigoREEEmpresaDestino>0815</CodigoREEEmpresaDestino><CodigoDelProceso>Q1</CodigoDelProceso><CodigoDePaso>01</CodigoDePaso><CodigoDeSolicitud>201802166646</CodigoDeSolicitud><SecuencialDeSolicitud>25</SecuencialDeSolicitud><FechaSolicitud>2018-02-16T00:00:00</FechaSolicitud><CUPS>ES0021000003401271QM0P</CUPS></Cabecera><Medidas><CodPM>ES0021000003401271QM0P</CodPM><ModeloAparato><TipoAparato>TG</TipoAparato><MarcaAparato>101</MarcaAparato><NumeroSerie>0146233114</NumeroSerie><TipoDHEdM>2</TipoDHEdM><Integrador><Magnitud>PM</Magnitud><CodigoPeriodo>20</CodigoPeriodo><ConstanteMultiplicadora>1</ConstanteMultiplicadora><NumeroRuedasEnteras>6</NumeroRuedasEnteras><NumeroRuedasDecimales>0</NumeroRuedasDecimales><ConsumoCalculado>20790</ConsumoCalculado><LecturaDesde><Fecha>2018-01-07</Fecha><Procedencia>10</Procedencia><Lectura>0</Lectura></LecturaDesde><LecturaHasta><Fecha>2018-02-11</Fecha><Procedencia>10</Procedencia><Lectura>20790</Lectura></LecturaHasta></Integrador><Integrador><Magnitud>PM</Magnitud><CodigoPeriodo>20</CodigoPeriodo><ConstanteMultiplicadora>1</ConstanteMultiplicadora><NumeroRuedasEnteras>6</NumeroRuedasEnteras><NumeroRuedasDecimales>0</NumeroRuedasDecimales><ConsumoCalculado>20790</ConsumoCalculado><LecturaDesde><Fecha>2018-01-07</Fecha><Procedencia>10</Procedencia><Lectura>0</Lectura></LecturaDesde><LecturaHasta><Fecha>2018-02-11</Fecha><Procedencia>10</Procedencia><Lectura>20790</Lectura></LecturaHasta></Integrador><Integrador><Magnitud>AE</Magnitud><CodigoPeriodo>22</CodigoPeriodo><ConstanteMultiplicadora>1</ConstanteMultiplicadora><NumeroRuedasEnteras>6</NumeroRuedasEnteras><NumeroRuedasDecimales>0</NumeroRuedasDecimales><ConsumoCalculado>712</ConsumoCalculado><LecturaDesde><Fecha>2018-01-07</Fecha><Procedencia>10</Procedencia><Lectura>19325</Lectura></LecturaDesde><LecturaHasta><Fecha>2018-02-11</Fecha><Procedencia>10</Procedencia><Lectura>20037</Lectura></LecturaHasta></Integrador><Integrador><Magnitud>AE</Magnitud><CodigoPeriodo>21</CodigoPeriodo><ConstanteMultiplicadora>1</ConstanteMultiplicadora><NumeroRuedasEnteras>6</NumeroRuedasEnteras><NumeroRuedasDecimales>0</NumeroRuedasDecimales><ConsumoCalculado>2177</ConsumoCalculado><LecturaDesde><Fecha>2018-01-07</Fecha><Procedencia>10</Procedencia><Lectura>47937</Lectura></LecturaDesde><LecturaHasta><Fecha>2018-02-11</Fecha><Procedencia>10</Procedencia><Lectura>50114</Lectura></LecturaHasta></Integrador></ModeloAparato></Medidas></MensajeSaldoLecturasFacturacion>