<?xml version="1.0" encoding="ISO-8859-1"?><MensajeFacturacion xmlns="http://localhost/elegibilidad"><Cabecera><CodigoREEEmpresaEmisora>0021</CodigoREEEmpresaEmisora><CodigoREEEmpresaDestino>0815</CodigoREEEmpresaDestino><CodigoDelProceso>F1</CodigoDelProceso><CodigoDePaso>01</CodigoDePaso><CodigoDeSolicitud>201802166746</CodigoDeSolicitud><SecuencialDeSolicitud>25</SecuencialDeSolicitud><FechaSolicitud>2018-02-16T00:00:00</FechaSolicitud><CUPS>ES0021000002649949XR0P</CUPS></Cabecera><Facturas><OtrasFacturas><DatosGeneralesOtrasFacturas><DireccionSuministro><Pais>ESPA�A</Pais><Provincia>12</Provincia><Municipio>012040</Municipio><Poblacion>000000040</Poblacion><TipoVia>CL</TipoVia><CodPostal>12005</CodPostal><Calle>MAESTRO FALLA</Calle><NumeroFinca>00007</NumeroFinca><Piso>BA</Piso><Puerta>2</Puerta></DireccionSuministro><Cliente><TipoIdentificador>NI</TipoIdentificador><Identificador>B55567986</Identificador></Cliente><CodContrato>623435639</CodContrato><DatosGeneralesFactura><CodigoFiscalFactura>03180216030653741</CodigoFiscalFactura><TipoFactura>N</TipoFactura><MotivoFacturacion>04</MotivoFacturacion><FechaFactura>2018-02-16</FechaFactura><IdentificadorEmisora>A95075578</IdentificadorEmisora><ImporteTotalFactura>356.39</ImporteTotalFactura><SaldoFactura>356.39</SaldoFactura><TipoMoneda>02</TipoMoneda></DatosGeneralesFactura><FechaBOE>2017-12-27</FechaBOE></DatosGeneralesOtrasFacturas><ConceptoRepercutible><ConceptoRepercutible>03</ConceptoRepercutible><TipoImpositivoConceptoRepercutible>1</TipoImpositivoConceptoRepercutible><FechaOperacion>2018-02-16</FechaOperacion><UnidadesConceptoRepercutible>14490.00</UnidadesConceptoRepercutible><PrecioUnidadConceptoRepercutible>19.70</PrecioUnidadConceptoRepercutible><ImporteTotalConceptoRepercutible>285.50</ImporteTotalConceptoRepercutible></ConceptoRepercutible><ConceptoRepercutible><ConceptoRepercutible>04</ConceptoRepercutible><TipoImpositivoConceptoRepercutible>1</TipoImpositivoConceptoRepercutible><FechaOperacion>2018-02-16</FechaOperacion><UnidadesConceptoRepercutible>1.00</UnidadesConceptoRepercutible><PrecioUnidadConceptoRepercutible>9.04</PrecioUnidadConceptoRepercutible><ImporteTotalConceptoRepercutible>9.04</ImporteTotalConceptoRepercutible></ConceptoRepercutible><IVA><BaseImponible>294.54</BaseImponible><Porcentaje>21</Porcentaje><Importe>61.85</Importe></IVA></OtrasFacturas><RegistroFin><ImporteTotal>13314.85</ImporteTotal><SaldoTotalFacturacion>13314.85</SaldoTotalFacturacion><TotalRecibos>56</TotalRecibos><TipoMoneda>02</TipoMoneda><FechaValor>2018-02-24</FechaValor><FechaLimitePago>2018-03-08</FechaLimitePago><IBAN>ES0320859307080330265359</IBAN><IdRemesa>20180206415</IdRemesa></RegistroFin></Facturas></MensajeFacturacion>