<?xml version="1.0" encoding="ISO-8859-1"?><MensajeFacturacion Firmar="NO" xmlns="http://localhost/elegibilidad"><Cabecera><CodigoREEEmpresaEmisora>0022</CodigoREEEmpresaEmisora><CodigoREEEmpresaDestino>0815</CodigoREEEmpresaDestino><CodigoDelProceso>F1</CodigoDelProceso><CodigoDePaso>01</CodigoDePaso><CodigoDeSolicitud>201802160545</CodigoDeSolicitud><SecuencialDeSolicitud>01</SecuencialDeSolicitud><FechaSolicitud>2018-02-16T05:45:09</FechaSolicitud><CUPS>ES0022000007899987AA1P</CUPS></Cabecera><Facturas><FacturaATR><DatosGeneralesFacturaATR><DireccionSuministro><Pais>ES</Pais><Provincia>28</Provincia><Municipio>28065</Municipio><Poblacion>0080000</Poblacion><TipoVia>CL</TipoVia><CodPostal>28906</CodPostal><Calle>CALLE ADAPTACION</Calle><NumeroFinca>00016</NumeroFinca><DuplicadorFinca>*</DuplicadorFinca><Escalera>NA</Escalera><Piso>VE</Piso></DireccionSuministro><Cliente><TipoIdentificador>NI</TipoIdentificador><Identificador>B55567986</Identificador></Cliente><CodContrato>105216056021</CodContrato><DatosGeneralesFactura><CodigoFiscalFactura>5518021250785</CodigoFiscalFactura><TipoFactura>N</TipoFactura><MotivoFacturacion>01</MotivoFacturacion><FechaFactura>2018-02-16</FechaFactura><IdentificadorEmisora>A63222533</IdentificadorEmisora><ImporteTotalFactura>948.99</ImporteTotalFactura><SaldoFactura>0.00</SaldoFactura><TipoMoneda>02</TipoMoneda></DatosGeneralesFactura><DatosFacturaATR><FechaBOE>2014-02-01</FechaBOE><TarifaATRFact>003</TarifaATRFact><MarcaMedidaConPerdidas>N</MarcaMedidaConPerdidas><VAsTrafo>0</VAsTrafo><PorcentajePerdidas>0.00</PorcentajePerdidas><IndicativoCurvaCarga>03</IndicativoCurvaCarga><Periodo><FechaDesdeFactura>2018-01-24</FechaDesdeFactura><FechaHastaFactura>2018-02-16</FechaHastaFactura><NumeroDias>23</NumeroDias></Periodo></DatosFacturaATR></DatosGeneralesFacturaATR><Potencia><TerminoPotencia><FechaDesde>2018-01-24</FechaDesde><FechaHasta>2018-02-16</FechaHasta><Periodo><PotenciaContratada>45000</PotenciaContratada><PotenciaMaxDemandada>64000</PotenciaMaxDemandada><PotenciaAFacturar>97500</PotenciaAFacturar><PrecioPotencia>0.1115860</PrecioPotencia></Periodo><Periodo><PotenciaContratada>45000</PotenciaContratada><PotenciaMaxDemandada>64000</PotenciaMaxDemandada><PotenciaAFacturar>97500</PotenciaAFacturar><PrecioPotencia>0.0669520</PrecioPotencia></Periodo><Periodo><PotenciaContratada>45000</PotenciaContratada><PotenciaMaxDemandada>63000</PotenciaMaxDemandada><PotenciaAFacturar>94500</PotenciaAFacturar><PrecioPotencia>0.0446340</PrecioPotencia></Periodo><Periodo><PotenciaContratada>0</PotenciaContratada><PotenciaMaxDemandada>0</PotenciaMaxDemandada><PotenciaAFacturar>0</PotenciaAFacturar><PrecioPotencia>0.0000000</PrecioPotencia></Periodo><Periodo><PotenciaContratada>0</PotenciaContratada><PotenciaMaxDemandada>0</PotenciaMaxDemandada><PotenciaAFacturar>0</PotenciaAFacturar><PrecioPotencia>0.0000000</PrecioPotencia></Periodo><Periodo><PotenciaContratada>0</PotenciaContratada><PotenciaMaxDemandada>0</PotenciaMaxDemandada><PotenciaAFacturar>0</PotenciaAFacturar><PrecioPotencia>0.0000000</PrecioPotencia></Periodo></TerminoPotencia><ImporteTotalTerminoPotencia>497.49</ImporteTotalTerminoPotencia></Potencia><ExcesoPotencia><Periodo><ValorExcesoPotencia>0.00</ValorExcesoPotencia></Periodo><Periodo><ValorExcesoPotencia>0.00</ValorExcesoPotencia></Periodo><Periodo><ValorExcesoPotencia>0.00</ValorExcesoPotencia></Periodo><Periodo><ValorExcesoPotencia>0.00</ValorExcesoPotencia></Periodo><Periodo><ValorExcesoPotencia>0.00</ValorExcesoPotencia></Periodo><Periodo><ValorExcesoPotencia>0.00</ValorExcesoPotencia></Periodo><ImporteTotalExcesos>0.00</ImporteTotalExcesos></ExcesoPotencia><EnergiaActiva><TerminoEnergiaActiva><FechaDesde>2018-01-24</FechaDesde><FechaHasta>2018-02-16</FechaHasta><Periodo><ValorEnergiaActiva>4076.00</ValorEnergiaActiva><PrecioEnergia>0.0187620</PrecioEnergia></Periodo><Periodo><ValorEnergiaActiva>12924.00</ValorEnergiaActiva><PrecioEnergia>0.0125750</PrecioEnergia></Periodo><Periodo><ValorEnergiaActiva>8318.00</ValorEnergiaActiva><PrecioEnergia>0.0046700</PrecioEnergia></Periodo><Periodo><ValorEnergiaActiva>0.00</ValorEnergiaActiva><PrecioEnergia>0.0000000</PrecioEnergia></Periodo><Periodo><ValorEnergiaActiva>0.00</ValorEnergiaActiva><PrecioEnergia>0.0000000</PrecioEnergia></Periodo><Periodo><ValorEnergiaActiva>0.00</ValorEnergiaActiva><PrecioEnergia>0.0000000</PrecioEnergia></Periodo></TerminoEnergiaActiva><ImporteTotalEnergiaActiva>277.84</ImporteTotalEnergiaActiva></EnergiaActiva><EnergiaReactiva><TerminoEnergiaReactiva><FechaDesde>2018-01-24</FechaDesde><FechaHasta>2018-02-16</FechaHasta><Periodo><ValorEnergiaReactiva>0.00</ValorEnergiaReactiva><PrecioEnergiaReactiva>0.0000000</PrecioEnergiaReactiva></Periodo><Periodo><ValorEnergiaReactiva>0.00</ValorEnergiaReactiva><PrecioEnergiaReactiva>0.0000000</PrecioEnergiaReactiva></Periodo><Periodo><ValorEnergiaReactiva>0.00</ValorEnergiaReactiva><PrecioEnergiaReactiva>0.0000000</PrecioEnergiaReactiva></Periodo><Periodo><ValorEnergiaReactiva>0.00</ValorEnergiaReactiva><PrecioEnergiaReactiva>0.0000000</PrecioEnergiaReactiva></Periodo><Periodo><ValorEnergiaReactiva>0.00</ValorEnergiaReactiva><PrecioEnergiaReactiva>0.0000000</PrecioEnergiaReactiva></Periodo><Periodo><ValorEnergiaReactiva>0.00</ValorEnergiaReactiva><PrecioEnergiaReactiva>0.0000000</PrecioEnergiaReactiva></Periodo></TerminoEnergiaReactiva><ImporteTotalEnergiaReactiva>0.00</ImporteTotalEnergiaReactiva></EnergiaReactiva><ImpuestoElectrico><BaseImponible>0.00</BaseImponible><Porcentaje>0.0000000</Porcentaje><Importe>0.00</Importe></ImpuestoElectrico><Alquileres><PrecioDiarioAlquiler><PrecioDia>0.3609860</PrecioDia><NumeroDias>23</NumeroDias></PrecioDiarioAlquiler><PrecioDiarioAlquiler><PrecioDia>0.0286030</PrecioDia><NumeroDias>23</NumeroDias></PrecioDiarioAlquiler><PrecioDiarioAlquiler><PrecioDia>0.0000000</PrecioDia><NumeroDias>0</NumeroDias></PrecioDiarioAlquiler><PrecioDiarioAlquiler><PrecioDia>0.0000000</PrecioDia><NumeroDias>0</NumeroDias></PrecioDiarioAlquiler><PrecioDiarioAlquiler><PrecioDia>0.0000000</PrecioDia><NumeroDias>0</NumeroDias></PrecioDiarioAlquiler><PrecioDiarioAlquiler><PrecioDia>0.0000000</PrecioDia><NumeroDias>0</NumeroDias></PrecioDiarioAlquiler><ImporteFacturacionAlquileres>8.96</ImporteFacturacionAlquileres></Alquileres><ImporteIntereses>0.00</ImporteIntereses><IVA><BaseImponible>784.29</BaseImponible><Porcentaje>21.00</Porcentaje><Importe>164.70</Importe></IVA><IVAReducido><BaseImponible>0.00</BaseImponible><Porcentaje>0.00</Porcentaje><Importe>0.00</Importe></IVAReducido><Medidas><CodPM>ES0022000007899987AA1P</CodPM><ModeloAparato><TipoAparato>CG</TipoAparato><MarcaAparato>026</MarcaAparato><NumeroSerie>501602522</NumeroSerie><TipoDHEdM>6</TipoDHEdM><Integrador><Magnitud>AE</Magnitud><CodigoPeriodo>62</CodigoPeriodo><ConstanteMultiplicadora>1.000</ConstanteMultiplicadora><NumeroRuedasEnteras>08</NumeroRuedasEnteras><NumeroRuedasDecimales>00</NumeroRuedasDecimales><ConsumoCalculado>11617.00</ConsumoCalculado><LecturaDesde><Fecha>2018-01-24</Fecha><Procedencia>20</Procedencia><Lectura>134288.00</Lectura></LecturaDesde><LecturaHasta><Fecha>2018-02-16</Fecha><Procedencia>20</Procedencia><Lectura>145905.00</Lectura></LecturaHasta></Integrador><Integrador><Magnitud>AE</Magnitud><CodigoPeriodo>63</CodigoPeriodo><ConstanteMultiplicadora>1.000</ConstanteMultiplicadora><NumeroRuedasEnteras>08</NumeroRuedasEnteras><NumeroRuedasDecimales>00</NumeroRuedasDecimales><ConsumoCalculado>6959.00</ConsumoCalculado><LecturaDesde><Fecha>2018-01-24</Fecha><Procedencia>20</Procedencia><Lectura>72604.00</Lectura></LecturaDesde><LecturaHasta><Fecha>2018-02-16</Fecha><Procedencia>20</Procedencia><Lectura>79563.00</Lectura></LecturaHasta></Integrador><Integrador><Magnitud>AE</Magnitud><CodigoPeriodo>64</CodigoPeriodo><ConstanteMultiplicadora>1.000</ConstanteMultiplicadora><NumeroRuedasEnteras>08</NumeroRuedasEnteras><NumeroRuedasDecimales>00</NumeroRuedasDecimales><ConsumoCalculado>189.00</ConsumoCalculado><LecturaDesde><Fecha>2018-01-24</Fecha><Procedencia>20</Procedencia><Lectura>3753.00</Lectura></LecturaDesde><LecturaHasta><Fecha>2018-02-16</Fecha><Procedencia>20</Procedencia><Lectura>3942.00</Lectura></LecturaHasta></Integrador><Integrador><Magnitud>AE</Magnitud><CodigoPeriodo>65</CodigoPeriodo><ConstanteMultiplicadora>1.000</ConstanteMultiplicadora><NumeroRuedasEnteras>08</NumeroRuedasEnteras><NumeroRuedasDecimales>00</NumeroRuedasDecimales><ConsumoCalculado>1307.00</ConsumoCalculado><LecturaDesde><Fecha>2018-01-24</Fecha><Procedencia>20</Procedencia><Lectura>11024.00</Lectura></LecturaDesde><LecturaHasta><Fecha>2018-02-16</Fecha><Procedencia>20</Procedencia><Lectura>12331.00</Lectura></LecturaHasta></Integrador><Integrador><Magnitud>AE</Magnitud><CodigoPeriodo>66</CodigoPeriodo><ConstanteMultiplicadora>1.000</ConstanteMultiplicadora><NumeroRuedasEnteras>08</NumeroRuedasEnteras><NumeroRuedasDecimales>00</NumeroRuedasDecimales><ConsumoCalculado>1359.00</ConsumoCalculado><LecturaDesde><Fecha>2018-01-24</Fecha><Procedencia>20</Procedencia><Lectura>16502.00</Lectura></LecturaDesde><LecturaHasta><Fecha>2018-02-16</Fecha><Procedencia>20</Procedencia><Lectura>17861.00</Lectura></LecturaHasta></Integrador><Integrador><Magnitud>AE</Magnitud><CodigoPeriodo>61</CodigoPeriodo><ConstanteMultiplicadora>1.000</ConstanteMultiplicadora><NumeroRuedasEnteras>08</NumeroRuedasEnteras><NumeroRuedasDecimales>00</NumeroRuedasDecimales><ConsumoCalculado>3887.00</ConsumoCalculado><LecturaDesde><Fecha>2018-01-24</Fecha><Procedencia>20</Procedencia><Lectura>44646.00</Lectura></LecturaDesde><LecturaHasta><Fecha>2018-02-16</Fecha><Procedencia>20</Procedencia><Lectura>48533.00</Lectura></LecturaHasta></Integrador><Integrador><Magnitud>R1</Magnitud><CodigoPeriodo>61</CodigoPeriodo><ConstanteMultiplicadora>1.000</ConstanteMultiplicadora><NumeroRuedasEnteras>08</NumeroRuedasEnteras><NumeroRuedasDecimales>00</NumeroRuedasDecimales><ConsumoCalculado>210.00</ConsumoCalculado><LecturaDesde><Fecha>2018-01-24</Fecha><Procedencia>20</Procedencia><Lectura>11083.00</Lectura></LecturaDesde><LecturaHasta><Fecha>2018-02-16</Fecha><Procedencia>20</Procedencia><Lectura>11293.00</Lectura></LecturaHasta></Integrador><Integrador><Magnitud>R1</Magnitud><CodigoPeriodo>62</CodigoPeriodo><ConstanteMultiplicadora>1.000</ConstanteMultiplicadora><NumeroRuedasEnteras>08</NumeroRuedasEnteras><NumeroRuedasDecimales>00</NumeroRuedasDecimales><ConsumoCalculado>538.00</ConsumoCalculado><LecturaDesde><Fecha>2018-01-24</Fecha><Procedencia>20</Procedencia><Lectura>32865.00</Lectura></LecturaDesde><LecturaHasta><Fecha>2018-02-16</Fecha><Procedencia>20</Procedencia><Lectura>33403.00</Lectura></LecturaHasta></Integrador><Integrador><Magnitud>R1</Magnitud><CodigoPeriodo>64</CodigoPeriodo><ConstanteMultiplicadora>1.000</ConstanteMultiplicadora><NumeroRuedasEnteras>08</NumeroRuedasEnteras><NumeroRuedasDecimales>00</NumeroRuedasDecimales><ConsumoCalculado>0.00</ConsumoCalculado><LecturaDesde><Fecha>2018-01-24</Fecha><Procedencia>20</Procedencia><Lectura>626.00</Lectura></LecturaDesde><LecturaHasta><Fecha>2018-02-16</Fecha><Procedencia>20</Procedencia><Lectura>626.00</Lectura></LecturaHasta></Integrador><Integrador><Magnitud>R1</Magnitud><CodigoPeriodo>65</CodigoPeriodo><ConstanteMultiplicadora>1.000</ConstanteMultiplicadora><NumeroRuedasEnteras>08</NumeroRuedasEnteras><NumeroRuedasDecimales>00</NumeroRuedasDecimales><ConsumoCalculado>50.00</ConsumoCalculado><LecturaDesde><Fecha>2018-01-24</Fecha><Procedencia>20</Procedencia><Lectura>2242.00</Lectura></LecturaDesde><LecturaHasta><Fecha>2018-02-16</Fecha><Procedencia>20</Procedencia><Lectura>2292.00</Lectura></LecturaHasta></Integrador><Integrador><Magnitud>R1</Magnitud><CodigoPeriodo>66</CodigoPeriodo><ConstanteMultiplicadora>1.000</ConstanteMultiplicadora><NumeroRuedasEnteras>08</NumeroRuedasEnteras><NumeroRuedasDecimales>00</NumeroRuedasDecimales><ConsumoCalculado>64.00</ConsumoCalculado><LecturaDesde><Fecha>2018-01-24</Fecha><Procedencia>20</Procedencia><Lectura>3696.00</Lectura></LecturaDesde><LecturaHasta><Fecha>2018-02-16</Fecha><Procedencia>20</Procedencia><Lectura>3760.00</Lectura></LecturaHasta></Integrador><Integrador><Magnitud>R1</Magnitud><CodigoPeriodo>63</CodigoPeriodo><ConstanteMultiplicadora>1.000</ConstanteMultiplicadora><NumeroRuedasEnteras>08</NumeroRuedasEnteras><NumeroRuedasDecimales>00</NumeroRuedasDecimales><ConsumoCalculado>409.00</ConsumoCalculado><LecturaDesde><Fecha>2018-01-24</Fecha><Procedencia>20</Procedencia><Lectura>18069.00</Lectura></LecturaDesde><LecturaHasta><Fecha>2018-02-16</Fecha><Procedencia>20</Procedencia><Lectura>18478.00</Lectura></LecturaHasta></Integrador><Integrador><Magnitud>PM</Magnitud><CodigoPeriodo>61</CodigoPeriodo><ConstanteMultiplicadora>1.000</ConstanteMultiplicadora><NumeroRuedasEnteras>08</NumeroRuedasEnteras><NumeroRuedasDecimales>00</NumeroRuedasDecimales><ConsumoCalculado>64000.00</ConsumoCalculado><LecturaDesde><Fecha>2018-01-24</Fecha><Procedencia>20</Procedencia><Lectura>58000.00</Lectura></LecturaDesde><LecturaHasta><Fecha>2018-02-16</Fecha><Procedencia>20</Procedencia><Lectura>64000.00</Lectura></LecturaHasta></Integrador><Integrador><Magnitud>PM</Magnitud><CodigoPeriodo>62</CodigoPeriodo><ConstanteMultiplicadora>1.000</ConstanteMultiplicadora><NumeroRuedasEnteras>08</NumeroRuedasEnteras><NumeroRuedasDecimales>00</NumeroRuedasDecimales><ConsumoCalculado>64000.00</ConsumoCalculado><LecturaDesde><Fecha>2018-01-24</Fecha><Procedencia>20</Procedencia><Lectura>57000.00</Lectura></LecturaDesde><LecturaHasta><Fecha>2018-02-16</Fecha><Procedencia>20</Procedencia><Lectura>64000.00</Lectura></LecturaHasta></Integrador><Integrador><Magnitud>PM</Magnitud><CodigoPeriodo>63</CodigoPeriodo><ConstanteMultiplicadora>1.000</ConstanteMultiplicadora><NumeroRuedasEnteras>08</NumeroRuedasEnteras><NumeroRuedasDecimales>00</NumeroRuedasDecimales><ConsumoCalculado>63000.00</ConsumoCalculado><LecturaDesde><Fecha>2018-01-24</Fecha><Procedencia>20</Procedencia><Lectura>53000.00</Lectura></LecturaDesde><LecturaHasta><Fecha>2018-02-16</Fecha><Procedencia>20</Procedencia><Lectura>63000.00</Lectura></LecturaHasta></Integrador><Integrador><Magnitud>PM</Magnitud><CodigoPeriodo>65</CodigoPeriodo><ConstanteMultiplicadora>1.000</ConstanteMultiplicadora><NumeroRuedasEnteras>08</NumeroRuedasEnteras><NumeroRuedasDecimales>00</NumeroRuedasDecimales><ConsumoCalculado>55000.00</ConsumoCalculado><LecturaDesde><Fecha>2018-01-24</Fecha><Procedencia>20</Procedencia><Lectura>45000.00</Lectura></LecturaDesde><LecturaHasta><Fecha>2018-02-16</Fecha><Procedencia>20</Procedencia><Lectura>55000.00</Lectura></LecturaHasta></Integrador><Integrador><Magnitud>PM</Magnitud><CodigoPeriodo>66</CodigoPeriodo><ConstanteMultiplicadora>1.000</ConstanteMultiplicadora><NumeroRuedasEnteras>08</NumeroRuedasEnteras><NumeroRuedasDecimales>00</NumeroRuedasDecimales><ConsumoCalculado>56000.00</ConsumoCalculado><LecturaDesde><Fecha>2018-01-24</Fecha><Procedencia>20</Procedencia><Lectura>49000.00</Lectura></LecturaDesde><LecturaHasta><Fecha>2018-02-16</Fecha><Procedencia>20</Procedencia><Lectura>56000.00</Lectura></LecturaHasta></Integrador><Integrador><Magnitud>PM</Magnitud><CodigoPeriodo>64</CodigoPeriodo><ConstanteMultiplicadora>1.000</ConstanteMultiplicadora><NumeroRuedasEnteras>08</NumeroRuedasEnteras><NumeroRuedasDecimales>00</NumeroRuedasDecimales><ConsumoCalculado>8000.00</ConsumoCalculado><LecturaDesde><Fecha>2018-01-24</Fecha><Procedencia>20</Procedencia><Lectura>9000.00</Lectura></LecturaDesde><LecturaHasta><Fecha>2018-02-16</Fecha><Procedencia>20</Procedencia><Lectura>8000.00</Lectura></LecturaHasta></Integrador></ModeloAparato></Medidas></FacturaATR><RegistroFin><ImporteTotal>948.99</ImporteTotal><SaldoTotalFacturacion>0.00</SaldoTotalFacturacion><TotalRecibos>1</TotalRecibos><TipoMoneda>02</TipoMoneda><FechaValor>2018-02-17</FechaValor><FechaLimitePago>9999-01-01</FechaLimitePago><IBAN>ES4020381522036100029989</IBAN><IdRemesa>20180216</IdRemesa></RegistroFin></Facturas><OtrosDatosFactura><SociedadMercantilEmisora>UNION FENOSA DISTRIBUCION S.A.</SociedadMercantilEmisora><SociedadMercantilDestino>SUNAIR ONE ENERGY S.L.</SociedadMercantilDestino><DireccionEmisora>AV. SAN LUIS ,77 28033 MADRID (MADRID)</DireccionEmisora><DireccionDestino>IGNASI IGLESIAS , 69 (43206)-REUS(TARRAGONA)</DireccionDestino></OtrosDatosFactura></MensajeFacturacion>