<?xml version="1.0" encoding="ISO-8859-1"?><MensajeFacturacion Firmar="NO" xmlns="http://localhost/elegibilidad"><Cabecera><CodigoREEEmpresaEmisora>0022</CodigoREEEmpresaEmisora><CodigoREEEmpresaDestino>0815</CodigoREEEmpresaDestino><CodigoDelProceso>F1</CodigoDelProceso><CodigoDePaso>01</CodigoDePaso><CodigoDeSolicitud>201802150352</CodigoDeSolicitud><SecuencialDeSolicitud>01</SecuencialDeSolicitud><FechaSolicitud>2018-02-15T03:52:22</FechaSolicitud><CUPS>ES0022000008207134VP1P</CUPS></Cabecera><Facturas><FacturaATR><DatosGeneralesFacturaATR><DireccionSuministro><Pais>ES</Pais><Provincia>27</Provincia><Municipio>27055</Municipio><Poblacion>2004000</Poblacion><TipoVia>CL</TipoVia><CodPostal>27620</CodPostal><Calle>CALLE SALVADOR</Calle><NumeroFinca>00001</NumeroFinca><DuplicadorFinca>DU</DuplicadorFinca><Escalera>RE</Escalera><Piso>ST</Piso><Puerta>AU</Puerta></DireccionSuministro><Cliente><TipoIdentificador>NI</TipoIdentificador><Identificador>B55567986</Identificador></Cliente><CodContrato>105217085960</CodContrato><DatosGeneralesFactura><CodigoFiscalFactura>5418021163693</CodigoFiscalFactura><TipoFactura>N</TipoFactura><MotivoFacturacion>01</MotivoFacturacion><FechaFactura>2018-02-14</FechaFactura><IdentificadorEmisora>A63222533</IdentificadorEmisora><ImporteTotalFactura>78.83</ImporteTotalFactura><SaldoFactura>0.00</SaldoFactura><TipoMoneda>02</TipoMoneda></DatosGeneralesFactura><DatosFacturaATR><FechaBOE>2014-02-01</FechaBOE><TarifaATRFact>005</TarifaATRFact><ModoControlPotencia>1</ModoControlPotencia><MarcaMedidaConPerdidas>N</MarcaMedidaConPerdidas><VAsTrafo>0</VAsTrafo><PorcentajePerdidas>0.00</PorcentajePerdidas><IndicativoCurvaCarga>01</IndicativoCurvaCarga><PeriodoCCH><FechaDesdeCCH>2018-01-13</FechaDesdeCCH><FechaHastaCCH>2018-02-12</FechaHastaCCH></PeriodoCCH><Periodo><FechaDesdeFactura>2018-01-13</FechaDesdeFactura><FechaHastaFactura>2018-02-12</FechaHastaFactura><NumeroDias>30</NumeroDias></Periodo></DatosFacturaATR></DatosGeneralesFacturaATR><Potencia><TerminoPotencia><FechaDesde>2018-01-13</FechaDesde><FechaHasta>2018-02-12</FechaHasta><Periodo><PotenciaContratada>13856</PotenciaContratada><PotenciaMaxDemandada>13856</PotenciaMaxDemandada><PotenciaAFacturar>13856</PotenciaAFacturar><PrecioPotencia>0.1217660</PrecioPotencia></Periodo><Periodo><PotenciaContratada>0</PotenciaContratada><PotenciaMaxDemandada>0</PotenciaMaxDemandada><PotenciaAFacturar>0</PotenciaAFacturar><PrecioPotencia>0.0000000</PrecioPotencia></Periodo><Periodo><PotenciaContratada>0</PotenciaContratada><PotenciaMaxDemandada>0</PotenciaMaxDemandada><PotenciaAFacturar>0</PotenciaAFacturar><PrecioPotencia>0.0000000</PrecioPotencia></Periodo><Periodo><PotenciaContratada>0</PotenciaContratada><PotenciaMaxDemandada>0</PotenciaMaxDemandada><PotenciaAFacturar>0</PotenciaAFacturar><PrecioPotencia>0.0000000</PrecioPotencia></Periodo><Periodo><PotenciaContratada>0</PotenciaContratada><PotenciaMaxDemandada>0</PotenciaMaxDemandada><PotenciaAFacturar>0</PotenciaAFacturar><PrecioPotencia>0.0000000</PrecioPotencia></Periodo><Periodo><PotenciaContratada>0</PotenciaContratada><PotenciaMaxDemandada>0</PotenciaMaxDemandada><PotenciaAFacturar>0</PotenciaAFacturar><PrecioPotencia>0.0000000</PrecioPotencia></Periodo></TerminoPotencia><ImporteTotalTerminoPotencia>50.62</ImporteTotalTerminoPotencia></Potencia><ExcesoPotencia><Periodo><ValorExcesoPotencia>0.00</ValorExcesoPotencia></Periodo><Periodo><ValorExcesoPotencia>0.00</ValorExcesoPotencia></Periodo><Periodo><ValorExcesoPotencia>0.00</ValorExcesoPotencia></Periodo><Periodo><ValorExcesoPotencia>0.00</ValorExcesoPotencia></Periodo><Periodo><ValorExcesoPotencia>0.00</ValorExcesoPotencia></Periodo><Periodo><ValorExcesoPotencia>0.00</ValorExcesoPotencia></Periodo><ImporteTotalExcesos>0.00</ImporteTotalExcesos></ExcesoPotencia><EnergiaActiva><TerminoEnergiaActiva><FechaDesde>2018-01-13</FechaDesde><FechaHasta>2018-02-12</FechaHasta><Periodo><ValorEnergiaActiva>230.00</ValorEnergiaActiva><PrecioEnergia>0.0573600</PrecioEnergia></Periodo><Periodo><ValorEnergiaActiva>0.00</ValorEnergiaActiva><PrecioEnergia>0.0000000</PrecioEnergia></Periodo><Periodo><ValorEnergiaActiva>0.00</ValorEnergiaActiva><PrecioEnergia>0.0000000</PrecioEnergia></Periodo><Periodo><ValorEnergiaActiva>0.00</ValorEnergiaActiva><PrecioEnergia>0.0000000</PrecioEnergia></Periodo><Periodo><ValorEnergiaActiva>0.00</ValorEnergiaActiva><PrecioEnergia>0.0000000</PrecioEnergia></Periodo><Periodo><ValorEnergiaActiva>0.00</ValorEnergiaActiva><PrecioEnergia>0.0000000</PrecioEnergia></Periodo></TerminoEnergiaActiva><ImporteTotalEnergiaActiva>13.19</ImporteTotalEnergiaActiva></EnergiaActiva><EnergiaReactiva><TerminoEnergiaReactiva><FechaDesde>2018-01-13</FechaDesde><FechaHasta>2018-02-12</FechaHasta><Periodo><ValorEnergiaReactiva>0.00</ValorEnergiaReactiva><PrecioEnergiaReactiva>0.0000000</PrecioEnergiaReactiva></Periodo><Periodo><ValorEnergiaReactiva>0.00</ValorEnergiaReactiva><PrecioEnergiaReactiva>0.0000000</PrecioEnergiaReactiva></Periodo><Periodo><ValorEnergiaReactiva>0.00</ValorEnergiaReactiva><PrecioEnergiaReactiva>0.0000000</PrecioEnergiaReactiva></Periodo><Periodo><ValorEnergiaReactiva>0.00</ValorEnergiaReactiva><PrecioEnergiaReactiva>0.0000000</PrecioEnergiaReactiva></Periodo><Periodo><ValorEnergiaReactiva>0.00</ValorEnergiaReactiva><PrecioEnergiaReactiva>0.0000000</PrecioEnergiaReactiva></Periodo><Periodo><ValorEnergiaReactiva>0.00</ValorEnergiaReactiva><PrecioEnergiaReactiva>0.0000000</PrecioEnergiaReactiva></Periodo></TerminoEnergiaReactiva><ImporteTotalEnergiaReactiva>0.00</ImporteTotalEnergiaReactiva></EnergiaReactiva><ImpuestoElectrico><BaseImponible>0.00</BaseImponible><Porcentaje>0.0000000</Porcentaje><Importe>0.00</Importe></ImpuestoElectrico><Alquileres><PrecioDiarioAlquiler><PrecioDia>0.0447120</PrecioDia><NumeroDias>30</NumeroDias></PrecioDiarioAlquiler><PrecioDiarioAlquiler><PrecioDia>0.0000000</PrecioDia><NumeroDias>0</NumeroDias></PrecioDiarioAlquiler><PrecioDiarioAlquiler><PrecioDia>0.0000000</PrecioDia><NumeroDias>0</NumeroDias></PrecioDiarioAlquiler><PrecioDiarioAlquiler><PrecioDia>0.0000000</PrecioDia><NumeroDias>0</NumeroDias></PrecioDiarioAlquiler><PrecioDiarioAlquiler><PrecioDia>0.0000000</PrecioDia><NumeroDias>0</NumeroDias></PrecioDiarioAlquiler><PrecioDiarioAlquiler><PrecioDia>0.0000000</PrecioDia><NumeroDias>0</NumeroDias></PrecioDiarioAlquiler><ImporteFacturacionAlquileres>1.34</ImporteFacturacionAlquileres></Alquileres><ImporteIntereses>0.00</ImporteIntereses><IVA><BaseImponible>65.15</BaseImponible><Porcentaje>21.00</Porcentaje><Importe>13.68</Importe></IVA><IVAReducido><BaseImponible>0.00</BaseImponible><Porcentaje>0.00</Porcentaje><Importe>0.00</Importe></IVAReducido><Medidas><CodPM>ES0022000008207134VP1P</CodPM><ModeloAparato><TipoAparato>TG</TipoAparato><MarcaAparato>132</MarcaAparato><NumeroSerie>045747500</NumeroSerie><TipoDHEdM>1</TipoDHEdM><Integrador><Magnitud>AE</Magnitud><CodigoPeriodo>10</CodigoPeriodo><ConstanteMultiplicadora>1.000</ConstanteMultiplicadora><NumeroRuedasEnteras>08</NumeroRuedasEnteras><NumeroRuedasDecimales>00</NumeroRuedasDecimales><ConsumoCalculado>230.00</ConsumoCalculado><LecturaDesde><Fecha>2018-01-13</Fecha><Procedencia>60</Procedencia><Lectura>26324.00</Lectura></LecturaDesde><LecturaHasta><Fecha>2018-02-12</Fecha><Procedencia>60</Procedencia><Lectura>26554.00</Lectura></LecturaHasta></Integrador></ModeloAparato></Medidas></FacturaATR><RegistroFin><ImporteTotal>78.83</ImporteTotal><SaldoTotalFacturacion>0.00</SaldoTotalFacturacion><TotalRecibos>1</TotalRecibos><TipoMoneda>02</TipoMoneda><FechaValor>2018-02-16</FechaValor><FechaLimitePago>9999-01-01</FechaLimitePago><IBAN>ES4020381522036100029989</IBAN><IdRemesa>20180215</IdRemesa></RegistroFin></Facturas><OtrosDatosFactura><SociedadMercantilEmisora>UNION FENOSA DISTRIBUCION S.A.</SociedadMercantilEmisora><SociedadMercantilDestino>SUNAIR ONE ENERGY S.L.</SociedadMercantilDestino><DireccionEmisora>AV. SAN LUIS ,77 28033 MADRID (MADRID)</DireccionEmisora><DireccionDestino>IGNASI IGLESIAS , 69 (43206)-REUS(TARRAGONA)</DireccionDestino></OtrosDatosFactura></MensajeFacturacion>