<?xml version="1.0" encoding="ISO-8859-1"?><MensajeFacturacion Firmar="NO" xmlns="http://localhost/elegibilidad"><Cabecera><CodigoREEEmpresaEmisora>0022</CodigoREEEmpresaEmisora><CodigoREEEmpresaDestino>0815</CodigoREEEmpresaDestino><CodigoDelProceso>F1</CodigoDelProceso><CodigoDePaso>01</CodigoDePaso><CodigoDeSolicitud>201802160545</CodigoDeSolicitud><SecuencialDeSolicitud>01</SecuencialDeSolicitud><FechaSolicitud>2018-02-16T05:45:09</FechaSolicitud><CUPS>ES0022000004984729MH1P</CUPS></Cabecera><Facturas><FacturaATR><DatosGeneralesFacturaATR><DireccionSuministro><Pais>ES</Pais><Provincia>27</Provincia><Municipio>27055</Municipio><Poblacion>2004000</Poblacion><TipoVia>AV</TipoVia><CodPostal>27620</CodPostal><Calle>AVDA DE COMPOSTELA</Calle><NumeroFinca>00003</NumeroFinca><DuplicadorFinca>*</DuplicadorFinca></DireccionSuministro><Cliente><TipoIdentificador>NI</TipoIdentificador><Identificador>B55567986</Identificador></Cliente><CodContrato>105217094345</CodContrato><DatosGeneralesFactura><CodigoFiscalFactura>5518021250074</CodigoFiscalFactura><TipoFactura>N</TipoFactura><MotivoFacturacion>01</MotivoFacturacion><FechaFactura>2018-02-16</FechaFactura><IdentificadorEmisora>A63222533</IdentificadorEmisora><ImporteTotalFactura>383.22</ImporteTotalFactura><SaldoFactura>0.00</SaldoFactura><TipoMoneda>02</TipoMoneda></DatosGeneralesFactura><DatosFacturaATR><FechaBOE>2014-02-01</FechaBOE><TarifaATRFact>003</TarifaATRFact><MarcaMedidaConPerdidas>N</MarcaMedidaConPerdidas><VAsTrafo>0</VAsTrafo><PorcentajePerdidas>0.00</PorcentajePerdidas><IndicativoCurvaCarga>03</IndicativoCurvaCarga><Periodo><FechaDesdeFactura>2018-01-14</FechaDesdeFactura><FechaHastaFactura>2018-02-16</FechaHastaFactura><NumeroDias>33</NumeroDias></Periodo></DatosFacturaATR></DatosGeneralesFacturaATR><Potencia><TerminoPotencia><FechaDesde>2018-01-14</FechaDesde><FechaHasta>2018-02-16</FechaHasta><Periodo><PotenciaContratada>35000</PotenciaContratada><PotenciaMaxDemandada>24050</PotenciaMaxDemandada><PotenciaAFacturar>29750</PotenciaAFacturar><PrecioPotencia>0.1115860</PrecioPotencia></Periodo><Periodo><PotenciaContratada>40000</PotenciaContratada><PotenciaMaxDemandada>26190</PotenciaMaxDemandada><PotenciaAFacturar>34000</PotenciaAFacturar><PrecioPotencia>0.0669520</PrecioPotencia></Periodo><Periodo><PotenciaContratada>50000</PotenciaContratada><PotenciaMaxDemandada>17980</PotenciaMaxDemandada><PotenciaAFacturar>42500</PotenciaAFacturar><PrecioPotencia>0.0446340</PrecioPotencia></Periodo><Periodo><PotenciaContratada>0</PotenciaContratada><PotenciaMaxDemandada>0</PotenciaMaxDemandada><PotenciaAFacturar>0</PotenciaAFacturar><PrecioPotencia>0.0000000</PrecioPotencia></Periodo><Periodo><PotenciaContratada>0</PotenciaContratada><PotenciaMaxDemandada>0</PotenciaMaxDemandada><PotenciaAFacturar>0</PotenciaAFacturar><PrecioPotencia>0.0000000</PrecioPotencia></Periodo><Periodo><PotenciaContratada>0</PotenciaContratada><PotenciaMaxDemandada>0</PotenciaMaxDemandada><PotenciaAFacturar>0</PotenciaAFacturar><PrecioPotencia>0.0000000</PrecioPotencia></Periodo></TerminoPotencia><ImporteTotalTerminoPotencia>247.17</ImporteTotalTerminoPotencia></Potencia><ExcesoPotencia><Periodo><ValorExcesoPotencia>0.00</ValorExcesoPotencia></Periodo><Periodo><ValorExcesoPotencia>0.00</ValorExcesoPotencia></Periodo><Periodo><ValorExcesoPotencia>0.00</ValorExcesoPotencia></Periodo><Periodo><ValorExcesoPotencia>0.00</ValorExcesoPotencia></Periodo><Periodo><ValorExcesoPotencia>0.00</ValorExcesoPotencia></Periodo><Periodo><ValorExcesoPotencia>0.00</ValorExcesoPotencia></Periodo><ImporteTotalExcesos>0.00</ImporteTotalExcesos></ExcesoPotencia><EnergiaActiva><TerminoEnergiaActiva><FechaDesde>2018-01-14</FechaDesde><FechaHasta>2018-02-16</FechaHasta><Periodo><ValorEnergiaActiva>911.00</ValorEnergiaActiva><PrecioEnergia>0.0187620</PrecioEnergia></Periodo><Periodo><ValorEnergiaActiva>2668.00</ValorEnergiaActiva><PrecioEnergia>0.0125750</PrecioEnergia></Periodo><Periodo><ValorEnergiaActiva>1497.00</ValorEnergiaActiva><PrecioEnergia>0.0046700</PrecioEnergia></Periodo><Periodo><ValorEnergiaActiva>0.00</ValorEnergiaActiva><PrecioEnergia>0.0000000</PrecioEnergia></Periodo><Periodo><ValorEnergiaActiva>0.00</ValorEnergiaActiva><PrecioEnergia>0.0000000</PrecioEnergia></Periodo><Periodo><ValorEnergiaActiva>0.00</ValorEnergiaActiva><PrecioEnergia>0.0000000</PrecioEnergia></Periodo></TerminoEnergiaActiva><ImporteTotalEnergiaActiva>57.63</ImporteTotalEnergiaActiva></EnergiaActiva><EnergiaReactiva><TerminoEnergiaReactiva><FechaDesde>2018-01-14</FechaDesde><FechaHasta>2018-02-16</FechaHasta><Periodo><ValorEnergiaReactiva>0.00</ValorEnergiaReactiva><PrecioEnergiaReactiva>0.0000000</PrecioEnergiaReactiva></Periodo><Periodo><ValorEnergiaReactiva>0.00</ValorEnergiaReactiva><PrecioEnergiaReactiva>0.0000000</PrecioEnergiaReactiva></Periodo><Periodo><ValorEnergiaReactiva>0.00</ValorEnergiaReactiva><PrecioEnergiaReactiva>0.0000000</PrecioEnergiaReactiva></Periodo><Periodo><ValorEnergiaReactiva>0.00</ValorEnergiaReactiva><PrecioEnergiaReactiva>0.0000000</PrecioEnergiaReactiva></Periodo><Periodo><ValorEnergiaReactiva>0.00</ValorEnergiaReactiva><PrecioEnergiaReactiva>0.0000000</PrecioEnergiaReactiva></Periodo><Periodo><ValorEnergiaReactiva>0.00</ValorEnergiaReactiva><PrecioEnergiaReactiva>0.0000000</PrecioEnergiaReactiva></Periodo></TerminoEnergiaReactiva><ImporteTotalEnergiaReactiva>0.00</ImporteTotalEnergiaReactiva></EnergiaReactiva><ImpuestoElectrico><BaseImponible>0.00</BaseImponible><Porcentaje>0.0000000</Porcentaje><Importe>0.00</Importe></ImpuestoElectrico><Alquileres><PrecioDiarioAlquiler><PrecioDia>0.3609860</PrecioDia><NumeroDias>33</NumeroDias></PrecioDiarioAlquiler><PrecioDiarioAlquiler><PrecioDia>0.0000000</PrecioDia><NumeroDias>0</NumeroDias></PrecioDiarioAlquiler><PrecioDiarioAlquiler><PrecioDia>0.0000000</PrecioDia><NumeroDias>0</NumeroDias></PrecioDiarioAlquiler><PrecioDiarioAlquiler><PrecioDia>0.0000000</PrecioDia><NumeroDias>0</NumeroDias></PrecioDiarioAlquiler><PrecioDiarioAlquiler><PrecioDia>0.0000000</PrecioDia><NumeroDias>0</NumeroDias></PrecioDiarioAlquiler><PrecioDiarioAlquiler><PrecioDia>0.0000000</PrecioDia><NumeroDias>0</NumeroDias></PrecioDiarioAlquiler><ImporteFacturacionAlquileres>11.91</ImporteFacturacionAlquileres></Alquileres><ImporteIntereses>0.00</ImporteIntereses><IVA><BaseImponible>316.71</BaseImponible><Porcentaje>21.00</Porcentaje><Importe>66.51</Importe></IVA><IVAReducido><BaseImponible>0.00</BaseImponible><Porcentaje>0.00</Porcentaje><Importe>0.00</Importe></IVAReducido><Medidas><CodPM>ES0022000004984729MH1P</CodPM><ModeloAparato><TipoAparato>CG</TipoAparato><MarcaAparato>026</MarcaAparato><NumeroSerie>0501704693</NumeroSerie><TipoDHEdM>6</TipoDHEdM><Integrador><Magnitud>AE</Magnitud><CodigoPeriodo>61</CodigoPeriodo><ConstanteMultiplicadora>1.000</ConstanteMultiplicadora><NumeroRuedasEnteras>08</NumeroRuedasEnteras><NumeroRuedasDecimales>00</NumeroRuedasDecimales><ConsumoCalculado>666.00</ConsumoCalculado><LecturaDesde><Fecha>2018-01-14</Fecha><Procedencia>20</Procedencia><Lectura>1.00</Lectura></LecturaDesde><LecturaHasta><Fecha>2018-02-16</Fecha><Procedencia>20</Procedencia><Lectura>667.00</Lectura></LecturaHasta></Integrador><Integrador><Magnitud>AE</Magnitud><CodigoPeriodo>62</CodigoPeriodo><ConstanteMultiplicadora>1.000</ConstanteMultiplicadora><NumeroRuedasEnteras>08</NumeroRuedasEnteras><NumeroRuedasDecimales>00</NumeroRuedasDecimales><ConsumoCalculado>1961.00</ConsumoCalculado><LecturaDesde><Fecha>2018-01-14</Fecha><Procedencia>20</Procedencia><Lectura>1.00</Lectura></LecturaDesde><LecturaHasta><Fecha>2018-02-16</Fecha><Procedencia>20</Procedencia><Lectura>1962.00</Lectura></LecturaHasta></Integrador><Integrador><Magnitud>AE</Magnitud><CodigoPeriodo>63</CodigoPeriodo><ConstanteMultiplicadora>1.000</ConstanteMultiplicadora><NumeroRuedasEnteras>08</NumeroRuedasEnteras><NumeroRuedasDecimales>00</NumeroRuedasDecimales><ConsumoCalculado>1107.00</ConsumoCalculado><LecturaDesde><Fecha>2018-01-14</Fecha><Procedencia>20</Procedencia><Lectura>1.00</Lectura></LecturaDesde><LecturaHasta><Fecha>2018-02-16</Fecha><Procedencia>20</Procedencia><Lectura>1108.00</Lectura></LecturaHasta></Integrador><Integrador><Magnitud>AE</Magnitud><CodigoPeriodo>65</CodigoPeriodo><ConstanteMultiplicadora>1.000</ConstanteMultiplicadora><NumeroRuedasEnteras>08</NumeroRuedasEnteras><NumeroRuedasDecimales>00</NumeroRuedasDecimales><ConsumoCalculado>707.00</ConsumoCalculado><LecturaDesde><Fecha>2018-01-14</Fecha><Procedencia>20</Procedencia><Lectura>1.00</Lectura></LecturaDesde><LecturaHasta><Fecha>2018-02-16</Fecha><Procedencia>20</Procedencia><Lectura>708.00</Lectura></LecturaHasta></Integrador><Integrador><Magnitud>AE</Magnitud><CodigoPeriodo>66</CodigoPeriodo><ConstanteMultiplicadora>1.000</ConstanteMultiplicadora><NumeroRuedasEnteras>08</NumeroRuedasEnteras><NumeroRuedasDecimales>00</NumeroRuedasDecimales><ConsumoCalculado>390.00</ConsumoCalculado><LecturaDesde><Fecha>2018-01-14</Fecha><Procedencia>20</Procedencia><Lectura>1.00</Lectura></LecturaDesde><LecturaHasta><Fecha>2018-02-16</Fecha><Procedencia>20</Procedencia><Lectura>391.00</Lectura></LecturaHasta></Integrador><Integrador><Magnitud>AE</Magnitud><CodigoPeriodo>64</CodigoPeriodo><ConstanteMultiplicadora>1.000</ConstanteMultiplicadora><NumeroRuedasEnteras>08</NumeroRuedasEnteras><NumeroRuedasDecimales>00</NumeroRuedasDecimales><ConsumoCalculado>245.00</ConsumoCalculado><LecturaDesde><Fecha>2018-01-14</Fecha><Procedencia>20</Procedencia><Lectura>1.00</Lectura></LecturaDesde><LecturaHasta><Fecha>2018-02-16</Fecha><Procedencia>20</Procedencia><Lectura>246.00</Lectura></LecturaHasta></Integrador><Integrador><Magnitud>R1</Magnitud><CodigoPeriodo>61</CodigoPeriodo><ConstanteMultiplicadora>1.000</ConstanteMultiplicadora><NumeroRuedasEnteras>08</NumeroRuedasEnteras><NumeroRuedasDecimales>00</NumeroRuedasDecimales><ConsumoCalculado>2.00</ConsumoCalculado><LecturaDesde><Fecha>2018-01-14</Fecha><Procedencia>20</Procedencia><Lectura>1.00</Lectura></LecturaDesde><LecturaHasta><Fecha>2018-02-16</Fecha><Procedencia>20</Procedencia><Lectura>3.00</Lectura></LecturaHasta></Integrador><Integrador><Magnitud>R1</Magnitud><CodigoPeriodo>62</CodigoPeriodo><ConstanteMultiplicadora>1.000</ConstanteMultiplicadora><NumeroRuedasEnteras>08</NumeroRuedasEnteras><NumeroRuedasDecimales>00</NumeroRuedasDecimales><ConsumoCalculado>11.00</ConsumoCalculado><LecturaDesde><Fecha>2018-01-14</Fecha><Procedencia>20</Procedencia><Lectura>1.00</Lectura></LecturaDesde><LecturaHasta><Fecha>2018-02-16</Fecha><Procedencia>20</Procedencia><Lectura>12.00</Lectura></LecturaHasta></Integrador><Integrador><Magnitud>R1</Magnitud><CodigoPeriodo>63</CodigoPeriodo><ConstanteMultiplicadora>1.000</ConstanteMultiplicadora><NumeroRuedasEnteras>08</NumeroRuedasEnteras><NumeroRuedasDecimales>00</NumeroRuedasDecimales><ConsumoCalculado>0.00</ConsumoCalculado><LecturaDesde><Fecha>2018-01-14</Fecha><Procedencia>20</Procedencia><Lectura>1.00</Lectura></LecturaDesde><LecturaHasta><Fecha>2018-02-16</Fecha><Procedencia>20</Procedencia><Lectura>1.00</Lectura></LecturaHasta></Integrador><Integrador><Magnitud>R1</Magnitud><CodigoPeriodo>64</CodigoPeriodo><ConstanteMultiplicadora>1.000</ConstanteMultiplicadora><NumeroRuedasEnteras>08</NumeroRuedasEnteras><NumeroRuedasDecimales>00</NumeroRuedasDecimales><ConsumoCalculado>0.00</ConsumoCalculado><LecturaDesde><Fecha>2018-01-14</Fecha><Procedencia>20</Procedencia><Lectura>1.00</Lectura></LecturaDesde><LecturaHasta><Fecha>2018-02-16</Fecha><Procedencia>20</Procedencia><Lectura>1.00</Lectura></LecturaHasta></Integrador><Integrador><Magnitud>R1</Magnitud><CodigoPeriodo>66</CodigoPeriodo><ConstanteMultiplicadora>1.000</ConstanteMultiplicadora><NumeroRuedasEnteras>08</NumeroRuedasEnteras><NumeroRuedasDecimales>00</NumeroRuedasDecimales><ConsumoCalculado>0.00</ConsumoCalculado><LecturaDesde><Fecha>2018-01-14</Fecha><Procedencia>20</Procedencia><Lectura>1.00</Lectura></LecturaDesde><LecturaHasta><Fecha>2018-02-16</Fecha><Procedencia>20</Procedencia><Lectura>1.00</Lectura></LecturaHasta></Integrador><Integrador><Magnitud>R1</Magnitud><CodigoPeriodo>65</CodigoPeriodo><ConstanteMultiplicadora>1.000</ConstanteMultiplicadora><NumeroRuedasEnteras>08</NumeroRuedasEnteras><NumeroRuedasDecimales>00</NumeroRuedasDecimales><ConsumoCalculado>2.00</ConsumoCalculado><LecturaDesde><Fecha>2018-01-14</Fecha><Procedencia>20</Procedencia><Lectura>1.00</Lectura></LecturaDesde><LecturaHasta><Fecha>2018-02-16</Fecha><Procedencia>20</Procedencia><Lectura>3.00</Lectura></LecturaHasta></Integrador><Integrador><Magnitud>PM</Magnitud><CodigoPeriodo>61</CodigoPeriodo><ConstanteMultiplicadora>1.000</ConstanteMultiplicadora><NumeroRuedasEnteras>08</NumeroRuedasEnteras><NumeroRuedasDecimales>00</NumeroRuedasDecimales><ConsumoCalculado>24050.00</ConsumoCalculado><LecturaDesde><Fecha>2018-01-14</Fecha><Procedencia>20</Procedencia><Lectura>10.00</Lectura></LecturaDesde><LecturaHasta><Fecha>2018-02-16</Fecha><Procedencia>20</Procedencia><Lectura>24050.00</Lectura></LecturaHasta></Integrador><Integrador><Magnitud>PM</Magnitud><CodigoPeriodo>62</CodigoPeriodo><ConstanteMultiplicadora>1.000</ConstanteMultiplicadora><NumeroRuedasEnteras>08</NumeroRuedasEnteras><NumeroRuedasDecimales>00</NumeroRuedasDecimales><ConsumoCalculado>26190.00</ConsumoCalculado><LecturaDesde><Fecha>2018-01-14</Fecha><Procedencia>20</Procedencia><Lectura>10.00</Lectura></LecturaDesde><LecturaHasta><Fecha>2018-02-16</Fecha><Procedencia>20</Procedencia><Lectura>26190.00</Lectura></LecturaHasta></Integrador><Integrador><Magnitud>PM</Magnitud><CodigoPeriodo>63</CodigoPeriodo><ConstanteMultiplicadora>1.000</ConstanteMultiplicadora><NumeroRuedasEnteras>08</NumeroRuedasEnteras><NumeroRuedasDecimales>00</NumeroRuedasDecimales><ConsumoCalculado>17980.00</ConsumoCalculado><LecturaDesde><Fecha>2018-01-14</Fecha><Procedencia>20</Procedencia><Lectura>10.00</Lectura></LecturaDesde><LecturaHasta><Fecha>2018-02-16</Fecha><Procedencia>20</Procedencia><Lectura>17980.00</Lectura></LecturaHasta></Integrador><Integrador><Magnitud>PM</Magnitud><CodigoPeriodo>64</CodigoPeriodo><ConstanteMultiplicadora>1.000</ConstanteMultiplicadora><NumeroRuedasEnteras>08</NumeroRuedasEnteras><NumeroRuedasDecimales>00</NumeroRuedasDecimales><ConsumoCalculado>18950.00</ConsumoCalculado><LecturaDesde><Fecha>2018-01-14</Fecha><Procedencia>20</Procedencia><Lectura>10.00</Lectura></LecturaDesde><LecturaHasta><Fecha>2018-02-16</Fecha><Procedencia>20</Procedencia><Lectura>18950.00</Lectura></LecturaHasta></Integrador><Integrador><Magnitud>PM</Magnitud><CodigoPeriodo>65</CodigoPeriodo><ConstanteMultiplicadora>1.000</ConstanteMultiplicadora><NumeroRuedasEnteras>08</NumeroRuedasEnteras><NumeroRuedasDecimales>00</NumeroRuedasDecimales><ConsumoCalculado>23300.00</ConsumoCalculado><LecturaDesde><Fecha>2018-01-14</Fecha><Procedencia>20</Procedencia><Lectura>10.00</Lectura></LecturaDesde><LecturaHasta><Fecha>2018-02-16</Fecha><Procedencia>20</Procedencia><Lectura>23300.00</Lectura></LecturaHasta></Integrador><Integrador><Magnitud>PM</Magnitud><CodigoPeriodo>66</CodigoPeriodo><ConstanteMultiplicadora>1.000</ConstanteMultiplicadora><NumeroRuedasEnteras>08</NumeroRuedasEnteras><NumeroRuedasDecimales>00</NumeroRuedasDecimales><ConsumoCalculado>16660.00</ConsumoCalculado><LecturaDesde><Fecha>2018-01-14</Fecha><Procedencia>20</Procedencia><Lectura>10.00</Lectura></LecturaDesde><LecturaHasta><Fecha>2018-02-16</Fecha><Procedencia>20</Procedencia><Lectura>16660.00</Lectura></LecturaHasta></Integrador></ModeloAparato></Medidas></FacturaATR><RegistroFin><ImporteTotal>383.22</ImporteTotal><SaldoTotalFacturacion>0.00</SaldoTotalFacturacion><TotalRecibos>1</TotalRecibos><TipoMoneda>02</TipoMoneda><FechaValor>2018-02-17</FechaValor><FechaLimitePago>9999-01-01</FechaLimitePago><IBAN>ES4020381522036100029989</IBAN><IdRemesa>20180216</IdRemesa></RegistroFin></Facturas><OtrosDatosFactura><SociedadMercantilEmisora>UNION FENOSA DISTRIBUCION S.A.</SociedadMercantilEmisora><SociedadMercantilDestino>SUNAIR ONE ENERGY S.L.</SociedadMercantilDestino><DireccionEmisora>AV. SAN LUIS ,77 28033 MADRID (MADRID)</DireccionEmisora><DireccionDestino>IGNASI IGLESIAS , 69 (43206)-REUS(TARRAGONA)</DireccionDestino></OtrosDatosFactura></MensajeFacturacion>