<?xml version="1.0" encoding="ISO-8859-1"?><MensajeFacturacion Firmar="NO" xmlns="http://localhost/elegibilidad"><Cabecera><CodigoREEEmpresaEmisora>0022</CodigoREEEmpresaEmisora><CodigoREEEmpresaDestino>0815</CodigoREEEmpresaDestino><CodigoDelProceso>F1</CodigoDelProceso><CodigoDePaso>01</CodigoDePaso><CodigoDeSolicitud>201802150352</CodigoDeSolicitud><SecuencialDeSolicitud>01</SecuencialDeSolicitud><FechaSolicitud>2018-02-15T03:52:22</FechaSolicitud><CUPS>ES0022000006097185GX1P</CUPS></Cabecera><Facturas><FacturaATR><DatosGeneralesFacturaATR><DireccionSuministro><Pais>ES</Pais><Provincia>28</Provincia><Municipio>28079</Municipio><Poblacion>0001000</Poblacion><TipoVia>CL</TipoVia><CodPostal>28002</CodPostal><Calle>CALLE LOPEZ DE HOYOS</Calle><NumeroFinca>00135</NumeroFinca><DuplicadorFinca>*</DuplicadorFinca><Piso>BJ</Piso></DireccionSuministro><Cliente><TipoIdentificador>NI</TipoIdentificador><Identificador>B55567986</Identificador></Cliente><CodContrato>105216072459</CodContrato><DatosGeneralesFactura><CodigoFiscalFactura>5418021474262</CodigoFiscalFactura><TipoFactura>N</TipoFactura><MotivoFacturacion>01</MotivoFacturacion><FechaFactura>2018-02-15</FechaFactura><IdentificadorEmisora>A63222533</IdentificadorEmisora><ImporteTotalFactura>189.97</ImporteTotalFactura><SaldoFactura>0.00</SaldoFactura><TipoMoneda>02</TipoMoneda></DatosGeneralesFactura><DatosFacturaATR><FechaBOE>2014-02-01</FechaBOE><TarifaATRFact>003</TarifaATRFact><MarcaMedidaConPerdidas>N</MarcaMedidaConPerdidas><VAsTrafo>0</VAsTrafo><PorcentajePerdidas>0.00</PorcentajePerdidas><IndicativoCurvaCarga>03</IndicativoCurvaCarga><Periodo><FechaDesdeFactura>2018-01-16</FechaDesdeFactura><FechaHastaFactura>2018-02-15</FechaHastaFactura><NumeroDias>30</NumeroDias></Periodo></DatosFacturaATR></DatosGeneralesFacturaATR><Potencia><TerminoPotencia><FechaDesde>2018-01-16</FechaDesde><FechaHasta>2018-02-15</FechaHasta><Periodo><PotenciaContratada>16000</PotenciaContratada><PotenciaMaxDemandada>1000</PotenciaMaxDemandada><PotenciaAFacturar>13600</PotenciaAFacturar><PrecioPotencia>0.1115860</PrecioPotencia></Periodo><Periodo><PotenciaContratada>20000</PotenciaContratada><PotenciaMaxDemandada>19000</PotenciaMaxDemandada><PotenciaAFacturar>19000</PotenciaAFacturar><PrecioPotencia>0.0669520</PrecioPotencia></Periodo><Periodo><PotenciaContratada>34641</PotenciaContratada><PotenciaMaxDemandada>24000</PotenciaMaxDemandada><PotenciaAFacturar>29445</PotenciaAFacturar><PrecioPotencia>0.0446340</PrecioPotencia></Periodo><Periodo><PotenciaContratada>0</PotenciaContratada><PotenciaMaxDemandada>0</PotenciaMaxDemandada><PotenciaAFacturar>0</PotenciaAFacturar><PrecioPotencia>0.0000000</PrecioPotencia></Periodo><Periodo><PotenciaContratada>0</PotenciaContratada><PotenciaMaxDemandada>0</PotenciaMaxDemandada><PotenciaAFacturar>0</PotenciaAFacturar><PrecioPotencia>0.0000000</PrecioPotencia></Periodo><Periodo><PotenciaContratada>0</PotenciaContratada><PotenciaMaxDemandada>0</PotenciaMaxDemandada><PotenciaAFacturar>0</PotenciaAFacturar><PrecioPotencia>0.0000000</PrecioPotencia></Periodo></TerminoPotencia><ImporteTotalTerminoPotencia>123.00</ImporteTotalTerminoPotencia></Potencia><ExcesoPotencia><Periodo><ValorExcesoPotencia>0.00</ValorExcesoPotencia></Periodo><Periodo><ValorExcesoPotencia>0.00</ValorExcesoPotencia></Periodo><Periodo><ValorExcesoPotencia>0.00</ValorExcesoPotencia></Periodo><Periodo><ValorExcesoPotencia>0.00</ValorExcesoPotencia></Periodo><Periodo><ValorExcesoPotencia>0.00</ValorExcesoPotencia></Periodo><Periodo><ValorExcesoPotencia>0.00</ValorExcesoPotencia></Periodo><ImporteTotalExcesos>0.00</ImporteTotalExcesos></ExcesoPotencia><EnergiaActiva><TerminoEnergiaActiva><FechaDesde>2018-01-16</FechaDesde><FechaHasta>2018-02-15</FechaHasta><Periodo><ValorEnergiaActiva>61.00</ValorEnergiaActiva><PrecioEnergia>0.0187620</PrecioEnergia></Periodo><Periodo><ValorEnergiaActiva>1324.00</ValorEnergiaActiva><PrecioEnergia>0.0125750</PrecioEnergia></Periodo><Periodo><ValorEnergiaActiva>966.00</ValorEnergiaActiva><PrecioEnergia>0.0046700</PrecioEnergia></Periodo><Periodo><ValorEnergiaActiva>0.00</ValorEnergiaActiva><PrecioEnergia>0.0000000</PrecioEnergia></Periodo><Periodo><ValorEnergiaActiva>0.00</ValorEnergiaActiva><PrecioEnergia>0.0000000</PrecioEnergia></Periodo><Periodo><ValorEnergiaActiva>0.00</ValorEnergiaActiva><PrecioEnergia>0.0000000</PrecioEnergia></Periodo></TerminoEnergiaActiva><ImporteTotalEnergiaActiva>22.31</ImporteTotalEnergiaActiva></EnergiaActiva><EnergiaReactiva><TerminoEnergiaReactiva><FechaDesde>2018-01-16</FechaDesde><FechaHasta>2018-02-15</FechaHasta><Periodo><ValorEnergiaReactiva>0.00</ValorEnergiaReactiva><PrecioEnergiaReactiva>0.0000000</PrecioEnergiaReactiva></Periodo><Periodo><ValorEnergiaReactiva>0.00</ValorEnergiaReactiva><PrecioEnergiaReactiva>0.0000000</PrecioEnergiaReactiva></Periodo><Periodo><ValorEnergiaReactiva>0.00</ValorEnergiaReactiva><PrecioEnergiaReactiva>0.0000000</PrecioEnergiaReactiva></Periodo><Periodo><ValorEnergiaReactiva>0.00</ValorEnergiaReactiva><PrecioEnergiaReactiva>0.0000000</PrecioEnergiaReactiva></Periodo><Periodo><ValorEnergiaReactiva>0.00</ValorEnergiaReactiva><PrecioEnergiaReactiva>0.0000000</PrecioEnergiaReactiva></Periodo><Periodo><ValorEnergiaReactiva>0.00</ValorEnergiaReactiva><PrecioEnergiaReactiva>0.0000000</PrecioEnergiaReactiva></Periodo></TerminoEnergiaReactiva><ImporteTotalEnergiaReactiva>0.00</ImporteTotalEnergiaReactiva></EnergiaReactiva><ImpuestoElectrico><BaseImponible>0.00</BaseImponible><Porcentaje>0.0000000</Porcentaje><Importe>0.00</Importe></ImpuestoElectrico><Alquileres><PrecioDiarioAlquiler><PrecioDia>0.3609860</PrecioDia><NumeroDias>30</NumeroDias></PrecioDiarioAlquiler><PrecioDiarioAlquiler><PrecioDia>0.0286030</PrecioDia><NumeroDias>30</NumeroDias></PrecioDiarioAlquiler><PrecioDiarioAlquiler><PrecioDia>0.0000000</PrecioDia><NumeroDias>0</NumeroDias></PrecioDiarioAlquiler><PrecioDiarioAlquiler><PrecioDia>0.0000000</PrecioDia><NumeroDias>0</NumeroDias></PrecioDiarioAlquiler><PrecioDiarioAlquiler><PrecioDia>0.0000000</PrecioDia><NumeroDias>0</NumeroDias></PrecioDiarioAlquiler><PrecioDiarioAlquiler><PrecioDia>0.0000000</PrecioDia><NumeroDias>0</NumeroDias></PrecioDiarioAlquiler><ImporteFacturacionAlquileres>11.69</ImporteFacturacionAlquileres></Alquileres><ImporteIntereses>0.00</ImporteIntereses><IVA><BaseImponible>157.00</BaseImponible><Porcentaje>21.00</Porcentaje><Importe>32.97</Importe></IVA><IVAReducido><BaseImponible>0.00</BaseImponible><Porcentaje>0.00</Porcentaje><Importe>0.00</Importe></IVAReducido><Medidas><CodPM>ES0022000006097185GX1P</CodPM><ModeloAparato><TipoAparato>CG</TipoAparato><MarcaAparato>132</MarcaAparato><NumeroSerie>001226651</NumeroSerie><TipoDHEdM>6</TipoDHEdM><Integrador><Magnitud>AE</Magnitud><CodigoPeriodo>61</CodigoPeriodo><ConstanteMultiplicadora>1.000</ConstanteMultiplicadora><NumeroRuedasEnteras>08</NumeroRuedasEnteras><NumeroRuedasDecimales>00</NumeroRuedasDecimales><ConsumoCalculado>44.00</ConsumoCalculado><LecturaDesde><Fecha>2018-01-16</Fecha><Procedencia>20</Procedencia><Lectura>25031.00</Lectura></LecturaDesde><LecturaHasta><Fecha>2018-02-15</Fecha><Procedencia>20</Procedencia><Lectura>25075.00</Lectura></LecturaHasta></Integrador><Integrador><Magnitud>AE</Magnitud><CodigoPeriodo>62</CodigoPeriodo><ConstanteMultiplicadora>1.000</ConstanteMultiplicadora><NumeroRuedasEnteras>08</NumeroRuedasEnteras><NumeroRuedasDecimales>00</NumeroRuedasDecimales><ConsumoCalculado>1264.00</ConsumoCalculado><LecturaDesde><Fecha>2018-01-16</Fecha><Procedencia>20</Procedencia><Lectura>66123.00</Lectura></LecturaDesde><LecturaHasta><Fecha>2018-02-15</Fecha><Procedencia>20</Procedencia><Lectura>67387.00</Lectura></LecturaHasta></Integrador><Integrador><Magnitud>AE</Magnitud><CodigoPeriodo>63</CodigoPeriodo><ConstanteMultiplicadora>1.000</ConstanteMultiplicadora><NumeroRuedasEnteras>08</NumeroRuedasEnteras><NumeroRuedasDecimales>00</NumeroRuedasDecimales><ConsumoCalculado>885.00</ConsumoCalculado><LecturaDesde><Fecha>2018-01-16</Fecha><Procedencia>20</Procedencia><Lectura>46704.00</Lectura></LecturaDesde><LecturaHasta><Fecha>2018-02-15</Fecha><Procedencia>20</Procedencia><Lectura>47589.00</Lectura></LecturaHasta></Integrador><Integrador><Magnitud>AE</Magnitud><CodigoPeriodo>64</CodigoPeriodo><ConstanteMultiplicadora>1.000</ConstanteMultiplicadora><NumeroRuedasEnteras>08</NumeroRuedasEnteras><NumeroRuedasDecimales>00</NumeroRuedasDecimales><ConsumoCalculado>17.00</ConsumoCalculado><LecturaDesde><Fecha>2018-01-16</Fecha><Procedencia>20</Procedencia><Lectura>2806.00</Lectura></LecturaDesde><LecturaHasta><Fecha>2018-02-15</Fecha><Procedencia>20</Procedencia><Lectura>2823.00</Lectura></LecturaHasta></Integrador><Integrador><Magnitud>AE</Magnitud><CodigoPeriodo>65</CodigoPeriodo><ConstanteMultiplicadora>1.000</ConstanteMultiplicadora><NumeroRuedasEnteras>08</NumeroRuedasEnteras><NumeroRuedasDecimales>00</NumeroRuedasDecimales><ConsumoCalculado>60.00</ConsumoCalculado><LecturaDesde><Fecha>2018-01-16</Fecha><Procedencia>20</Procedencia><Lectura>8714.00</Lectura></LecturaDesde><LecturaHasta><Fecha>2018-02-15</Fecha><Procedencia>20</Procedencia><Lectura>8774.00</Lectura></LecturaHasta></Integrador><Integrador><Magnitud>AE</Magnitud><CodigoPeriodo>66</CodigoPeriodo><ConstanteMultiplicadora>1.000</ConstanteMultiplicadora><NumeroRuedasEnteras>08</NumeroRuedasEnteras><NumeroRuedasDecimales>00</NumeroRuedasDecimales><ConsumoCalculado>81.00</ConsumoCalculado><LecturaDesde><Fecha>2018-01-16</Fecha><Procedencia>20</Procedencia><Lectura>6752.00</Lectura></LecturaDesde><LecturaHasta><Fecha>2018-02-15</Fecha><Procedencia>20</Procedencia><Lectura>6833.00</Lectura></LecturaHasta></Integrador><Integrador><Magnitud>R1</Magnitud><CodigoPeriodo>62</CodigoPeriodo><ConstanteMultiplicadora>1.000</ConstanteMultiplicadora><NumeroRuedasEnteras>08</NumeroRuedasEnteras><NumeroRuedasDecimales>00</NumeroRuedasDecimales><ConsumoCalculado>0.00</ConsumoCalculado><LecturaDesde><Fecha>2018-01-16</Fecha><Procedencia>20</Procedencia><Lectura>2096.00</Lectura></LecturaDesde><LecturaHasta><Fecha>2018-02-15</Fecha><Procedencia>20</Procedencia><Lectura>2096.00</Lectura></LecturaHasta></Integrador><Integrador><Magnitud>R1</Magnitud><CodigoPeriodo>63</CodigoPeriodo><ConstanteMultiplicadora>1.000</ConstanteMultiplicadora><NumeroRuedasEnteras>08</NumeroRuedasEnteras><NumeroRuedasDecimales>00</NumeroRuedasDecimales><ConsumoCalculado>0.00</ConsumoCalculado><LecturaDesde><Fecha>2018-01-16</Fecha><Procedencia>20</Procedencia><Lectura>1389.00</Lectura></LecturaDesde><LecturaHasta><Fecha>2018-02-15</Fecha><Procedencia>20</Procedencia><Lectura>1389.00</Lectura></LecturaHasta></Integrador><Integrador><Magnitud>R1</Magnitud><CodigoPeriodo>64</CodigoPeriodo><ConstanteMultiplicadora>1.000</ConstanteMultiplicadora><NumeroRuedasEnteras>08</NumeroRuedasEnteras><NumeroRuedasDecimales>00</NumeroRuedasDecimales><ConsumoCalculado>0.00</ConsumoCalculado><LecturaDesde><Fecha>2018-01-16</Fecha><Procedencia>20</Procedencia><Lectura>385.00</Lectura></LecturaDesde><LecturaHasta><Fecha>2018-02-15</Fecha><Procedencia>20</Procedencia><Lectura>385.00</Lectura></LecturaHasta></Integrador><Integrador><Magnitud>R1</Magnitud><CodigoPeriodo>65</CodigoPeriodo><ConstanteMultiplicadora>1.000</ConstanteMultiplicadora><NumeroRuedasEnteras>08</NumeroRuedasEnteras><NumeroRuedasDecimales>00</NumeroRuedasDecimales><ConsumoCalculado>0.00</ConsumoCalculado><LecturaDesde><Fecha>2018-01-16</Fecha><Procedencia>20</Procedencia><Lectura>1207.00</Lectura></LecturaDesde><LecturaHasta><Fecha>2018-02-15</Fecha><Procedencia>20</Procedencia><Lectura>1207.00</Lectura></LecturaHasta></Integrador><Integrador><Magnitud>R1</Magnitud><CodigoPeriodo>66</CodigoPeriodo><ConstanteMultiplicadora>1.000</ConstanteMultiplicadora><NumeroRuedasEnteras>08</NumeroRuedasEnteras><NumeroRuedasDecimales>00</NumeroRuedasDecimales><ConsumoCalculado>0.00</ConsumoCalculado><LecturaDesde><Fecha>2018-01-16</Fecha><Procedencia>20</Procedencia><Lectura>809.00</Lectura></LecturaDesde><LecturaHasta><Fecha>2018-02-15</Fecha><Procedencia>20</Procedencia><Lectura>809.00</Lectura></LecturaHasta></Integrador><Integrador><Magnitud>R1</Magnitud><CodigoPeriodo>61</CodigoPeriodo><ConstanteMultiplicadora>1.000</ConstanteMultiplicadora><NumeroRuedasEnteras>08</NumeroRuedasEnteras><NumeroRuedasDecimales>00</NumeroRuedasDecimales><ConsumoCalculado>0.00</ConsumoCalculado><LecturaDesde><Fecha>2018-01-16</Fecha><Procedencia>20</Procedencia><Lectura>475.00</Lectura></LecturaDesde><LecturaHasta><Fecha>2018-02-15</Fecha><Procedencia>20</Procedencia><Lectura>475.00</Lectura></LecturaHasta></Integrador><Integrador><Magnitud>PM</Magnitud><CodigoPeriodo>61</CodigoPeriodo><ConstanteMultiplicadora>1.000</ConstanteMultiplicadora><NumeroRuedasEnteras>08</NumeroRuedasEnteras><NumeroRuedasDecimales>00</NumeroRuedasDecimales><ConsumoCalculado>1000.00</ConsumoCalculado><LecturaDesde><Fecha>2018-01-16</Fecha><Procedencia>20</Procedencia><Lectura>1000.00</Lectura></LecturaDesde><LecturaHasta><Fecha>2018-02-15</Fecha><Procedencia>20</Procedencia><Lectura>1000.00</Lectura></LecturaHasta></Integrador><Integrador><Magnitud>PM</Magnitud><CodigoPeriodo>63</CodigoPeriodo><ConstanteMultiplicadora>1.000</ConstanteMultiplicadora><NumeroRuedasEnteras>08</NumeroRuedasEnteras><NumeroRuedasDecimales>00</NumeroRuedasDecimales><ConsumoCalculado>24000.00</ConsumoCalculado><LecturaDesde><Fecha>2018-01-16</Fecha><Procedencia>20</Procedencia><Lectura>23000.00</Lectura></LecturaDesde><LecturaHasta><Fecha>2018-02-15</Fecha><Procedencia>20</Procedencia><Lectura>24000.00</Lectura></LecturaHasta></Integrador><Integrador><Magnitud>PM</Magnitud><CodigoPeriodo>64</CodigoPeriodo><ConstanteMultiplicadora>1.000</ConstanteMultiplicadora><NumeroRuedasEnteras>08</NumeroRuedasEnteras><NumeroRuedasDecimales>00</NumeroRuedasDecimales><ConsumoCalculado>1000.00</ConsumoCalculado><LecturaDesde><Fecha>2018-01-16</Fecha><Procedencia>20</Procedencia><Lectura>11000.00</Lectura></LecturaDesde><LecturaHasta><Fecha>2018-02-15</Fecha><Procedencia>20</Procedencia><Lectura>1000.00</Lectura></LecturaHasta></Integrador><Integrador><Magnitud>PM</Magnitud><CodigoPeriodo>65</CodigoPeriodo><ConstanteMultiplicadora>1.000</ConstanteMultiplicadora><NumeroRuedasEnteras>08</NumeroRuedasEnteras><NumeroRuedasDecimales>00</NumeroRuedasDecimales><ConsumoCalculado>2000.00</ConsumoCalculado><LecturaDesde><Fecha>2018-01-16</Fecha><Procedencia>20</Procedencia><Lectura>10000.00</Lectura></LecturaDesde><LecturaHasta><Fecha>2018-02-15</Fecha><Procedencia>20</Procedencia><Lectura>2000.00</Lectura></LecturaHasta></Integrador><Integrador><Magnitud>PM</Magnitud><CodigoPeriodo>66</CodigoPeriodo><ConstanteMultiplicadora>1.000</ConstanteMultiplicadora><NumeroRuedasEnteras>08</NumeroRuedasEnteras><NumeroRuedasDecimales>00</NumeroRuedasDecimales><ConsumoCalculado>4000.00</ConsumoCalculado><LecturaDesde><Fecha>2018-01-16</Fecha><Procedencia>20</Procedencia><Lectura>5000.00</Lectura></LecturaDesde><LecturaHasta><Fecha>2018-02-15</Fecha><Procedencia>20</Procedencia><Lectura>4000.00</Lectura></LecturaHasta></Integrador><Integrador><Magnitud>PM</Magnitud><CodigoPeriodo>62</CodigoPeriodo><ConstanteMultiplicadora>1.000</ConstanteMultiplicadora><NumeroRuedasEnteras>08</NumeroRuedasEnteras><NumeroRuedasDecimales>00</NumeroRuedasDecimales><ConsumoCalculado>19000.00</ConsumoCalculado><LecturaDesde><Fecha>2018-01-16</Fecha><Procedencia>20</Procedencia><Lectura>17000.00</Lectura></LecturaDesde><LecturaHasta><Fecha>2018-02-15</Fecha><Procedencia>20</Procedencia><Lectura>19000.00</Lectura></LecturaHasta></Integrador></ModeloAparato></Medidas></FacturaATR><RegistroFin><ImporteTotal>189.97</ImporteTotal><SaldoTotalFacturacion>0.00</SaldoTotalFacturacion><TotalRecibos>1</TotalRecibos><TipoMoneda>02</TipoMoneda><FechaValor>2018-02-16</FechaValor><FechaLimitePago>9999-01-01</FechaLimitePago><IBAN>ES4020381522036100029989</IBAN><IdRemesa>20180215</IdRemesa></RegistroFin></Facturas><OtrosDatosFactura><SociedadMercantilEmisora>UNION FENOSA DISTRIBUCION S.A.</SociedadMercantilEmisora><SociedadMercantilDestino>SUNAIR ONE ENERGY S.L.</SociedadMercantilDestino><DireccionEmisora>AV. SAN LUIS ,77 28033 MADRID (MADRID)</DireccionEmisora><DireccionDestino>IGNASI IGLESIAS , 69 (43206)-REUS(TARRAGONA)</DireccionDestino></OtrosDatosFactura></MensajeFacturacion>