<?xml version="1.0" encoding="UTF-8"?><MensajeFacturacion xmlns="http://localhost/elegibilidad">
  <Cabecera>
    <CodigoREEEmpresaEmisora>0023</CodigoREEEmpresaEmisora>
    <CodigoREEEmpresaDestino>0815</CodigoREEEmpresaDestino>
    <CodigoDelProceso>F1</CodigoDelProceso>
    <CodigoDePaso>01</CodigoDePaso>
    <CodigoDeSolicitud>000007646305</CodigoDeSolicitud>
    <SecuencialDeSolicitud>00</SecuencialDeSolicitud>
    <FechaSolicitud>2018-02-13T02:04:59</FechaSolicitud>
    <CUPS>ES0031104870942002GN0F</CUPS>
  </Cabecera>
  <Facturas>
    <FacturaATR>
      <DatosGeneralesFacturaATR>
        <DireccionSuministro>
          <Pais>ESPAÑA</Pais>
          <Provincia>21</Provincia>
          <Municipio>000010</Municipio>
          <Poblacion>000000983</Poblacion>
          <TipoVia>CL</TipoVia>
          <CodPostal>21400</CodPostal>
          <Calle>PICAPINOS DE LOS</Calle>
          <NumeroFinca>00039</NumeroFinca>
          <TipoAclaradorFinca>NO</TipoAclaradorFinca>
          <AclaradorFinca>1-PTAL 1</AclaradorFinca>
        </DireccionSuministro>
        <Cliente>
          <TipoIdentificador>NI</TipoIdentificador>
          <Identificador>B55567986</Identificador>
        </Cliente>
        <CodContrato>500000676865</CodContrato>
        <DatosGeneralesFactura>
          <CodigoFiscalFactura>S5801N06869766</CodigoFiscalFactura>
          <TipoFactura>N</TipoFactura>
          <MotivoFacturacion>01</MotivoFacturacion>
          <Expediente>
            <NumeroExpediente>0000000000000000</NumeroExpediente>
            <CodigoSolicitud>000000000000</CodigoSolicitud>
          </Expediente>
          <FechaFactura>2018-02-13</FechaFactura>
          <IdentificadorEmisora>B82846817</IdentificadorEmisora>
          <Comentarios>7646305                                                                                             </Comentarios>
          <ImporteTotalFactura>+0000000126.19</ImporteTotalFactura>
          <TipoMoneda>02</TipoMoneda>
        </DatosGeneralesFactura>
        <DatosFacturaATR>
          <FechaBOE>2017-12-27</FechaBOE>
          <TarifaATRFact>003</TarifaATRFact>
          <ModoControlPotencia>2</ModoControlPotencia>
          <MarcaMedidaConPerdidas>N</MarcaMedidaConPerdidas>
          <IndicativoCurvaCarga>02</IndicativoCurvaCarga>
          <Periodo>
            <FechaDesdeFactura>2018-01-10</FechaDesdeFactura>
            <FechaHastaFactura>2018-02-07</FechaHastaFactura>
            <NumeroDias>028</NumeroDias>
          </Periodo>
        </DatosFacturaATR>
      </DatosGeneralesFacturaATR>
      <Potencia>
        <TerminoPotencia>
          <FechaDesde>2018-01-10</FechaDesde>
          <FechaHasta>2018-02-07</FechaHasta>
          <Periodo>
            <PotenciaContratada>00000000017320</PotenciaContratada>
            <PotenciaMaxDemandada>00000000000000</PotenciaMaxDemandada>
            <PotenciaAFacturar>00000000014722</PotenciaAFacturar>
            <PrecioPotencia>00000.111585986</PrecioPotencia>
          </Periodo>
          <Periodo>
            <PotenciaContratada>00000000017320</PotenciaContratada>
            <PotenciaMaxDemandada>00000000001000</PotenciaMaxDemandada>
            <PotenciaAFacturar>00000000014722</PotenciaAFacturar>
            <PrecioPotencia>00000.066951589</PrecioPotencia>
          </Periodo>
          <Periodo>
            <PotenciaContratada>00000000017320</PotenciaContratada>
            <PotenciaMaxDemandada>00000000000000</PotenciaMaxDemandada>
            <PotenciaAFacturar>00000000014722</PotenciaAFacturar>
            <PrecioPotencia>00000.044634397</PrecioPotencia>
          </Periodo>
          <Periodo>
            <PotenciaContratada>00000000000000</PotenciaContratada>
            <PotenciaMaxDemandada>00000000000000</PotenciaMaxDemandada>
            <PotenciaAFacturar>00000000000000</PotenciaAFacturar>
            <PrecioPotencia>00000.000000000</PrecioPotencia>
          </Periodo>
          <Periodo>
            <PotenciaContratada>00000000000000</PotenciaContratada>
            <PotenciaMaxDemandada>00000000000000</PotenciaMaxDemandada>
            <PotenciaAFacturar>00000000000000</PotenciaAFacturar>
            <PrecioPotencia>00000.000000000</PrecioPotencia>
          </Periodo>
          <Periodo>
            <PotenciaContratada>00000000000000</PotenciaContratada>
            <PotenciaMaxDemandada>00000000000000</PotenciaMaxDemandada>
            <PotenciaAFacturar>00000000000000</PotenciaAFacturar>
            <PrecioPotencia>00000.000000000</PrecioPotencia>
          </Periodo>
        </TerminoPotencia>
        <PenalizacionNoICP>N</PenalizacionNoICP>
        <ImporteTotalTerminoPotencia>+0000000092.00</ImporteTotalTerminoPotencia>
      </Potencia>
      <EnergiaActiva>
        <TerminoEnergiaActiva>
          <FechaDesde>2018-01-10</FechaDesde>
          <FechaHasta>2018-02-07</FechaHasta>
          <Periodo>
            <ValorEnergiaActiva>+00000000032.00</ValorEnergiaActiva>
            <PrecioEnergia>00000.018762000</PrecioEnergia>
          </Periodo>
          <Periodo>
            <ValorEnergiaActiva>+00000000110.00</ValorEnergiaActiva>
            <PrecioEnergia>00000.012575000</PrecioEnergia>
          </Periodo>
          <Periodo>
            <ValorEnergiaActiva>+00000000079.00</ValorEnergiaActiva>
            <PrecioEnergia>00000.004670000</PrecioEnergia>
          </Periodo>
          <Periodo>
            <ValorEnergiaActiva>+00000000000.00</ValorEnergiaActiva>
            <PrecioEnergia>00000.000000000</PrecioEnergia>
          </Periodo>
          <Periodo>
            <ValorEnergiaActiva>+00000000000.00</ValorEnergiaActiva>
            <PrecioEnergia>00000.000000000</PrecioEnergia>
          </Periodo>
          <Periodo>
            <ValorEnergiaActiva>+00000000000.00</ValorEnergiaActiva>
            <PrecioEnergia>00000.000000000</PrecioEnergia>
          </Periodo>
        </TerminoEnergiaActiva>
        <ImporteTotalEnergiaActiva>+0000000002.35</ImporteTotalEnergiaActiva>
      </EnergiaActiva>
      <ImpuestoElectrico>
        <BaseImponible>+0000000000.00</BaseImponible>
        <Porcentaje>00000.00000000</Porcentaje>
        <Importe>+0000000000.00</Importe>
      </ImpuestoElectrico>
      <Alquileres>
        <PrecioDiarioAlquiler>
          <PrecioDia>00000.355068000</PrecioDia>
          <NumeroDias>028</NumeroDias>
        </PrecioDiarioAlquiler>
        <ImporteFacturacionAlquileres>+0000000009.94</ImporteFacturacionAlquileres>
      </Alquileres>
      <IVA>
        <BaseImponible>+0000000104.29</BaseImponible>
        <Porcentaje>0021.00</Porcentaje>
        <Importe>+0000000021.90</Importe>
      </IVA>
      <Medidas>
        <CodPM>ES0031104870942002GN2P</CodPM>
        <ModeloAparato>
          <TipoAparato>CA</TipoAparato>
          <MarcaAparato>199</MarcaAparato>
          <NumeroSerie>073318083</NumeroSerie>
          <TipoDHEdM>6</TipoDHEdM>
          <Integrador>
            <Magnitud>AE</Magnitud>
            <CodigoPeriodo>62</CodigoPeriodo>
            <ConstanteMultiplicadora>000001.000</ConstanteMultiplicadora>
            <NumeroRuedasEnteras>08</NumeroRuedasEnteras>
            <NumeroRuedasDecimales>00</NumeroRuedasDecimales>
            <ConsumoCalculado>+0000000083.00</ConsumoCalculado>
            <LecturaDesde>
              <Fecha>2018-01-10</Fecha>
              <Procedencia>30</Procedencia>
              <Lectura>0000010893.00</Lectura>
            </LecturaDesde>
            <LecturaHasta>
              <Fecha>2018-02-07</Fecha>
              <Procedencia>50</Procedencia>
              <Lectura>0000010976.00</Lectura>
            </LecturaHasta>
            <FechaHoraMaximetro>2018-02-07T00:00:00</FechaHoraMaximetro>
          </Integrador>
          <Integrador>
            <Magnitud>AE</Magnitud>
            <CodigoPeriodo>63</CodigoPeriodo>
            <ConstanteMultiplicadora>000001.000</ConstanteMultiplicadora>
            <NumeroRuedasEnteras>08</NumeroRuedasEnteras>
            <NumeroRuedasDecimales>00</NumeroRuedasDecimales>
            <ConsumoCalculado>+0000000058.00</ConsumoCalculado>
            <LecturaDesde>
              <Fecha>2018-01-10</Fecha>
              <Procedencia>30</Procedencia>
              <Lectura>0000006121.00</Lectura>
            </LecturaDesde>
            <LecturaHasta>
              <Fecha>2018-02-07</Fecha>
              <Procedencia>50</Procedencia>
              <Lectura>0000006179.00</Lectura>
            </LecturaHasta>
            <FechaHoraMaximetro>2018-02-07T00:00:00</FechaHoraMaximetro>
          </Integrador>
          <Integrador>
            <Magnitud>AE</Magnitud>
            <CodigoPeriodo>61</CodigoPeriodo>
            <ConstanteMultiplicadora>000001.000</ConstanteMultiplicadora>
            <NumeroRuedasEnteras>08</NumeroRuedasEnteras>
            <NumeroRuedasDecimales>00</NumeroRuedasDecimales>
            <ConsumoCalculado>+0000000025.00</ConsumoCalculado>
            <LecturaDesde>
              <Fecha>2018-01-10</Fecha>
              <Procedencia>30</Procedencia>
              <Lectura>0000003915.00</Lectura>
            </LecturaDesde>
            <LecturaHasta>
              <Fecha>2018-02-07</Fecha>
              <Procedencia>50</Procedencia>
              <Lectura>0000003940.00</Lectura>
            </LecturaHasta>
            <FechaHoraMaximetro>2018-02-07T00:00:00</FechaHoraMaximetro>
          </Integrador>
          <Integrador>
            <Magnitud>R1</Magnitud>
            <CodigoPeriodo>62</CodigoPeriodo>
            <ConstanteMultiplicadora>000001.000</ConstanteMultiplicadora>
            <NumeroRuedasEnteras>08</NumeroRuedasEnteras>
            <NumeroRuedasDecimales>00</NumeroRuedasDecimales>
            <ConsumoCalculado>+0000000000.00</ConsumoCalculado>
            <LecturaDesde>
              <Fecha>2018-01-10</Fecha>
              <Procedencia>30</Procedencia>
              <Lectura>0000005938.00</Lectura>
            </LecturaDesde>
            <LecturaHasta>
              <Fecha>2018-02-07</Fecha>
              <Procedencia>50</Procedencia>
              <Lectura>0000005938.00</Lectura>
            </LecturaHasta>
            <FechaHoraMaximetro>2018-02-07T00:00:00</FechaHoraMaximetro>
          </Integrador>
          <Integrador>
            <Magnitud>R1</Magnitud>
            <CodigoPeriodo>63</CodigoPeriodo>
            <ConstanteMultiplicadora>000001.000</ConstanteMultiplicadora>
            <NumeroRuedasEnteras>08</NumeroRuedasEnteras>
            <NumeroRuedasDecimales>00</NumeroRuedasDecimales>
            <ConsumoCalculado>+0000000000.00</ConsumoCalculado>
            <LecturaDesde>
              <Fecha>2018-01-10</Fecha>
              <Procedencia>30</Procedencia>
              <Lectura>0000002791.00</Lectura>
            </LecturaDesde>
            <LecturaHasta>
              <Fecha>2018-02-07</Fecha>
              <Procedencia>50</Procedencia>
              <Lectura>0000002791.00</Lectura>
            </LecturaHasta>
            <FechaHoraMaximetro>2018-02-07T00:00:00</FechaHoraMaximetro>
          </Integrador>
          <Integrador>
            <Magnitud>R1</Magnitud>
            <CodigoPeriodo>61</CodigoPeriodo>
            <ConstanteMultiplicadora>000001.000</ConstanteMultiplicadora>
            <NumeroRuedasEnteras>08</NumeroRuedasEnteras>
            <NumeroRuedasDecimales>00</NumeroRuedasDecimales>
            <ConsumoCalculado>+0000000000.00</ConsumoCalculado>
            <LecturaDesde>
              <Fecha>2018-01-10</Fecha>
              <Procedencia>30</Procedencia>
              <Lectura>0000002232.00</Lectura>
            </LecturaDesde>
            <LecturaHasta>
              <Fecha>2018-02-07</Fecha>
              <Procedencia>50</Procedencia>
              <Lectura>0000002232.00</Lectura>
            </LecturaHasta>
            <FechaHoraMaximetro>2018-02-07T00:00:00</FechaHoraMaximetro>
          </Integrador>
          <Integrador>
            <Magnitud>PM</Magnitud>
            <CodigoPeriodo>62</CodigoPeriodo>
            <ConstanteMultiplicadora>000001.000</ConstanteMultiplicadora>
            <NumeroRuedasEnteras>08</NumeroRuedasEnteras>
            <NumeroRuedasDecimales>00</NumeroRuedasDecimales>
            <ConsumoCalculado>+0000000000.00</ConsumoCalculado>
            <LecturaDesde>
              <Fecha>2018-01-10</Fecha>
              <Procedencia>30</Procedencia>
              <Lectura>0000000000.00</Lectura>
            </LecturaDesde>
            <LecturaHasta>
              <Fecha>2018-02-07</Fecha>
              <Procedencia>50</Procedencia>
              <Lectura>0000000000.00</Lectura>
            </LecturaHasta>
            <FechaHoraMaximetro>2018-02-07T00:00:00</FechaHoraMaximetro>
          </Integrador>
          <Integrador>
            <Magnitud>PM</Magnitud>
            <CodigoPeriodo>63</CodigoPeriodo>
            <ConstanteMultiplicadora>000001.000</ConstanteMultiplicadora>
            <NumeroRuedasEnteras>08</NumeroRuedasEnteras>
            <NumeroRuedasDecimales>00</NumeroRuedasDecimales>
            <ConsumoCalculado>+0000000000.00</ConsumoCalculado>
            <LecturaDesde>
              <Fecha>2018-01-10</Fecha>
              <Procedencia>30</Procedencia>
              <Lectura>0000000000.00</Lectura>
            </LecturaDesde>
            <LecturaHasta>
              <Fecha>2018-02-07</Fecha>
              <Procedencia>50</Procedencia>
              <Lectura>0000000000.00</Lectura>
            </LecturaHasta>
            <FechaHoraMaximetro>2018-02-07T00:00:00</FechaHoraMaximetro>
          </Integrador>
          <Integrador>
            <Magnitud>PM</Magnitud>
            <CodigoPeriodo>61</CodigoPeriodo>
            <ConstanteMultiplicadora>000001.000</ConstanteMultiplicadora>
            <NumeroRuedasEnteras>08</NumeroRuedasEnteras>
            <NumeroRuedasDecimales>00</NumeroRuedasDecimales>
            <ConsumoCalculado>+0000000000.00</ConsumoCalculado>
            <LecturaDesde>
              <Fecha>2018-01-10</Fecha>
              <Procedencia>30</Procedencia>
              <Lectura>0000000000.00</Lectura>
            </LecturaDesde>
            <LecturaHasta>
              <Fecha>2018-02-07</Fecha>
              <Procedencia>50</Procedencia>
              <Lectura>0000000000.00</Lectura>
            </LecturaHasta>
            <FechaHoraMaximetro>2018-02-07T00:00:00</FechaHoraMaximetro>
          </Integrador>
          <Integrador>
            <Magnitud>AE</Magnitud>
            <CodigoPeriodo>64</CodigoPeriodo>
            <ConstanteMultiplicadora>000001.000</ConstanteMultiplicadora>
            <NumeroRuedasEnteras>08</NumeroRuedasEnteras>
            <NumeroRuedasDecimales>00</NumeroRuedasDecimales>
            <ConsumoCalculado>+0000000007.00</ConsumoCalculado>
            <LecturaDesde>
              <Fecha>2018-01-10</Fecha>
              <Procedencia>30</Procedencia>
              <Lectura>0000001672.00</Lectura>
            </LecturaDesde>
            <LecturaHasta>
              <Fecha>2018-02-07</Fecha>
              <Procedencia>50</Procedencia>
              <Lectura>0000001679.00</Lectura>
            </LecturaHasta>
            <FechaHoraMaximetro>2018-02-07T00:00:00</FechaHoraMaximetro>
          </Integrador>
          <Integrador>
            <Magnitud>AE</Magnitud>
            <CodigoPeriodo>65</CodigoPeriodo>
            <ConstanteMultiplicadora>000001.000</ConstanteMultiplicadora>
            <NumeroRuedasEnteras>08</NumeroRuedasEnteras>
            <NumeroRuedasDecimales>00</NumeroRuedasDecimales>
            <ConsumoCalculado>+0000000027.00</ConsumoCalculado>
            <LecturaDesde>
              <Fecha>2018-01-10</Fecha>
              <Procedencia>30</Procedencia>
              <Lectura>0000004650.00</Lectura>
            </LecturaDesde>
            <LecturaHasta>
              <Fecha>2018-02-07</Fecha>
              <Procedencia>50</Procedencia>
              <Lectura>0000004677.00</Lectura>
            </LecturaHasta>
            <FechaHoraMaximetro>2018-02-07T00:00:00</FechaHoraMaximetro>
          </Integrador>
          <Integrador>
            <Magnitud>AE</Magnitud>
            <CodigoPeriodo>66</CodigoPeriodo>
            <ConstanteMultiplicadora>000001.000</ConstanteMultiplicadora>
            <NumeroRuedasEnteras>08</NumeroRuedasEnteras>
            <NumeroRuedasDecimales>00</NumeroRuedasDecimales>
            <ConsumoCalculado>+0000000021.00</ConsumoCalculado>
            <LecturaDesde>
              <Fecha>2018-01-10</Fecha>
              <Procedencia>30</Procedencia>
              <Lectura>0000002731.00</Lectura>
            </LecturaDesde>
            <LecturaHasta>
              <Fecha>2018-02-07</Fecha>
              <Procedencia>50</Procedencia>
              <Lectura>0000002752.00</Lectura>
            </LecturaHasta>
            <FechaHoraMaximetro>2018-02-07T00:00:00</FechaHoraMaximetro>
          </Integrador>
          <Integrador>
            <Magnitud>R1</Magnitud>
            <CodigoPeriodo>64</CodigoPeriodo>
            <ConstanteMultiplicadora>000001.000</ConstanteMultiplicadora>
            <NumeroRuedasEnteras>08</NumeroRuedasEnteras>
            <NumeroRuedasDecimales>00</NumeroRuedasDecimales>
            <ConsumoCalculado>+0000000000.00</ConsumoCalculado>
            <LecturaDesde>
              <Fecha>2018-01-10</Fecha>
              <Procedencia>30</Procedencia>
              <Lectura>0000001004.00</Lectura>
            </LecturaDesde>
            <LecturaHasta>
              <Fecha>2018-02-07</Fecha>
              <Procedencia>50</Procedencia>
              <Lectura>0000001004.00</Lectura>
            </LecturaHasta>
            <FechaHoraMaximetro>2018-02-07T00:00:00</FechaHoraMaximetro>
          </Integrador>
          <Integrador>
            <Magnitud>R1</Magnitud>
            <CodigoPeriodo>65</CodigoPeriodo>
            <ConstanteMultiplicadora>000001.000</ConstanteMultiplicadora>
            <NumeroRuedasEnteras>08</NumeroRuedasEnteras>
            <NumeroRuedasDecimales>00</NumeroRuedasDecimales>
            <ConsumoCalculado>+0000000000.00</ConsumoCalculado>
            <LecturaDesde>
              <Fecha>2018-01-10</Fecha>
              <Procedencia>30</Procedencia>
              <Lectura>0000002578.00</Lectura>
            </LecturaDesde>
            <LecturaHasta>
              <Fecha>2018-02-07</Fecha>
              <Procedencia>50</Procedencia>
              <Lectura>0000002578.00</Lectura>
            </LecturaHasta>
            <FechaHoraMaximetro>2018-02-07T00:00:00</FechaHoraMaximetro>
          </Integrador>
          <Integrador>
            <Magnitud>R1</Magnitud>
            <CodigoPeriodo>66</CodigoPeriodo>
            <ConstanteMultiplicadora>000001.000</ConstanteMultiplicadora>
            <NumeroRuedasEnteras>08</NumeroRuedasEnteras>
            <NumeroRuedasDecimales>00</NumeroRuedasDecimales>
            <ConsumoCalculado>+0000000000.00</ConsumoCalculado>
            <LecturaDesde>
              <Fecha>2018-01-10</Fecha>
              <Procedencia>30</Procedencia>
              <Lectura>0000001229.00</Lectura>
            </LecturaDesde>
            <LecturaHasta>
              <Fecha>2018-02-07</Fecha>
              <Procedencia>50</Procedencia>
              <Lectura>0000001229.00</Lectura>
            </LecturaHasta>
            <FechaHoraMaximetro>2018-02-07T00:00:00</FechaHoraMaximetro>
          </Integrador>
          <Integrador>
            <Magnitud>PM</Magnitud>
            <CodigoPeriodo>64</CodigoPeriodo>
            <ConstanteMultiplicadora>000001.000</ConstanteMultiplicadora>
            <NumeroRuedasEnteras>08</NumeroRuedasEnteras>
            <NumeroRuedasDecimales>00</NumeroRuedasDecimales>
            <ConsumoCalculado>+0000000000.00</ConsumoCalculado>
            <LecturaDesde>
              <Fecha>2018-01-10</Fecha>
              <Procedencia>30</Procedencia>
              <Lectura>0000000000.00</Lectura>
            </LecturaDesde>
            <LecturaHasta>
              <Fecha>2018-02-07</Fecha>
              <Procedencia>50</Procedencia>
              <Lectura>0000000000.00</Lectura>
            </LecturaHasta>
            <FechaHoraMaximetro>2018-02-07T00:00:00</FechaHoraMaximetro>
          </Integrador>
          <Integrador>
            <Magnitud>PM</Magnitud>
            <CodigoPeriodo>65</CodigoPeriodo>
            <ConstanteMultiplicadora>000001.000</ConstanteMultiplicadora>
            <NumeroRuedasEnteras>08</NumeroRuedasEnteras>
            <NumeroRuedasDecimales>00</NumeroRuedasDecimales>
            <ConsumoCalculado>+0000001000.00</ConsumoCalculado>
            <LecturaDesde>
              <Fecha>2018-01-10</Fecha>
              <Procedencia>30</Procedencia>
              <Lectura>0000000000.00</Lectura>
            </LecturaDesde>
            <LecturaHasta>
              <Fecha>2018-02-07</Fecha>
              <Procedencia>50</Procedencia>
              <Lectura>0000001000.00</Lectura>
            </LecturaHasta>
            <FechaHoraMaximetro>2018-02-07T00:00:00</FechaHoraMaximetro>
          </Integrador>
          <Integrador>
            <Magnitud>PM</Magnitud>
            <CodigoPeriodo>66</CodigoPeriodo>
            <ConstanteMultiplicadora>000001.000</ConstanteMultiplicadora>
            <NumeroRuedasEnteras>08</NumeroRuedasEnteras>
            <NumeroRuedasDecimales>00</NumeroRuedasDecimales>
            <ConsumoCalculado>+0000000000.00</ConsumoCalculado>
            <LecturaDesde>
              <Fecha>2018-01-10</Fecha>
              <Procedencia>30</Procedencia>
              <Lectura>0000000000.00</Lectura>
            </LecturaDesde>
            <LecturaHasta>
              <Fecha>2018-02-07</Fecha>
              <Procedencia>50</Procedencia>
              <Lectura>0000000000.00</Lectura>
            </LecturaHasta>
            <FechaHoraMaximetro>2018-02-07T00:00:00</FechaHoraMaximetro>
          </Integrador>
          <Integrador>
            <Magnitud>AE</Magnitud>
            <CodigoPeriodo>60</CodigoPeriodo>
            <ConstanteMultiplicadora>000001.000</ConstanteMultiplicadora>
            <NumeroRuedasEnteras>08</NumeroRuedasEnteras>
            <NumeroRuedasDecimales>00</NumeroRuedasDecimales>
            <ConsumoCalculado>+0000000221.00</ConsumoCalculado>
            <LecturaDesde>
              <Fecha>2018-01-10</Fecha>
              <Procedencia>30</Procedencia>
              <Lectura>0000029983.00</Lectura>
            </LecturaDesde>
            <LecturaHasta>
              <Fecha>2018-02-07</Fecha>
              <Procedencia>50</Procedencia>
              <Lectura>0000030204.00</Lectura>
            </LecturaHasta>
            <FechaHoraMaximetro>2018-02-07T00:00:00</FechaHoraMaximetro>
          </Integrador>
          <Integrador>
            <Magnitud>R1</Magnitud>
            <CodigoPeriodo>60</CodigoPeriodo>
            <ConstanteMultiplicadora>000001.000</ConstanteMultiplicadora>
            <NumeroRuedasEnteras>08</NumeroRuedasEnteras>
            <NumeroRuedasDecimales>00</NumeroRuedasDecimales>
            <ConsumoCalculado>+0000000000.00</ConsumoCalculado>
            <LecturaDesde>
              <Fecha>2018-01-10</Fecha>
              <Procedencia>30</Procedencia>
              <Lectura>0000015772.00</Lectura>
            </LecturaDesde>
            <LecturaHasta>
              <Fecha>2018-02-07</Fecha>
              <Procedencia>50</Procedencia>
              <Lectura>0000015772.00</Lectura>
            </LecturaHasta>
            <FechaHoraMaximetro>2018-02-07T00:00:00</FechaHoraMaximetro>
          </Integrador>
        </ModeloAparato>
      </Medidas>
    </FacturaATR>
    <RegistroFin>
      <ImporteTotal>+0000000006359.77</ImporteTotal>
      <SaldoTotalFacturacion>-0000000000083.41</SaldoTotalFacturacion>
      <TotalRecibos>00054</TotalRecibos>
      <TipoMoneda>02</TipoMoneda>
      <FechaValor>2018-02-13</FechaValor>
      <FechaLimitePago>2018-03-05</FechaLimitePago>
      <IdRemesa>00000000000000000007646305</IdRemesa>
    </RegistroFin>
  </Facturas>
  <OtrosDatosFactura>
    <SociedadMercantilEmisora>ENDESA DISTRIBUCION ELECTRICAS</SociedadMercantilEmisora>
    <SociedadMercantilDestino>SUNAIR ONE ENERGY, S.L.</SociedadMercantilDestino>
    <DireccionEmisora>AVDA. BORBOLLA, 5</DireccionEmisora>
    <DireccionDestino>P.I.AGRO REUS C/ IGNASI I</DireccionDestino>
  </OtrosDatosFactura>
</MensajeFacturacion>