<?xml version="1.0" encoding="UTF-8"?><MensajeFacturacion xmlns="http://localhost/elegibilidad">
  <Cabecera>
    <CodigoREEEmpresaEmisora>0024</CodigoREEEmpresaEmisora>
    <CodigoREEEmpresaDestino>0815</CodigoREEEmpresaDestino>
    <CodigoDelProceso>F1</CodigoDelProceso>
    <CodigoDePaso>01</CodigoDePaso>
    <CodigoDeSolicitud>000002512501</CodigoDeSolicitud>
    <SecuencialDeSolicitud>00</SecuencialDeSolicitud>
    <FechaSolicitud>2018-02-13T01:48:58</FechaSolicitud>
    <CUPS>ES0031405973004001SB0F</CUPS>
  </Cabecera>
  <Facturas>
    <FacturaATR>
      <DatosGeneralesFacturaATR>
        <DireccionSuministro>
          <Pais>ESPAÑA</Pais>
          <Provincia>08</Provincia>
          <Municipio>000019</Municipio>
          <Poblacion>000000034</Poblacion>
          <TipoVia>CL</TipoVia>
          <CodPostal>08005</CodPostal>
          <Calle>MARINA</Calle>
          <NumeroFinca>00063</NumeroFinca>
          <Piso>LO</Piso>
          <Puerta>001</Puerta>
        </DireccionSuministro>
        <Cliente>
          <TipoIdentificador>NI</TipoIdentificador>
          <Identificador>B55567986</Identificador>
        </Cliente>
        <CodContrato>500000634236</CodContrato>
        <DatosGeneralesFactura>
          <CodigoFiscalFactura>F6801N01134186</CodigoFiscalFactura>
          <TipoFactura>N</TipoFactura>
          <MotivoFacturacion>01</MotivoFacturacion>
          <Expediente>
            <NumeroExpediente>0000000000000000</NumeroExpediente>
            <CodigoSolicitud>000000000000</CodigoSolicitud>
          </Expediente>
          <FechaFactura>2018-02-13</FechaFactura>
          <IdentificadorEmisora>B82846817</IdentificadorEmisora>
          <Comentarios>2512501                                                                                             </Comentarios>
          <ImporteTotalFactura>+0000001097.23</ImporteTotalFactura>
          <TipoMoneda>02</TipoMoneda>
        </DatosGeneralesFactura>
        <DatosFacturaATR>
          <FechaBOE>2017-12-27</FechaBOE>
          <TarifaATRFact>003</TarifaATRFact>
          <ModoControlPotencia>2</ModoControlPotencia>
          <MarcaMedidaConPerdidas>N</MarcaMedidaConPerdidas>
          <IndicativoCurvaCarga>02</IndicativoCurvaCarga>
          <Periodo>
            <FechaDesdeFactura>2018-01-01</FechaDesdeFactura>
            <FechaHastaFactura>2018-01-31</FechaHastaFactura>
            <NumeroDias>030</NumeroDias>
          </Periodo>
        </DatosFacturaATR>
      </DatosGeneralesFacturaATR>
      <Potencia>
        <TerminoPotencia>
          <FechaDesde>2018-01-01</FechaDesde>
          <FechaHasta>2018-01-31</FechaHasta>
          <Periodo>
            <PotenciaContratada>00000000086500</PotenciaContratada>
            <PotenciaMaxDemandada>00000000084000</PotenciaMaxDemandada>
            <PotenciaAFacturar>00000000084000</PotenciaAFacturar>
            <PrecioPotencia>00000.111585986</PrecioPotencia>
          </Periodo>
          <Periodo>
            <PotenciaContratada>00000000086500</PotenciaContratada>
            <PotenciaMaxDemandada>00000000080000</PotenciaMaxDemandada>
            <PotenciaAFacturar>00000000080000</PotenciaAFacturar>
            <PrecioPotencia>00000.066951589</PrecioPotencia>
          </Periodo>
          <Periodo>
            <PotenciaContratada>00000000100000</PotenciaContratada>
            <PotenciaMaxDemandada>00000000072000</PotenciaMaxDemandada>
            <PotenciaAFacturar>00000000085000</PotenciaAFacturar>
            <PrecioPotencia>00000.044634397</PrecioPotencia>
          </Periodo>
          <Periodo>
            <PotenciaContratada>00000000000000</PotenciaContratada>
            <PotenciaMaxDemandada>00000000000000</PotenciaMaxDemandada>
            <PotenciaAFacturar>00000000000000</PotenciaAFacturar>
            <PrecioPotencia>00000.000000000</PrecioPotencia>
          </Periodo>
          <Periodo>
            <PotenciaContratada>00000000000000</PotenciaContratada>
            <PotenciaMaxDemandada>00000000000000</PotenciaMaxDemandada>
            <PotenciaAFacturar>00000000000000</PotenciaAFacturar>
            <PrecioPotencia>00000.000000000</PrecioPotencia>
          </Periodo>
          <Periodo>
            <PotenciaContratada>00000000000000</PotenciaContratada>
            <PotenciaMaxDemandada>00000000000000</PotenciaMaxDemandada>
            <PotenciaAFacturar>00000000000000</PotenciaAFacturar>
            <PrecioPotencia>00000.000000000</PrecioPotencia>
          </Periodo>
        </TerminoPotencia>
        <PenalizacionNoICP>N</PenalizacionNoICP>
        <ImporteTotalTerminoPotencia>+0000000555.70</ImporteTotalTerminoPotencia>
      </Potencia>
      <EnergiaActiva>
        <TerminoEnergiaActiva>
          <FechaDesde>2018-01-01</FechaDesde>
          <FechaHasta>2018-01-31</FechaHasta>
          <Periodo>
            <ValorEnergiaActiva>+00000005502.00</ValorEnergiaActiva>
            <PrecioEnergia>00000.018762000</PrecioEnergia>
          </Periodo>
          <Periodo>
            <ValorEnergiaActiva>+00000015576.00</ValorEnergiaActiva>
            <PrecioEnergia>00000.012575000</PrecioEnergia>
          </Periodo>
          <Periodo>
            <ValorEnergiaActiva>+00000004813.00</ValorEnergiaActiva>
            <PrecioEnergia>00000.004670000</PrecioEnergia>
          </Periodo>
          <Periodo>
            <ValorEnergiaActiva>+00000000000.00</ValorEnergiaActiva>
            <PrecioEnergia>00000.000000000</PrecioEnergia>
          </Periodo>
          <Periodo>
            <ValorEnergiaActiva>+00000000000.00</ValorEnergiaActiva>
            <PrecioEnergia>00000.000000000</PrecioEnergia>
          </Periodo>
          <Periodo>
            <ValorEnergiaActiva>+00000000000.00</ValorEnergiaActiva>
            <PrecioEnergia>00000.000000000</PrecioEnergia>
          </Periodo>
        </TerminoEnergiaActiva>
        <ImporteTotalEnergiaActiva>+0000000321.57</ImporteTotalEnergiaActiva>
      </EnergiaActiva>
      <ImpuestoElectrico>
        <BaseImponible>+0000000000.00</BaseImponible>
        <Porcentaje>00000.00000000</Porcentaje>
        <Importe>+0000000000.00</Importe>
      </ImpuestoElectrico>
      <Alquileres>
        <PrecioDiarioAlquiler>
          <PrecioDia>00000.984329000</PrecioDia>
          <NumeroDias>030</NumeroDias>
        </PrecioDiarioAlquiler>
        <ImporteFacturacionAlquileres>+0000000029.53</ImporteFacturacionAlquileres>
      </Alquileres>
      <IVA>
        <BaseImponible>+0000000906.80</BaseImponible>
        <Porcentaje>0021.00</Porcentaje>
        <Importe>+0000000190.43</Importe>
      </IVA>
      <Medidas>
        <CodPM>ES0031405973004001SB1P</CodPM>
        <ModeloAparato>
          <TipoAparato>CG</TipoAparato>
          <MarcaAparato>069</MarcaAparato>
          <NumeroSerie>095395499</NumeroSerie>
          <TipoDHEdM>6</TipoDHEdM>
          <Integrador>
            <Magnitud>AE</Magnitud>
            <CodigoPeriodo>62</CodigoPeriodo>
            <ConstanteMultiplicadora>000001.000</ConstanteMultiplicadora>
            <NumeroRuedasEnteras>08</NumeroRuedasEnteras>
            <NumeroRuedasDecimales>00</NumeroRuedasDecimales>
            <ConsumoCalculado>+0000012584.00</ConsumoCalculado>
            <LecturaDesde>
              <Fecha>2018-01-01</Fecha>
              <Procedencia>20</Procedencia>
              <Lectura>0001456141.00</Lectura>
            </LecturaDesde>
            <LecturaHasta>
              <Fecha>2018-01-31</Fecha>
              <Procedencia>20</Procedencia>
              <Lectura>0001468725.00</Lectura>
            </LecturaHasta>
            <FechaHoraMaximetro>2018-01-02T07:00:00</FechaHoraMaximetro>
          </Integrador>
          <Integrador>
            <Magnitud>AE</Magnitud>
            <CodigoPeriodo>63</CodigoPeriodo>
            <ConstanteMultiplicadora>000001.000</ConstanteMultiplicadora>
            <NumeroRuedasEnteras>08</NumeroRuedasEnteras>
            <NumeroRuedasDecimales>00</NumeroRuedasDecimales>
            <ConsumoCalculado>+0000003597.00</ConsumoCalculado>
            <LecturaDesde>
              <Fecha>2018-01-01</Fecha>
              <Procedencia>20</Procedencia>
              <Lectura>0000454373.00</Lectura>
            </LecturaDesde>
            <LecturaHasta>
              <Fecha>2018-01-31</Fecha>
              <Procedencia>20</Procedencia>
              <Lectura>0000457970.00</Lectura>
            </LecturaHasta>
            <FechaHoraMaximetro>2018-01-30T12:00:00</FechaHoraMaximetro>
          </Integrador>
          <Integrador>
            <Magnitud>AE</Magnitud>
            <CodigoPeriodo>61</CodigoPeriodo>
            <ConstanteMultiplicadora>000001.000</ConstanteMultiplicadora>
            <NumeroRuedasEnteras>08</NumeroRuedasEnteras>
            <NumeroRuedasDecimales>00</NumeroRuedasDecimales>
            <ConsumoCalculado>+0000004410.00</ConsumoCalculado>
            <LecturaDesde>
              <Fecha>2018-01-01</Fecha>
              <Procedencia>20</Procedencia>
              <Lectura>0000546450.00</Lectura>
            </LecturaDesde>
            <LecturaHasta>
              <Fecha>2018-01-31</Fecha>
              <Procedencia>20</Procedencia>
              <Lectura>0000550860.00</Lectura>
            </LecturaHasta>
            <FechaHoraMaximetro>2018-01-02T18:00:00</FechaHoraMaximetro>
          </Integrador>
          <Integrador>
            <Magnitud>R1</Magnitud>
            <CodigoPeriodo>62</CodigoPeriodo>
            <ConstanteMultiplicadora>000001.000</ConstanteMultiplicadora>
            <NumeroRuedasEnteras>08</NumeroRuedasEnteras>
            <NumeroRuedasDecimales>00</NumeroRuedasDecimales>
            <ConsumoCalculado>+0000000787.00</ConsumoCalculado>
            <LecturaDesde>
              <Fecha>2018-01-01</Fecha>
              <Procedencia>20</Procedencia>
              <Lectura>0000335311.00</Lectura>
            </LecturaDesde>
            <LecturaHasta>
              <Fecha>2018-01-31</Fecha>
              <Procedencia>20</Procedencia>
              <Lectura>0000336098.00</Lectura>
            </LecturaHasta>
            <FechaHoraMaximetro>2018-01-02T07:00:00</FechaHoraMaximetro>
          </Integrador>
          <Integrador>
            <Magnitud>R1</Magnitud>
            <CodigoPeriodo>63</CodigoPeriodo>
            <ConstanteMultiplicadora>000001.000</ConstanteMultiplicadora>
            <NumeroRuedasEnteras>08</NumeroRuedasEnteras>
            <NumeroRuedasDecimales>00</NumeroRuedasDecimales>
            <ConsumoCalculado>+0000000670.00</ConsumoCalculado>
            <LecturaDesde>
              <Fecha>2018-01-01</Fecha>
              <Procedencia>20</Procedencia>
              <Lectura>0000126140.00</Lectura>
            </LecturaDesde>
            <LecturaHasta>
              <Fecha>2018-01-31</Fecha>
              <Procedencia>20</Procedencia>
              <Lectura>0000126810.00</Lectura>
            </LecturaHasta>
            <FechaHoraMaximetro>2018-01-30T12:00:00</FechaHoraMaximetro>
          </Integrador>
          <Integrador>
            <Magnitud>R1</Magnitud>
            <CodigoPeriodo>61</CodigoPeriodo>
            <ConstanteMultiplicadora>000001.000</ConstanteMultiplicadora>
            <NumeroRuedasEnteras>08</NumeroRuedasEnteras>
            <NumeroRuedasDecimales>00</NumeroRuedasDecimales>
            <ConsumoCalculado>+0000000376.00</ConsumoCalculado>
            <LecturaDesde>
              <Fecha>2018-01-01</Fecha>
              <Procedencia>20</Procedencia>
              <Lectura>0000126723.00</Lectura>
            </LecturaDesde>
            <LecturaHasta>
              <Fecha>2018-01-31</Fecha>
              <Procedencia>20</Procedencia>
              <Lectura>0000127099.00</Lectura>
            </LecturaHasta>
            <FechaHoraMaximetro>2018-01-02T18:00:00</FechaHoraMaximetro>
          </Integrador>
          <Integrador>
            <Magnitud>PM</Magnitud>
            <CodigoPeriodo>62</CodigoPeriodo>
            <ConstanteMultiplicadora>000001.000</ConstanteMultiplicadora>
            <NumeroRuedasEnteras>08</NumeroRuedasEnteras>
            <NumeroRuedasDecimales>00</NumeroRuedasDecimales>
            <ConsumoCalculado>+0000072000.00</ConsumoCalculado>
            <LecturaDesde>
              <Fecha>2018-01-01</Fecha>
              <Procedencia>20</Procedencia>
              <Lectura>0000000000.00</Lectura>
            </LecturaDesde>
            <LecturaHasta>
              <Fecha>2018-01-31</Fecha>
              <Procedencia>20</Procedencia>
              <Lectura>0000072000.00</Lectura>
            </LecturaHasta>
            <FechaHoraMaximetro>2018-01-02T07:00:00</FechaHoraMaximetro>
          </Integrador>
          <Integrador>
            <Magnitud>PM</Magnitud>
            <CodigoPeriodo>63</CodigoPeriodo>
            <ConstanteMultiplicadora>000001.000</ConstanteMultiplicadora>
            <NumeroRuedasEnteras>08</NumeroRuedasEnteras>
            <NumeroRuedasDecimales>00</NumeroRuedasDecimales>
            <ConsumoCalculado>+0000072000.00</ConsumoCalculado>
            <LecturaDesde>
              <Fecha>2018-01-01</Fecha>
              <Procedencia>20</Procedencia>
              <Lectura>0000000000.00</Lectura>
            </LecturaDesde>
            <LecturaHasta>
              <Fecha>2018-01-31</Fecha>
              <Procedencia>20</Procedencia>
              <Lectura>0000072000.00</Lectura>
            </LecturaHasta>
            <FechaHoraMaximetro>2018-01-30T12:00:00</FechaHoraMaximetro>
          </Integrador>
          <Integrador>
            <Magnitud>PM</Magnitud>
            <CodigoPeriodo>61</CodigoPeriodo>
            <ConstanteMultiplicadora>000001.000</ConstanteMultiplicadora>
            <NumeroRuedasEnteras>08</NumeroRuedasEnteras>
            <NumeroRuedasDecimales>00</NumeroRuedasDecimales>
            <ConsumoCalculado>+0000072000.00</ConsumoCalculado>
            <LecturaDesde>
              <Fecha>2018-01-01</Fecha>
              <Procedencia>20</Procedencia>
              <Lectura>0000000000.00</Lectura>
            </LecturaDesde>
            <LecturaHasta>
              <Fecha>2018-01-31</Fecha>
              <Procedencia>20</Procedencia>
              <Lectura>0000072000.00</Lectura>
            </LecturaHasta>
            <FechaHoraMaximetro>2018-01-02T18:00:00</FechaHoraMaximetro>
          </Integrador>
          <Integrador>
            <Magnitud>AE</Magnitud>
            <CodigoPeriodo>64</CodigoPeriodo>
            <ConstanteMultiplicadora>000001.000</ConstanteMultiplicadora>
            <NumeroRuedasEnteras>08</NumeroRuedasEnteras>
            <NumeroRuedasDecimales>00</NumeroRuedasDecimales>
            <ConsumoCalculado>+0000001092.00</ConsumoCalculado>
            <LecturaDesde>
              <Fecha>2018-01-01</Fecha>
              <Procedencia>20</Procedencia>
              <Lectura>0000156456.00</Lectura>
            </LecturaDesde>
            <LecturaHasta>
              <Fecha>2018-01-31</Fecha>
              <Procedencia>20</Procedencia>
              <Lectura>0000157548.00</Lectura>
            </LecturaHasta>
            <FechaHoraMaximetro>2018-01-27T07:00:00</FechaHoraMaximetro>
          </Integrador>
          <Integrador>
            <Magnitud>AE</Magnitud>
            <CodigoPeriodo>65</CodigoPeriodo>
            <ConstanteMultiplicadora>000001.000</ConstanteMultiplicadora>
            <NumeroRuedasEnteras>08</NumeroRuedasEnteras>
            <NumeroRuedasDecimales>00</NumeroRuedasDecimales>
            <ConsumoCalculado>+0000002992.00</ConsumoCalculado>
            <LecturaDesde>
              <Fecha>2018-01-01</Fecha>
              <Procedencia>20</Procedencia>
              <Lectura>0000438752.00</Lectura>
            </LecturaDesde>
            <LecturaHasta>
              <Fecha>2018-01-31</Fecha>
              <Procedencia>20</Procedencia>
              <Lectura>0000441744.00</Lectura>
            </LecturaHasta>
            <FechaHoraMaximetro>2018-01-20T17:00:00</FechaHoraMaximetro>
          </Integrador>
          <Integrador>
            <Magnitud>AE</Magnitud>
            <CodigoPeriodo>66</CodigoPeriodo>
            <ConstanteMultiplicadora>000001.000</ConstanteMultiplicadora>
            <NumeroRuedasEnteras>08</NumeroRuedasEnteras>
            <NumeroRuedasDecimales>00</NumeroRuedasDecimales>
            <ConsumoCalculado>+0000001216.00</ConsumoCalculado>
            <LecturaDesde>
              <Fecha>2018-01-01</Fecha>
              <Procedencia>20</Procedencia>
              <Lectura>0000181901.00</Lectura>
            </LecturaDesde>
            <LecturaHasta>
              <Fecha>2018-01-31</Fecha>
              <Procedencia>20</Procedencia>
              <Lectura>0000183117.00</Lectura>
            </LecturaHasta>
            <FechaHoraMaximetro>2018-01-20T20:00:00</FechaHoraMaximetro>
          </Integrador>
          <Integrador>
            <Magnitud>R1</Magnitud>
            <CodigoPeriodo>64</CodigoPeriodo>
            <ConstanteMultiplicadora>000001.000</ConstanteMultiplicadora>
            <NumeroRuedasEnteras>08</NumeroRuedasEnteras>
            <NumeroRuedasDecimales>00</NumeroRuedasDecimales>
            <ConsumoCalculado>+0000000166.00</ConsumoCalculado>
            <LecturaDesde>
              <Fecha>2018-01-01</Fecha>
              <Procedencia>20</Procedencia>
              <Lectura>0000040113.00</Lectura>
            </LecturaDesde>
            <LecturaHasta>
              <Fecha>2018-01-31</Fecha>
              <Procedencia>20</Procedencia>
              <Lectura>0000040279.00</Lectura>
            </LecturaHasta>
            <FechaHoraMaximetro>2018-01-27T07:00:00</FechaHoraMaximetro>
          </Integrador>
          <Integrador>
            <Magnitud>R1</Magnitud>
            <CodigoPeriodo>65</CodigoPeriodo>
            <ConstanteMultiplicadora>000001.000</ConstanteMultiplicadora>
            <NumeroRuedasEnteras>08</NumeroRuedasEnteras>
            <NumeroRuedasDecimales>00</NumeroRuedasDecimales>
            <ConsumoCalculado>+0000000375.00</ConsumoCalculado>
            <LecturaDesde>
              <Fecha>2018-01-01</Fecha>
              <Procedencia>20</Procedencia>
              <Lectura>0000109723.00</Lectura>
            </LecturaDesde>
            <LecturaHasta>
              <Fecha>2018-01-31</Fecha>
              <Procedencia>20</Procedencia>
              <Lectura>0000110098.00</Lectura>
            </LecturaHasta>
            <FechaHoraMaximetro>2018-01-20T17:00:00</FechaHoraMaximetro>
          </Integrador>
          <Integrador>
            <Magnitud>R1</Magnitud>
            <CodigoPeriodo>66</CodigoPeriodo>
            <ConstanteMultiplicadora>000001.000</ConstanteMultiplicadora>
            <NumeroRuedasEnteras>08</NumeroRuedasEnteras>
            <NumeroRuedasDecimales>00</NumeroRuedasDecimales>
            <ConsumoCalculado>+0000000289.00</ConsumoCalculado>
            <LecturaDesde>
              <Fecha>2018-01-01</Fecha>
              <Procedencia>20</Procedencia>
              <Lectura>0000051998.00</Lectura>
            </LecturaDesde>
            <LecturaHasta>
              <Fecha>2018-01-31</Fecha>
              <Procedencia>20</Procedencia>
              <Lectura>0000052287.00</Lectura>
            </LecturaHasta>
            <FechaHoraMaximetro>2018-01-20T20:00:00</FechaHoraMaximetro>
          </Integrador>
          <Integrador>
            <Magnitud>PM</Magnitud>
            <CodigoPeriodo>64</CodigoPeriodo>
            <ConstanteMultiplicadora>000001.000</ConstanteMultiplicadora>
            <NumeroRuedasEnteras>08</NumeroRuedasEnteras>
            <NumeroRuedasDecimales>00</NumeroRuedasDecimales>
            <ConsumoCalculado>+0000084000.00</ConsumoCalculado>
            <LecturaDesde>
              <Fecha>2018-01-01</Fecha>
              <Procedencia>20</Procedencia>
              <Lectura>0000000000.00</Lectura>
            </LecturaDesde>
            <LecturaHasta>
              <Fecha>2018-01-31</Fecha>
              <Procedencia>20</Procedencia>
              <Lectura>0000084000.00</Lectura>
            </LecturaHasta>
            <FechaHoraMaximetro>2018-01-27T07:00:00</FechaHoraMaximetro>
          </Integrador>
          <Integrador>
            <Magnitud>PM</Magnitud>
            <CodigoPeriodo>65</CodigoPeriodo>
            <ConstanteMultiplicadora>000001.000</ConstanteMultiplicadora>
            <NumeroRuedasEnteras>08</NumeroRuedasEnteras>
            <NumeroRuedasDecimales>00</NumeroRuedasDecimales>
            <ConsumoCalculado>+0000080000.00</ConsumoCalculado>
            <LecturaDesde>
              <Fecha>2018-01-01</Fecha>
              <Procedencia>20</Procedencia>
              <Lectura>0000000000.00</Lectura>
            </LecturaDesde>
            <LecturaHasta>
              <Fecha>2018-01-31</Fecha>
              <Procedencia>20</Procedencia>
              <Lectura>0000080000.00</Lectura>
            </LecturaHasta>
            <FechaHoraMaximetro>2018-01-20T17:00:00</FechaHoraMaximetro>
          </Integrador>
          <Integrador>
            <Magnitud>PM</Magnitud>
            <CodigoPeriodo>66</CodigoPeriodo>
            <ConstanteMultiplicadora>000001.000</ConstanteMultiplicadora>
            <NumeroRuedasEnteras>08</NumeroRuedasEnteras>
            <NumeroRuedasDecimales>00</NumeroRuedasDecimales>
            <ConsumoCalculado>+0000056000.00</ConsumoCalculado>
            <LecturaDesde>
              <Fecha>2018-01-01</Fecha>
              <Procedencia>20</Procedencia>
              <Lectura>0000000000.00</Lectura>
            </LecturaDesde>
            <LecturaHasta>
              <Fecha>2018-01-31</Fecha>
              <Procedencia>20</Procedencia>
              <Lectura>0000056000.00</Lectura>
            </LecturaHasta>
            <FechaHoraMaximetro>2018-01-20T20:00:00</FechaHoraMaximetro>
          </Integrador>
        </ModeloAparato>
      </Medidas>
    </FacturaATR>
    <RegistroFin>
      <ImporteTotal>+0000000007035.75</ImporteTotal>
      <SaldoTotalFacturacion>-0000000000188.50</SaldoTotalFacturacion>
      <TotalRecibos>00038</TotalRecibos>
      <TipoMoneda>02</TipoMoneda>
      <FechaValor>2018-02-13</FechaValor>
      <FechaLimitePago>2018-03-05</FechaLimitePago>
      <IdRemesa>00000000000000000002512501</IdRemesa>
    </RegistroFin>
  </Facturas>
  <OtrosDatosFactura>
    <SociedadMercantilEmisora>ENDESA DISTRIBUCION ELECTRICA S.L *</SociedadMercantilEmisora>
    <SociedadMercantilDestino>SUNAIR ONE ENERGY, S.L.</SociedadMercantilDestino>
    <DireccionEmisora>AV VILANOVA</DireccionEmisora>
    <DireccionDestino>ANTONI RUBIO 46, LOC, ALMACEN, REUS, 43206, TARRAGONA</DireccionDestino>
  </OtrosDatosFactura>
</MensajeFacturacion>