<?xml version="1.0" encoding="UTF-8"?><MensajeFacturacion xmlns="http://localhost/elegibilidad">
  <Cabecera>
    <CodigoREEEmpresaEmisora>0024</CodigoREEEmpresaEmisora>
    <CodigoREEEmpresaDestino>0815</CodigoREEEmpresaDestino>
    <CodigoDelProceso>F1</CodigoDelProceso>
    <CodigoDePaso>01</CodigoDePaso>
    <CodigoDeSolicitud>000002512501</CodigoDeSolicitud>
    <SecuencialDeSolicitud>00</SecuencialDeSolicitud>
    <FechaSolicitud>2018-02-13T01:48:58</FechaSolicitud>
    <CUPS>ES0031405407862002FM0F</CUPS>
  </Cabecera>
  <Facturas>
    <FacturaATR>
      <DatosGeneralesFacturaATR>
        <DireccionSuministro>
          <Pais>ESPAÑA</Pais>
          <Provincia>08</Provincia>
          <Municipio>000015</Municipio>
          <Poblacion>000000029</Poblacion>
          <TipoVia>CL</TipoVia>
          <CodPostal>08911</CodPostal>
          <Calle>LLEO</Calle>
          <NumeroFinca>00067</NumeroFinca>
          <Piso>BA</Piso>
        </DireccionSuministro>
        <Cliente>
          <TipoIdentificador>NI</TipoIdentificador>
          <Identificador>B55567986</Identificador>
        </Cliente>
        <CodContrato>000508901922</CodContrato>
        <DatosGeneralesFactura>
          <CodigoFiscalFactura>F3801N07483133</CodigoFiscalFactura>
          <TipoFactura>N</TipoFactura>
          <MotivoFacturacion>01</MotivoFacturacion>
          <Expediente>
            <NumeroExpediente>0000000000000000</NumeroExpediente>
            <CodigoSolicitud>000000000000</CodigoSolicitud>
          </Expediente>
          <FechaFactura>2018-02-13</FechaFactura>
          <IdentificadorEmisora>B82846817</IdentificadorEmisora>
          <Comentarios>2512501                                                                                             </Comentarios>
          <ImporteTotalFactura>+0000000180.75</ImporteTotalFactura>
          <TipoMoneda>02</TipoMoneda>
        </DatosGeneralesFactura>
        <DatosFacturaATR>
          <FechaBOE>2017-12-27</FechaBOE>
          <TarifaATRFact>003</TarifaATRFact>
          <ModoControlPotencia>2</ModoControlPotencia>
          <MarcaMedidaConPerdidas>N</MarcaMedidaConPerdidas>
          <IndicativoCurvaCarga>02</IndicativoCurvaCarga>
          <Periodo>
            <FechaDesdeFactura>2018-01-10</FechaDesdeFactura>
            <FechaHastaFactura>2018-02-13</FechaHastaFactura>
            <NumeroDias>034</NumeroDias>
          </Periodo>
        </DatosFacturaATR>
      </DatosGeneralesFacturaATR>
      <Potencia>
        <TerminoPotencia>
          <FechaDesde>2018-01-10</FechaDesde>
          <FechaHasta>2018-02-13</FechaHasta>
          <Periodo>
            <PotenciaContratada>00000000017100</PotenciaContratada>
            <PotenciaMaxDemandada>00000000007000</PotenciaMaxDemandada>
            <PotenciaAFacturar>00000000014535</PotenciaAFacturar>
            <PrecioPotencia>00000.111585986</PrecioPotencia>
          </Periodo>
          <Periodo>
            <PotenciaContratada>00000000017200</PotenciaContratada>
            <PotenciaMaxDemandada>00000000007000</PotenciaMaxDemandada>
            <PotenciaAFacturar>00000000014620</PotenciaAFacturar>
            <PrecioPotencia>00000.066951589</PrecioPotencia>
          </Periodo>
          <Periodo>
            <PotenciaContratada>00000000020785</PotenciaContratada>
            <PotenciaMaxDemandada>00000000000000</PotenciaMaxDemandada>
            <PotenciaAFacturar>00000000017667</PotenciaAFacturar>
            <PrecioPotencia>00000.044634397</PrecioPotencia>
          </Periodo>
          <Periodo>
            <PotenciaContratada>00000000000000</PotenciaContratada>
            <PotenciaMaxDemandada>00000000000000</PotenciaMaxDemandada>
            <PotenciaAFacturar>00000000000000</PotenciaAFacturar>
            <PrecioPotencia>00000.000000000</PrecioPotencia>
          </Periodo>
          <Periodo>
            <PotenciaContratada>00000000000000</PotenciaContratada>
            <PotenciaMaxDemandada>00000000000000</PotenciaMaxDemandada>
            <PotenciaAFacturar>00000000000000</PotenciaAFacturar>
            <PrecioPotencia>00000.000000000</PrecioPotencia>
          </Periodo>
          <Periodo>
            <PotenciaContratada>00000000000000</PotenciaContratada>
            <PotenciaMaxDemandada>00000000000000</PotenciaMaxDemandada>
            <PotenciaAFacturar>00000000000000</PotenciaAFacturar>
            <PrecioPotencia>00000.000000000</PrecioPotencia>
          </Periodo>
        </TerminoPotencia>
        <PenalizacionNoICP>N</PenalizacionNoICP>
        <ImporteTotalTerminoPotencia>+0000000115.24</ImporteTotalTerminoPotencia>
      </Potencia>
      <EnergiaActiva>
        <TerminoEnergiaActiva>
          <FechaDesde>2018-01-10</FechaDesde>
          <FechaHasta>2018-02-13</FechaHasta>
          <Periodo>
            <ValorEnergiaActiva>+00000000496.00</ValorEnergiaActiva>
            <PrecioEnergia>00000.018762000</PrecioEnergia>
          </Periodo>
          <Periodo>
            <ValorEnergiaActiva>+00000001014.00</ValorEnergiaActiva>
            <PrecioEnergia>00000.012575000</PrecioEnergia>
          </Periodo>
          <Periodo>
            <ValorEnergiaActiva>+00000000003.00</ValorEnergiaActiva>
            <PrecioEnergia>00000.004670000</PrecioEnergia>
          </Periodo>
          <Periodo>
            <ValorEnergiaActiva>+00000000000.00</ValorEnergiaActiva>
            <PrecioEnergia>00000.000000000</PrecioEnergia>
          </Periodo>
          <Periodo>
            <ValorEnergiaActiva>+00000000000.00</ValorEnergiaActiva>
            <PrecioEnergia>00000.000000000</PrecioEnergia>
          </Periodo>
          <Periodo>
            <ValorEnergiaActiva>+00000000000.00</ValorEnergiaActiva>
            <PrecioEnergia>00000.000000000</PrecioEnergia>
          </Periodo>
        </TerminoEnergiaActiva>
        <ImporteTotalEnergiaActiva>+0000000022.07</ImporteTotalEnergiaActiva>
      </EnergiaActiva>
      <ImpuestoElectrico>
        <BaseImponible>+0000000000.00</BaseImponible>
        <Porcentaje>00000.00000000</Porcentaje>
        <Importe>+0000000000.00</Importe>
      </ImpuestoElectrico>
      <Alquileres>
        <PrecioDiarioAlquiler>
          <PrecioDia>00000.355068000</PrecioDia>
          <NumeroDias>034</NumeroDias>
        </PrecioDiarioAlquiler>
        <ImporteFacturacionAlquileres>+0000000012.07</ImporteFacturacionAlquileres>
      </Alquileres>
      <IVA>
        <BaseImponible>+0000000149.38</BaseImponible>
        <Porcentaje>0021.00</Porcentaje>
        <Importe>+0000000031.37</Importe>
      </IVA>
      <Medidas>
        <CodPM>ES0031405407862002FM1P</CodPM>
        <ModeloAparato>
          <TipoAparato>CA</TipoAparato>
          <MarcaAparato>199</MarcaAparato>
          <NumeroSerie>063012380</NumeroSerie>
          <TipoDHEdM>6</TipoDHEdM>
          <Integrador>
            <Magnitud>AE</Magnitud>
            <CodigoPeriodo>62</CodigoPeriodo>
            <ConstanteMultiplicadora>000001.000</ConstanteMultiplicadora>
            <NumeroRuedasEnteras>09</NumeroRuedasEnteras>
            <NumeroRuedasDecimales>00</NumeroRuedasDecimales>
            <ConsumoCalculado>+0000000858.00</ConsumoCalculado>
            <LecturaDesde>
              <Fecha>2018-01-10</Fecha>
              <Procedencia>20</Procedencia>
              <Lectura>0000140083.00</Lectura>
            </LecturaDesde>
            <LecturaHasta>
              <Fecha>2018-02-13</Fecha>
              <Procedencia>20</Procedencia>
              <Lectura>0000140941.00</Lectura>
            </LecturaHasta>
            <FechaHoraMaximetro>2018-02-13T00:00:00</FechaHoraMaximetro>
          </Integrador>
          <Integrador>
            <Magnitud>AE</Magnitud>
            <CodigoPeriodo>63</CodigoPeriodo>
            <ConstanteMultiplicadora>000001.000</ConstanteMultiplicadora>
            <NumeroRuedasEnteras>09</NumeroRuedasEnteras>
            <NumeroRuedasDecimales>00</NumeroRuedasDecimales>
            <ConsumoCalculado>+0000000002.00</ConsumoCalculado>
            <LecturaDesde>
              <Fecha>2018-01-10</Fecha>
              <Procedencia>20</Procedencia>
              <Lectura>0000015310.00</Lectura>
            </LecturaDesde>
            <LecturaHasta>
              <Fecha>2018-02-13</Fecha>
              <Procedencia>20</Procedencia>
              <Lectura>0000015312.00</Lectura>
            </LecturaHasta>
            <FechaHoraMaximetro>2018-02-13T00:00:00</FechaHoraMaximetro>
          </Integrador>
          <Integrador>
            <Magnitud>AE</Magnitud>
            <CodigoPeriodo>61</CodigoPeriodo>
            <ConstanteMultiplicadora>000001.000</ConstanteMultiplicadora>
            <NumeroRuedasEnteras>09</NumeroRuedasEnteras>
            <NumeroRuedasDecimales>00</NumeroRuedasDecimales>
            <ConsumoCalculado>+0000000411.00</ConsumoCalculado>
            <LecturaDesde>
              <Fecha>2018-01-10</Fecha>
              <Procedencia>20</Procedencia>
              <Lectura>0000061577.00</Lectura>
            </LecturaDesde>
            <LecturaHasta>
              <Fecha>2018-02-13</Fecha>
              <Procedencia>20</Procedencia>
              <Lectura>0000061988.00</Lectura>
            </LecturaHasta>
            <FechaHoraMaximetro>2018-02-13T00:00:00</FechaHoraMaximetro>
          </Integrador>
          <Integrador>
            <Magnitud>R1</Magnitud>
            <CodigoPeriodo>62</CodigoPeriodo>
            <ConstanteMultiplicadora>000001.000</ConstanteMultiplicadora>
            <NumeroRuedasEnteras>09</NumeroRuedasEnteras>
            <NumeroRuedasDecimales>00</NumeroRuedasDecimales>
            <ConsumoCalculado>+0000000094.00</ConsumoCalculado>
            <LecturaDesde>
              <Fecha>2018-01-10</Fecha>
              <Procedencia>20</Procedencia>
              <Lectura>0000030883.00</Lectura>
            </LecturaDesde>
            <LecturaHasta>
              <Fecha>2018-02-13</Fecha>
              <Procedencia>20</Procedencia>
              <Lectura>0000030977.00</Lectura>
            </LecturaHasta>
            <FechaHoraMaximetro>2018-02-13T00:00:00</FechaHoraMaximetro>
          </Integrador>
          <Integrador>
            <Magnitud>R1</Magnitud>
            <CodigoPeriodo>63</CodigoPeriodo>
            <ConstanteMultiplicadora>000001.000</ConstanteMultiplicadora>
            <NumeroRuedasEnteras>09</NumeroRuedasEnteras>
            <NumeroRuedasDecimales>00</NumeroRuedasDecimales>
            <ConsumoCalculado>+0000000000.00</ConsumoCalculado>
            <LecturaDesde>
              <Fecha>2018-01-10</Fecha>
              <Procedencia>20</Procedencia>
              <Lectura>0000004503.00</Lectura>
            </LecturaDesde>
            <LecturaHasta>
              <Fecha>2018-02-13</Fecha>
              <Procedencia>20</Procedencia>
              <Lectura>0000004503.00</Lectura>
            </LecturaHasta>
            <FechaHoraMaximetro>2018-02-13T00:00:00</FechaHoraMaximetro>
          </Integrador>
          <Integrador>
            <Magnitud>R1</Magnitud>
            <CodigoPeriodo>61</CodigoPeriodo>
            <ConstanteMultiplicadora>000001.000</ConstanteMultiplicadora>
            <NumeroRuedasEnteras>09</NumeroRuedasEnteras>
            <NumeroRuedasDecimales>00</NumeroRuedasDecimales>
            <ConsumoCalculado>+0000000041.00</ConsumoCalculado>
            <LecturaDesde>
              <Fecha>2018-01-10</Fecha>
              <Procedencia>20</Procedencia>
              <Lectura>0000013922.00</Lectura>
            </LecturaDesde>
            <LecturaHasta>
              <Fecha>2018-02-13</Fecha>
              <Procedencia>20</Procedencia>
              <Lectura>0000013963.00</Lectura>
            </LecturaHasta>
            <FechaHoraMaximetro>2018-02-13T00:00:00</FechaHoraMaximetro>
          </Integrador>
          <Integrador>
            <Magnitud>PM</Magnitud>
            <CodigoPeriodo>62</CodigoPeriodo>
            <ConstanteMultiplicadora>000001.000</ConstanteMultiplicadora>
            <NumeroRuedasEnteras>09</NumeroRuedasEnteras>
            <NumeroRuedasDecimales>00</NumeroRuedasDecimales>
            <ConsumoCalculado>+0000007000.00</ConsumoCalculado>
            <LecturaDesde>
              <Fecha>2018-01-10</Fecha>
              <Procedencia>20</Procedencia>
              <Lectura>0000000000.00</Lectura>
            </LecturaDesde>
            <LecturaHasta>
              <Fecha>2018-02-13</Fecha>
              <Procedencia>20</Procedencia>
              <Lectura>0000007000.00</Lectura>
            </LecturaHasta>
            <FechaHoraMaximetro>2018-02-13T00:00:00</FechaHoraMaximetro>
          </Integrador>
          <Integrador>
            <Magnitud>PM</Magnitud>
            <CodigoPeriodo>63</CodigoPeriodo>
            <ConstanteMultiplicadora>000001.000</ConstanteMultiplicadora>
            <NumeroRuedasEnteras>09</NumeroRuedasEnteras>
            <NumeroRuedasDecimales>00</NumeroRuedasDecimales>
            <ConsumoCalculado>+0000000000.00</ConsumoCalculado>
            <LecturaDesde>
              <Fecha>2018-01-10</Fecha>
              <Procedencia>20</Procedencia>
              <Lectura>0000000000.00</Lectura>
            </LecturaDesde>
            <LecturaHasta>
              <Fecha>2018-02-13</Fecha>
              <Procedencia>20</Procedencia>
              <Lectura>0000000000.00</Lectura>
            </LecturaHasta>
            <FechaHoraMaximetro>2018-02-13T00:00:00</FechaHoraMaximetro>
          </Integrador>
          <Integrador>
            <Magnitud>PM</Magnitud>
            <CodigoPeriodo>61</CodigoPeriodo>
            <ConstanteMultiplicadora>000001.000</ConstanteMultiplicadora>
            <NumeroRuedasEnteras>09</NumeroRuedasEnteras>
            <NumeroRuedasDecimales>00</NumeroRuedasDecimales>
            <ConsumoCalculado>+0000007000.00</ConsumoCalculado>
            <LecturaDesde>
              <Fecha>2018-01-10</Fecha>
              <Procedencia>20</Procedencia>
              <Lectura>0000000000.00</Lectura>
            </LecturaDesde>
            <LecturaHasta>
              <Fecha>2018-02-13</Fecha>
              <Procedencia>20</Procedencia>
              <Lectura>0000007000.00</Lectura>
            </LecturaHasta>
            <FechaHoraMaximetro>2018-02-13T00:00:00</FechaHoraMaximetro>
          </Integrador>
          <Integrador>
            <Magnitud>AE</Magnitud>
            <CodigoPeriodo>64</CodigoPeriodo>
            <ConstanteMultiplicadora>000001.000</ConstanteMultiplicadora>
            <NumeroRuedasEnteras>09</NumeroRuedasEnteras>
            <NumeroRuedasDecimales>00</NumeroRuedasDecimales>
            <ConsumoCalculado>+0000000085.00</ConsumoCalculado>
            <LecturaDesde>
              <Fecha>2018-01-10</Fecha>
              <Procedencia>20</Procedencia>
              <Lectura>0000013780.00</Lectura>
            </LecturaDesde>
            <LecturaHasta>
              <Fecha>2018-02-13</Fecha>
              <Procedencia>20</Procedencia>
              <Lectura>0000013865.00</Lectura>
            </LecturaHasta>
            <FechaHoraMaximetro>2018-02-13T00:00:00</FechaHoraMaximetro>
          </Integrador>
          <Integrador>
            <Magnitud>AE</Magnitud>
            <CodigoPeriodo>65</CodigoPeriodo>
            <ConstanteMultiplicadora>000001.000</ConstanteMultiplicadora>
            <NumeroRuedasEnteras>09</NumeroRuedasEnteras>
            <NumeroRuedasDecimales>00</NumeroRuedasDecimales>
            <ConsumoCalculado>+0000000156.00</ConsumoCalculado>
            <LecturaDesde>
              <Fecha>2018-01-10</Fecha>
              <Procedencia>20</Procedencia>
              <Lectura>0000030875.00</Lectura>
            </LecturaDesde>
            <LecturaHasta>
              <Fecha>2018-02-13</Fecha>
              <Procedencia>20</Procedencia>
              <Lectura>0000031031.00</Lectura>
            </LecturaHasta>
            <FechaHoraMaximetro>2018-02-13T00:00:00</FechaHoraMaximetro>
          </Integrador>
          <Integrador>
            <Magnitud>AE</Magnitud>
            <CodigoPeriodo>66</CodigoPeriodo>
            <ConstanteMultiplicadora>000001.000</ConstanteMultiplicadora>
            <NumeroRuedasEnteras>09</NumeroRuedasEnteras>
            <NumeroRuedasDecimales>00</NumeroRuedasDecimales>
            <ConsumoCalculado>+0000000001.00</ConsumoCalculado>
            <LecturaDesde>
              <Fecha>2018-01-10</Fecha>
              <Procedencia>20</Procedencia>
              <Lectura>0000006368.00</Lectura>
            </LecturaDesde>
            <LecturaHasta>
              <Fecha>2018-02-13</Fecha>
              <Procedencia>20</Procedencia>
              <Lectura>0000006369.00</Lectura>
            </LecturaHasta>
            <FechaHoraMaximetro>2018-02-13T00:00:00</FechaHoraMaximetro>
          </Integrador>
          <Integrador>
            <Magnitud>R1</Magnitud>
            <CodigoPeriodo>64</CodigoPeriodo>
            <ConstanteMultiplicadora>000001.000</ConstanteMultiplicadora>
            <NumeroRuedasEnteras>09</NumeroRuedasEnteras>
            <NumeroRuedasDecimales>00</NumeroRuedasDecimales>
            <ConsumoCalculado>+0000000005.00</ConsumoCalculado>
            <LecturaDesde>
              <Fecha>2018-01-10</Fecha>
              <Procedencia>20</Procedencia>
              <Lectura>0000002755.00</Lectura>
            </LecturaDesde>
            <LecturaHasta>
              <Fecha>2018-02-13</Fecha>
              <Procedencia>20</Procedencia>
              <Lectura>0000002760.00</Lectura>
            </LecturaHasta>
            <FechaHoraMaximetro>2018-02-13T00:00:00</FechaHoraMaximetro>
          </Integrador>
          <Integrador>
            <Magnitud>R1</Magnitud>
            <CodigoPeriodo>65</CodigoPeriodo>
            <ConstanteMultiplicadora>000001.000</ConstanteMultiplicadora>
            <NumeroRuedasEnteras>09</NumeroRuedasEnteras>
            <NumeroRuedasDecimales>00</NumeroRuedasDecimales>
            <ConsumoCalculado>+0000000011.00</ConsumoCalculado>
            <LecturaDesde>
              <Fecha>2018-01-10</Fecha>
              <Procedencia>20</Procedencia>
              <Lectura>0000006612.00</Lectura>
            </LecturaDesde>
            <LecturaHasta>
              <Fecha>2018-02-13</Fecha>
              <Procedencia>20</Procedencia>
              <Lectura>0000006623.00</Lectura>
            </LecturaHasta>
            <FechaHoraMaximetro>2018-02-13T00:00:00</FechaHoraMaximetro>
          </Integrador>
          <Integrador>
            <Magnitud>R1</Magnitud>
            <CodigoPeriodo>66</CodigoPeriodo>
            <ConstanteMultiplicadora>000001.000</ConstanteMultiplicadora>
            <NumeroRuedasEnteras>09</NumeroRuedasEnteras>
            <NumeroRuedasDecimales>00</NumeroRuedasDecimales>
            <ConsumoCalculado>+0000000000.00</ConsumoCalculado>
            <LecturaDesde>
              <Fecha>2018-01-10</Fecha>
              <Procedencia>20</Procedencia>
              <Lectura>0000001810.00</Lectura>
            </LecturaDesde>
            <LecturaHasta>
              <Fecha>2018-02-13</Fecha>
              <Procedencia>20</Procedencia>
              <Lectura>0000001810.00</Lectura>
            </LecturaHasta>
            <FechaHoraMaximetro>2018-02-13T00:00:00</FechaHoraMaximetro>
          </Integrador>
          <Integrador>
            <Magnitud>PM</Magnitud>
            <CodigoPeriodo>64</CodigoPeriodo>
            <ConstanteMultiplicadora>000001.000</ConstanteMultiplicadora>
            <NumeroRuedasEnteras>09</NumeroRuedasEnteras>
            <NumeroRuedasDecimales>00</NumeroRuedasDecimales>
            <ConsumoCalculado>+0000006000.00</ConsumoCalculado>
            <LecturaDesde>
              <Fecha>2018-01-10</Fecha>
              <Procedencia>20</Procedencia>
              <Lectura>0000000000.00</Lectura>
            </LecturaDesde>
            <LecturaHasta>
              <Fecha>2018-02-13</Fecha>
              <Procedencia>20</Procedencia>
              <Lectura>0000006000.00</Lectura>
            </LecturaHasta>
            <FechaHoraMaximetro>2018-02-13T00:00:00</FechaHoraMaximetro>
          </Integrador>
          <Integrador>
            <Magnitud>PM</Magnitud>
            <CodigoPeriodo>65</CodigoPeriodo>
            <ConstanteMultiplicadora>000001.000</ConstanteMultiplicadora>
            <NumeroRuedasEnteras>09</NumeroRuedasEnteras>
            <NumeroRuedasDecimales>00</NumeroRuedasDecimales>
            <ConsumoCalculado>+0000007000.00</ConsumoCalculado>
            <LecturaDesde>
              <Fecha>2018-01-10</Fecha>
              <Procedencia>20</Procedencia>
              <Lectura>0000000000.00</Lectura>
            </LecturaDesde>
            <LecturaHasta>
              <Fecha>2018-02-13</Fecha>
              <Procedencia>20</Procedencia>
              <Lectura>0000007000.00</Lectura>
            </LecturaHasta>
            <FechaHoraMaximetro>2018-02-13T00:00:00</FechaHoraMaximetro>
          </Integrador>
          <Integrador>
            <Magnitud>PM</Magnitud>
            <CodigoPeriodo>66</CodigoPeriodo>
            <ConstanteMultiplicadora>000001.000</ConstanteMultiplicadora>
            <NumeroRuedasEnteras>09</NumeroRuedasEnteras>
            <NumeroRuedasDecimales>00</NumeroRuedasDecimales>
            <ConsumoCalculado>+0000000000.00</ConsumoCalculado>
            <LecturaDesde>
              <Fecha>2018-01-10</Fecha>
              <Procedencia>20</Procedencia>
              <Lectura>0000000000.00</Lectura>
            </LecturaDesde>
            <LecturaHasta>
              <Fecha>2018-02-13</Fecha>
              <Procedencia>20</Procedencia>
              <Lectura>0000000000.00</Lectura>
            </LecturaHasta>
            <FechaHoraMaximetro>2018-02-13T00:00:00</FechaHoraMaximetro>
          </Integrador>
          <Integrador>
            <Magnitud>AE</Magnitud>
            <CodigoPeriodo>60</CodigoPeriodo>
            <ConstanteMultiplicadora>000001.000</ConstanteMultiplicadora>
            <NumeroRuedasEnteras>09</NumeroRuedasEnteras>
            <NumeroRuedasDecimales>00</NumeroRuedasDecimales>
            <ConsumoCalculado>+0000001513.00</ConsumoCalculado>
            <LecturaDesde>
              <Fecha>2018-01-10</Fecha>
              <Procedencia>20</Procedencia>
              <Lectura>0000267996.00</Lectura>
            </LecturaDesde>
            <LecturaHasta>
              <Fecha>2018-02-13</Fecha>
              <Procedencia>20</Procedencia>
              <Lectura>0000269509.00</Lectura>
            </LecturaHasta>
            <FechaHoraMaximetro>2018-02-13T00:00:00</FechaHoraMaximetro>
          </Integrador>
          <Integrador>
            <Magnitud>R1</Magnitud>
            <CodigoPeriodo>60</CodigoPeriodo>
            <ConstanteMultiplicadora>000001.000</ConstanteMultiplicadora>
            <NumeroRuedasEnteras>09</NumeroRuedasEnteras>
            <NumeroRuedasDecimales>00</NumeroRuedasDecimales>
            <ConsumoCalculado>+0000000153.00</ConsumoCalculado>
            <LecturaDesde>
              <Fecha>2018-01-10</Fecha>
              <Procedencia>20</Procedencia>
              <Lectura>0000060486.00</Lectura>
            </LecturaDesde>
            <LecturaHasta>
              <Fecha>2018-02-13</Fecha>
              <Procedencia>20</Procedencia>
              <Lectura>0000060639.00</Lectura>
            </LecturaHasta>
            <FechaHoraMaximetro>2018-02-13T00:00:00</FechaHoraMaximetro>
          </Integrador>
        </ModeloAparato>
      </Medidas>
    </FacturaATR>
    <RegistroFin>
      <ImporteTotal>+0000000007035.75</ImporteTotal>
      <SaldoTotalFacturacion>-0000000000188.50</SaldoTotalFacturacion>
      <TotalRecibos>00038</TotalRecibos>
      <TipoMoneda>02</TipoMoneda>
      <FechaValor>2018-02-13</FechaValor>
      <FechaLimitePago>2018-03-05</FechaLimitePago>
      <IdRemesa>00000000000000000002512501</IdRemesa>
    </RegistroFin>
  </Facturas>
  <OtrosDatosFactura>
    <SociedadMercantilEmisora>ENDESA DISTRIBUCION ELECTRICA S.L *</SociedadMercantilEmisora>
    <SociedadMercantilDestino>SUNAIR ONE ENERGY, S.L.</SociedadMercantilDestino>
    <DireccionEmisora>AV VILANOVA</DireccionEmisora>
    <DireccionDestino>ANTONI RUBIO 46, LOC, ALMACEN, REUS, 43206, TARRAGONA</DireccionDestino>
  </OtrosDatosFactura>
</MensajeFacturacion>