<?xml version="1.0" encoding="UTF-8"?><MensajeFacturacion xmlns="http://localhost/elegibilidad">
  <Cabecera>
    <CodigoREEEmpresaEmisora>0288</CodigoREEEmpresaEmisora>
    <CodigoREEEmpresaDestino>0815</CodigoREEEmpresaDestino>
    <CodigoDelProceso>F1</CodigoDelProceso>
    <CodigoDePaso>01</CodigoDePaso>
    <CodigoDeSolicitud>000000683394</CodigoDeSolicitud>
    <SecuencialDeSolicitud>00</SecuencialDeSolicitud>
    <FechaSolicitud>2018-02-13T01:59:36</FechaSolicitud>
    <CUPS>ES0031500146003002QK0F</CUPS>
  </Cabecera>
  <Facturas>
    <FacturaATR>
      <DatosGeneralesFacturaATR>
        <DireccionSuministro>
          <Pais>ESPAÑA</Pais>
          <Provincia>07</Provincia>
          <Municipio>000040</Municipio>
          <Poblacion>000000286</Poblacion>
          <TipoVia>CR</TipoVia>
          <CodPostal>07610</CodPostal>
          <Calle>ARENAL</Calle>
          <NumeroFinca>00053</NumeroFinca>
          <Piso>009</Piso>
        </DireccionSuministro>
        <Cliente>
          <TipoIdentificador>NI</TipoIdentificador>
          <Identificador>B55567986</Identificador>
        </Cliente>
        <CodContrato>500000337991</CodContrato>
        <DatosGeneralesFactura>
          <CodigoFiscalFactura>G2801N00842267</CodigoFiscalFactura>
          <TipoFactura>N</TipoFactura>
          <MotivoFacturacion>01</MotivoFacturacion>
          <Expediente>
            <NumeroExpediente>0000000000000000</NumeroExpediente>
            <CodigoSolicitud>000000000000</CodigoSolicitud>
          </Expediente>
          <FechaFactura>2018-02-13</FechaFactura>
          <IdentificadorEmisora>B82846817</IdentificadorEmisora>
          <Comentarios>0683394                                                                                             </Comentarios>
          <ImporteTotalFactura>+0000000392.65</ImporteTotalFactura>
          <TipoMoneda>02</TipoMoneda>
        </DatosGeneralesFactura>
        <DatosFacturaATR>
          <FechaBOE>2017-12-27</FechaBOE>
          <TarifaATRFact>003</TarifaATRFact>
          <ModoControlPotencia>2</ModoControlPotencia>
          <MarcaMedidaConPerdidas>N</MarcaMedidaConPerdidas>
          <IndicativoCurvaCarga>02</IndicativoCurvaCarga>
          <Periodo>
            <FechaDesdeFactura>2018-01-08</FechaDesdeFactura>
            <FechaHastaFactura>2018-02-07</FechaHastaFactura>
            <NumeroDias>030</NumeroDias>
          </Periodo>
        </DatosFacturaATR>
      </DatosGeneralesFacturaATR>
      <Potencia>
        <TerminoPotencia>
          <FechaDesde>2018-01-08</FechaDesde>
          <FechaHasta>2018-02-07</FechaHasta>
          <Periodo>
            <PotenciaContratada>00000000029700</PotenciaContratada>
            <PotenciaMaxDemandada>00000000019000</PotenciaMaxDemandada>
            <PotenciaAFacturar>00000000025245</PotenciaAFacturar>
            <PrecioPotencia>00000.111585986</PrecioPotencia>
          </Periodo>
          <Periodo>
            <PotenciaContratada>00000000029700</PotenciaContratada>
            <PotenciaMaxDemandada>00000000018000</PotenciaMaxDemandada>
            <PotenciaAFacturar>00000000025245</PotenciaAFacturar>
            <PrecioPotencia>00000.066951589</PrecioPotencia>
          </Periodo>
          <Periodo>
            <PotenciaContratada>00000000015100</PotenciaContratada>
            <PotenciaMaxDemandada>00000000000000</PotenciaMaxDemandada>
            <PotenciaAFacturar>00000000012835</PotenciaAFacturar>
            <PrecioPotencia>00000.044634397</PrecioPotencia>
          </Periodo>
          <Periodo>
            <PotenciaContratada>00000000000000</PotenciaContratada>
            <PotenciaMaxDemandada>00000000000000</PotenciaMaxDemandada>
            <PotenciaAFacturar>00000000000000</PotenciaAFacturar>
            <PrecioPotencia>00000.000000000</PrecioPotencia>
          </Periodo>
          <Periodo>
            <PotenciaContratada>00000000000000</PotenciaContratada>
            <PotenciaMaxDemandada>00000000000000</PotenciaMaxDemandada>
            <PotenciaAFacturar>00000000000000</PotenciaAFacturar>
            <PrecioPotencia>00000.000000000</PrecioPotencia>
          </Periodo>
          <Periodo>
            <PotenciaContratada>00000000000000</PotenciaContratada>
            <PotenciaMaxDemandada>00000000000000</PotenciaMaxDemandada>
            <PotenciaAFacturar>00000000000000</PotenciaAFacturar>
            <PrecioPotencia>00000.000000000</PrecioPotencia>
          </Periodo>
        </TerminoPotencia>
        <PenalizacionNoICP>N</PenalizacionNoICP>
        <ImporteTotalTerminoPotencia>+0000000152.40</ImporteTotalTerminoPotencia>
      </Potencia>
      <EnergiaActiva>
        <TerminoEnergiaActiva>
          <FechaDesde>2018-01-08</FechaDesde>
          <FechaHasta>2018-02-07</FechaHasta>
          <Periodo>
            <ValorEnergiaActiva>+00000001715.00</ValorEnergiaActiva>
            <PrecioEnergia>00000.018762000</PrecioEnergia>
          </Periodo>
          <Periodo>
            <ValorEnergiaActiva>+00000010280.00</ValorEnergiaActiva>
            <PrecioEnergia>00000.012575000</PrecioEnergia>
          </Periodo>
          <Periodo>
            <ValorEnergiaActiva>+00000000000.00</ValorEnergiaActiva>
            <PrecioEnergia>00000.000000000</PrecioEnergia>
          </Periodo>
          <Periodo>
            <ValorEnergiaActiva>+00000000000.00</ValorEnergiaActiva>
            <PrecioEnergia>00000.000000000</PrecioEnergia>
          </Periodo>
          <Periodo>
            <ValorEnergiaActiva>+00000000000.00</ValorEnergiaActiva>
            <PrecioEnergia>00000.000000000</PrecioEnergia>
          </Periodo>
          <Periodo>
            <ValorEnergiaActiva>+00000000000.00</ValorEnergiaActiva>
            <PrecioEnergia>00000.000000000</PrecioEnergia>
          </Periodo>
        </TerminoEnergiaActiva>
        <ImporteTotalEnergiaActiva>+0000000161.45</ImporteTotalEnergiaActiva>
      </EnergiaActiva>
      <ImpuestoElectrico>
        <BaseImponible>+0000000000.00</BaseImponible>
        <Porcentaje>00000.00000000</Porcentaje>
        <Importe>+0000000000.00</Importe>
      </ImpuestoElectrico>
      <Alquileres>
        <PrecioDiarioAlquiler>
          <PrecioDia>00000.355068000</PrecioDia>
          <NumeroDias>030</NumeroDias>
        </PrecioDiarioAlquiler>
        <ImporteFacturacionAlquileres>+0000000010.65</ImporteFacturacionAlquileres>
      </Alquileres>
      <IVA>
        <BaseImponible>+0000000324.50</BaseImponible>
        <Porcentaje>0021.00</Porcentaje>
        <Importe>+0000000068.15</Importe>
      </IVA>
      <Medidas>
        <CodPM>ES0031500146003002QK1P</CodPM>
        <ModeloAparato>
          <TipoAparato>CA</TipoAparato>
          <MarcaAparato>199</MarcaAparato>
          <NumeroSerie>093693059</NumeroSerie>
          <TipoDHEdM>6</TipoDHEdM>
          <Integrador>
            <Magnitud>AE</Magnitud>
            <CodigoPeriodo>62</CodigoPeriodo>
            <ConstanteMultiplicadora>000001.000</ConstanteMultiplicadora>
            <NumeroRuedasEnteras>08</NumeroRuedasEnteras>
            <NumeroRuedasDecimales>00</NumeroRuedasDecimales>
            <ConsumoCalculado>+0000007490.00</ConsumoCalculado>
            <LecturaDesde>
              <Fecha>2018-01-08</Fecha>
              <Procedencia>40</Procedencia>
              <Lectura>0000423200.00</Lectura>
            </LecturaDesde>
            <LecturaHasta>
              <Fecha>2018-02-07</Fecha>
              <Procedencia>20</Procedencia>
              <Lectura>0000430690.00</Lectura>
            </LecturaHasta>
            <FechaHoraMaximetro>2018-02-07T23:59:00</FechaHoraMaximetro>
          </Integrador>
          <Integrador>
            <Magnitud>AE</Magnitud>
            <CodigoPeriodo>63</CodigoPeriodo>
            <ConstanteMultiplicadora>000001.000</ConstanteMultiplicadora>
            <NumeroRuedasEnteras>08</NumeroRuedasEnteras>
            <NumeroRuedasDecimales>00</NumeroRuedasDecimales>
            <ConsumoCalculado>+0000000000.00</ConsumoCalculado>
            <LecturaDesde>
              <Fecha>2018-01-08</Fecha>
              <Procedencia>40</Procedencia>
              <Lectura>0000009997.00</Lectura>
            </LecturaDesde>
            <LecturaHasta>
              <Fecha>2018-02-07</Fecha>
              <Procedencia>20</Procedencia>
              <Lectura>0000009997.00</Lectura>
            </LecturaHasta>
            <FechaHoraMaximetro>2018-02-07T09:54:00</FechaHoraMaximetro>
          </Integrador>
          <Integrador>
            <Magnitud>AE</Magnitud>
            <CodigoPeriodo>61</CodigoPeriodo>
            <ConstanteMultiplicadora>000001.000</ConstanteMultiplicadora>
            <NumeroRuedasEnteras>08</NumeroRuedasEnteras>
            <NumeroRuedasDecimales>00</NumeroRuedasDecimales>
            <ConsumoCalculado>+0000001305.00</ConsumoCalculado>
            <LecturaDesde>
              <Fecha>2018-01-08</Fecha>
              <Procedencia>40</Procedencia>
              <Lectura>0000160063.00</Lectura>
            </LecturaDesde>
            <LecturaHasta>
              <Fecha>2018-02-07</Fecha>
              <Procedencia>20</Procedencia>
              <Lectura>0000161368.00</Lectura>
            </LecturaHasta>
            <FechaHoraMaximetro>2018-02-07T09:54:00</FechaHoraMaximetro>
          </Integrador>
          <Integrador>
            <Magnitud>R1</Magnitud>
            <CodigoPeriodo>62</CodigoPeriodo>
            <ConstanteMultiplicadora>000001.000</ConstanteMultiplicadora>
            <NumeroRuedasEnteras>08</NumeroRuedasEnteras>
            <NumeroRuedasDecimales>00</NumeroRuedasDecimales>
            <ConsumoCalculado>+0000000319.00</ConsumoCalculado>
            <LecturaDesde>
              <Fecha>2018-01-08</Fecha>
              <Procedencia>40</Procedencia>
              <Lectura>0000069537.00</Lectura>
            </LecturaDesde>
            <LecturaHasta>
              <Fecha>2018-02-07</Fecha>
              <Procedencia>20</Procedencia>
              <Lectura>0000069856.00</Lectura>
            </LecturaHasta>
            <FechaHoraMaximetro>2018-02-07T23:59:00</FechaHoraMaximetro>
          </Integrador>
          <Integrador>
            <Magnitud>R1</Magnitud>
            <CodigoPeriodo>63</CodigoPeriodo>
            <ConstanteMultiplicadora>000001.000</ConstanteMultiplicadora>
            <NumeroRuedasEnteras>08</NumeroRuedasEnteras>
            <NumeroRuedasDecimales>00</NumeroRuedasDecimales>
            <ConsumoCalculado>+0000000000.00</ConsumoCalculado>
            <LecturaDesde>
              <Fecha>2018-01-08</Fecha>
              <Procedencia>40</Procedencia>
              <Lectura>0000004845.00</Lectura>
            </LecturaDesde>
            <LecturaHasta>
              <Fecha>2018-02-07</Fecha>
              <Procedencia>20</Procedencia>
              <Lectura>0000004845.00</Lectura>
            </LecturaHasta>
            <FechaHoraMaximetro>2018-02-07T09:54:00</FechaHoraMaximetro>
          </Integrador>
          <Integrador>
            <Magnitud>R1</Magnitud>
            <CodigoPeriodo>61</CodigoPeriodo>
            <ConstanteMultiplicadora>000001.000</ConstanteMultiplicadora>
            <NumeroRuedasEnteras>08</NumeroRuedasEnteras>
            <NumeroRuedasDecimales>00</NumeroRuedasDecimales>
            <ConsumoCalculado>+0000000377.00</ConsumoCalculado>
            <LecturaDesde>
              <Fecha>2018-01-08</Fecha>
              <Procedencia>40</Procedencia>
              <Lectura>0000035397.00</Lectura>
            </LecturaDesde>
            <LecturaHasta>
              <Fecha>2018-02-07</Fecha>
              <Procedencia>20</Procedencia>
              <Lectura>0000035774.00</Lectura>
            </LecturaHasta>
            <FechaHoraMaximetro>2018-02-07T09:54:00</FechaHoraMaximetro>
          </Integrador>
          <Integrador>
            <Magnitud>PM</Magnitud>
            <CodigoPeriodo>62</CodigoPeriodo>
            <ConstanteMultiplicadora>000001.000</ConstanteMultiplicadora>
            <NumeroRuedasEnteras>08</NumeroRuedasEnteras>
            <NumeroRuedasDecimales>00</NumeroRuedasDecimales>
            <ConsumoCalculado>+0000018000.00</ConsumoCalculado>
            <LecturaDesde>
              <Fecha>2018-01-08</Fecha>
              <Procedencia>40</Procedencia>
              <Lectura>0000000000.00</Lectura>
            </LecturaDesde>
            <LecturaHasta>
              <Fecha>2018-02-07</Fecha>
              <Procedencia>20</Procedencia>
              <Lectura>0000018000.00</Lectura>
            </LecturaHasta>
            <FechaHoraMaximetro>2018-02-07T23:59:00</FechaHoraMaximetro>
          </Integrador>
          <Integrador>
            <Magnitud>PM</Magnitud>
            <CodigoPeriodo>63</CodigoPeriodo>
            <ConstanteMultiplicadora>000001.000</ConstanteMultiplicadora>
            <NumeroRuedasEnteras>08</NumeroRuedasEnteras>
            <NumeroRuedasDecimales>00</NumeroRuedasDecimales>
            <ConsumoCalculado>+0000000000.00</ConsumoCalculado>
            <LecturaDesde>
              <Fecha>2018-01-08</Fecha>
              <Procedencia>40</Procedencia>
              <Lectura>0000000000.00</Lectura>
            </LecturaDesde>
            <LecturaHasta>
              <Fecha>2018-02-07</Fecha>
              <Procedencia>20</Procedencia>
              <Lectura>0000000000.00</Lectura>
            </LecturaHasta>
            <FechaHoraMaximetro>2018-02-07T09:54:00</FechaHoraMaximetro>
          </Integrador>
          <Integrador>
            <Magnitud>PM</Magnitud>
            <CodigoPeriodo>61</CodigoPeriodo>
            <ConstanteMultiplicadora>000001.000</ConstanteMultiplicadora>
            <NumeroRuedasEnteras>08</NumeroRuedasEnteras>
            <NumeroRuedasDecimales>00</NumeroRuedasDecimales>
            <ConsumoCalculado>+0000019000.00</ConsumoCalculado>
            <LecturaDesde>
              <Fecha>2018-01-08</Fecha>
              <Procedencia>40</Procedencia>
              <Lectura>0000000000.00</Lectura>
            </LecturaDesde>
            <LecturaHasta>
              <Fecha>2018-02-07</Fecha>
              <Procedencia>20</Procedencia>
              <Lectura>0000019000.00</Lectura>
            </LecturaHasta>
            <FechaHoraMaximetro>2018-02-07T09:54:00</FechaHoraMaximetro>
          </Integrador>
          <Integrador>
            <Magnitud>AE</Magnitud>
            <CodigoPeriodo>64</CodigoPeriodo>
            <ConstanteMultiplicadora>000001.000</ConstanteMultiplicadora>
            <NumeroRuedasEnteras>08</NumeroRuedasEnteras>
            <NumeroRuedasDecimales>00</NumeroRuedasDecimales>
            <ConsumoCalculado>+0000000410.00</ConsumoCalculado>
            <LecturaDesde>
              <Fecha>2018-01-08</Fecha>
              <Procedencia>40</Procedencia>
              <Lectura>0000065768.00</Lectura>
            </LecturaDesde>
            <LecturaHasta>
              <Fecha>2018-02-07</Fecha>
              <Procedencia>20</Procedencia>
              <Lectura>0000066178.00</Lectura>
            </LecturaHasta>
            <FechaHoraMaximetro>2018-02-07T23:59:00</FechaHoraMaximetro>
          </Integrador>
          <Integrador>
            <Magnitud>AE</Magnitud>
            <CodigoPeriodo>65</CodigoPeriodo>
            <ConstanteMultiplicadora>000001.000</ConstanteMultiplicadora>
            <NumeroRuedasEnteras>08</NumeroRuedasEnteras>
            <NumeroRuedasDecimales>00</NumeroRuedasDecimales>
            <ConsumoCalculado>+0000002790.00</ConsumoCalculado>
            <LecturaDesde>
              <Fecha>2018-01-08</Fecha>
              <Procedencia>40</Procedencia>
              <Lectura>0000170750.00</Lectura>
            </LecturaDesde>
            <LecturaHasta>
              <Fecha>2018-02-07</Fecha>
              <Procedencia>20</Procedencia>
              <Lectura>0000173540.00</Lectura>
            </LecturaHasta>
            <FechaHoraMaximetro>2018-02-07T09:54:00</FechaHoraMaximetro>
          </Integrador>
          <Integrador>
            <Magnitud>AE</Magnitud>
            <CodigoPeriodo>66</CodigoPeriodo>
            <ConstanteMultiplicadora>000001.000</ConstanteMultiplicadora>
            <NumeroRuedasEnteras>08</NumeroRuedasEnteras>
            <NumeroRuedasDecimales>00</NumeroRuedasDecimales>
            <ConsumoCalculado>+0000000000.00</ConsumoCalculado>
            <LecturaDesde>
              <Fecha>2018-01-08</Fecha>
              <Procedencia>40</Procedencia>
              <Lectura>0000004335.00</Lectura>
            </LecturaDesde>
            <LecturaHasta>
              <Fecha>2018-02-07</Fecha>
              <Procedencia>20</Procedencia>
              <Lectura>0000004335.00</Lectura>
            </LecturaHasta>
            <FechaHoraMaximetro>2018-02-07T09:54:00</FechaHoraMaximetro>
          </Integrador>
          <Integrador>
            <Magnitud>R1</Magnitud>
            <CodigoPeriodo>64</CodigoPeriodo>
            <ConstanteMultiplicadora>000001.000</ConstanteMultiplicadora>
            <NumeroRuedasEnteras>08</NumeroRuedasEnteras>
            <NumeroRuedasDecimales>00</NumeroRuedasDecimales>
            <ConsumoCalculado>+0000000164.00</ConsumoCalculado>
            <LecturaDesde>
              <Fecha>2018-01-08</Fecha>
              <Procedencia>40</Procedencia>
              <Lectura>0000015236.00</Lectura>
            </LecturaDesde>
            <LecturaHasta>
              <Fecha>2018-02-07</Fecha>
              <Procedencia>20</Procedencia>
              <Lectura>0000015400.00</Lectura>
            </LecturaHasta>
            <FechaHoraMaximetro>2018-02-07T23:59:00</FechaHoraMaximetro>
          </Integrador>
          <Integrador>
            <Magnitud>R1</Magnitud>
            <CodigoPeriodo>65</CodigoPeriodo>
            <ConstanteMultiplicadora>000001.000</ConstanteMultiplicadora>
            <NumeroRuedasEnteras>08</NumeroRuedasEnteras>
            <NumeroRuedasDecimales>00</NumeroRuedasDecimales>
            <ConsumoCalculado>+0000000116.00</ConsumoCalculado>
            <LecturaDesde>
              <Fecha>2018-01-08</Fecha>
              <Procedencia>40</Procedencia>
              <Lectura>0000029655.00</Lectura>
            </LecturaDesde>
            <LecturaHasta>
              <Fecha>2018-02-07</Fecha>
              <Procedencia>20</Procedencia>
              <Lectura>0000029771.00</Lectura>
            </LecturaHasta>
            <FechaHoraMaximetro>2018-02-07T09:54:00</FechaHoraMaximetro>
          </Integrador>
          <Integrador>
            <Magnitud>R1</Magnitud>
            <CodigoPeriodo>66</CodigoPeriodo>
            <ConstanteMultiplicadora>000001.000</ConstanteMultiplicadora>
            <NumeroRuedasEnteras>08</NumeroRuedasEnteras>
            <NumeroRuedasDecimales>00</NumeroRuedasDecimales>
            <ConsumoCalculado>+0000000000.00</ConsumoCalculado>
            <LecturaDesde>
              <Fecha>2018-01-08</Fecha>
              <Procedencia>40</Procedencia>
              <Lectura>0000001987.00</Lectura>
            </LecturaDesde>
            <LecturaHasta>
              <Fecha>2018-02-07</Fecha>
              <Procedencia>20</Procedencia>
              <Lectura>0000001987.00</Lectura>
            </LecturaHasta>
            <FechaHoraMaximetro>2018-02-07T09:54:00</FechaHoraMaximetro>
          </Integrador>
          <Integrador>
            <Magnitud>PM</Magnitud>
            <CodigoPeriodo>64</CodigoPeriodo>
            <ConstanteMultiplicadora>000001.000</ConstanteMultiplicadora>
            <NumeroRuedasEnteras>08</NumeroRuedasEnteras>
            <NumeroRuedasDecimales>00</NumeroRuedasDecimales>
            <ConsumoCalculado>+0000018000.00</ConsumoCalculado>
            <LecturaDesde>
              <Fecha>2018-01-08</Fecha>
              <Procedencia>40</Procedencia>
              <Lectura>0000000000.00</Lectura>
            </LecturaDesde>
            <LecturaHasta>
              <Fecha>2018-02-07</Fecha>
              <Procedencia>20</Procedencia>
              <Lectura>0000018000.00</Lectura>
            </LecturaHasta>
            <FechaHoraMaximetro>2018-02-07T23:59:00</FechaHoraMaximetro>
          </Integrador>
          <Integrador>
            <Magnitud>PM</Magnitud>
            <CodigoPeriodo>65</CodigoPeriodo>
            <ConstanteMultiplicadora>000001.000</ConstanteMultiplicadora>
            <NumeroRuedasEnteras>08</NumeroRuedasEnteras>
            <NumeroRuedasDecimales>00</NumeroRuedasDecimales>
            <ConsumoCalculado>+0000018000.00</ConsumoCalculado>
            <LecturaDesde>
              <Fecha>2018-01-08</Fecha>
              <Procedencia>40</Procedencia>
              <Lectura>0000000000.00</Lectura>
            </LecturaDesde>
            <LecturaHasta>
              <Fecha>2018-02-07</Fecha>
              <Procedencia>20</Procedencia>
              <Lectura>0000018000.00</Lectura>
            </LecturaHasta>
            <FechaHoraMaximetro>2018-02-07T09:54:00</FechaHoraMaximetro>
          </Integrador>
          <Integrador>
            <Magnitud>PM</Magnitud>
            <CodigoPeriodo>66</CodigoPeriodo>
            <ConstanteMultiplicadora>000001.000</ConstanteMultiplicadora>
            <NumeroRuedasEnteras>08</NumeroRuedasEnteras>
            <NumeroRuedasDecimales>00</NumeroRuedasDecimales>
            <ConsumoCalculado>+0000000000.00</ConsumoCalculado>
            <LecturaDesde>
              <Fecha>2018-01-08</Fecha>
              <Procedencia>40</Procedencia>
              <Lectura>0000000000.00</Lectura>
            </LecturaDesde>
            <LecturaHasta>
              <Fecha>2018-02-07</Fecha>
              <Procedencia>20</Procedencia>
              <Lectura>0000000000.00</Lectura>
            </LecturaHasta>
            <FechaHoraMaximetro>2018-02-07T09:54:00</FechaHoraMaximetro>
          </Integrador>
          <Integrador>
            <Magnitud>AE</Magnitud>
            <CodigoPeriodo>60</CodigoPeriodo>
            <ConstanteMultiplicadora>000001.000</ConstanteMultiplicadora>
            <NumeroRuedasEnteras>08</NumeroRuedasEnteras>
            <NumeroRuedasDecimales>00</NumeroRuedasDecimales>
            <ConsumoCalculado>+0000011995.00</ConsumoCalculado>
            <LecturaDesde>
              <Fecha>2018-01-08</Fecha>
              <Procedencia>40</Procedencia>
              <Lectura>0000834116.00</Lectura>
            </LecturaDesde>
            <LecturaHasta>
              <Fecha>2018-02-07</Fecha>
              <Procedencia>20</Procedencia>
              <Lectura>0000846109.00</Lectura>
            </LecturaHasta>
            <FechaHoraMaximetro>2018-02-07T09:54:00</FechaHoraMaximetro>
          </Integrador>
          <Integrador>
            <Magnitud>R1</Magnitud>
            <CodigoPeriodo>60</CodigoPeriodo>
            <ConstanteMultiplicadora>000001.000</ConstanteMultiplicadora>
            <NumeroRuedasEnteras>08</NumeroRuedasEnteras>
            <NumeroRuedasDecimales>00</NumeroRuedasDecimales>
            <ConsumoCalculado>+0000000976.00</ConsumoCalculado>
            <LecturaDesde>
              <Fecha>2018-01-08</Fecha>
              <Procedencia>40</Procedencia>
              <Lectura>0000156657.00</Lectura>
            </LecturaDesde>
            <LecturaHasta>
              <Fecha>2018-02-07</Fecha>
              <Procedencia>20</Procedencia>
              <Lectura>0000157633.00</Lectura>
            </LecturaHasta>
            <FechaHoraMaximetro>2018-02-07T09:54:00</FechaHoraMaximetro>
          </Integrador>
        </ModeloAparato>
      </Medidas>
    </FacturaATR>
    <RegistroFin>
      <ImporteTotal>+0000000000392.65</ImporteTotal>
      <SaldoTotalFacturacion>+0000000000000.00</SaldoTotalFacturacion>
      <TotalRecibos>00001</TotalRecibos>
      <TipoMoneda>02</TipoMoneda>
      <FechaValor>2018-02-13</FechaValor>
      <FechaLimitePago>2018-03-05</FechaLimitePago>
      <IdRemesa>00000000000000000000683394</IdRemesa>
    </RegistroFin>
  </Facturas>
  <OtrosDatosFactura>
    <SociedadMercantilEmisora>ENDESA DISTRIBUCION ELECTRICA S.L.</SociedadMercantilEmisora>
    <SociedadMercantilDestino>SUNAIR ONE ENERGY, S.L.</SociedadMercantilDestino>
    <DireccionEmisora>AV VILANOVA</DireccionEmisora>
    <DireccionDestino>P.I.AGRO REUS C/ IGNASI I</DireccionDestino>
  </OtrosDatosFactura>
</MensajeFacturacion>