<?xml version="1.0" encoding="UTF-8"?><MensajeFacturacion xmlns="http://localhost/elegibilidad">
  <Cabecera>
    <CodigoREEEmpresaEmisora>0024</CodigoREEEmpresaEmisora>
    <CodigoREEEmpresaDestino>0815</CodigoREEEmpresaDestino>
    <CodigoDelProceso>F1</CodigoDelProceso>
    <CodigoDePaso>01</CodigoDePaso>
    <CodigoDeSolicitud>000002512501</CodigoDeSolicitud>
    <SecuencialDeSolicitud>00</SecuencialDeSolicitud>
    <FechaSolicitud>2018-02-13T01:48:58</FechaSolicitud>
    <CUPS>ES0031405411437001FE0F</CUPS>
  </Cabecera>
  <Facturas>
    <FacturaATR>
      <DatosGeneralesFacturaATR>
        <DireccionSuministro>
          <Pais>ESPAÑA</Pais>
          <Provincia>08</Provincia>
          <Municipio>000015</Municipio>
          <Poblacion>000000029</Poblacion>
          <TipoVia>CL</TipoVia>
          <CodPostal>08912</CodPostal>
          <Calle>PONENT</Calle>
          <NumeroFinca>00068</NumeroFinca>
          <Piso>BA</Piso>
        </DireccionSuministro>
        <Cliente>
          <TipoIdentificador>NI</TipoIdentificador>
          <Identificador>B55567986</Identificador>
        </Cliente>
        <CodContrato>000509363954</CodContrato>
        <DatosGeneralesFactura>
          <CodigoFiscalFactura>F7801Y00004309</CodigoFiscalFactura>
          <TipoFactura>R</TipoFactura>
          <MotivoFacturacion>01</MotivoFacturacion>
          <CodigoFacturaRectificadaAnulada>F3701N09363567</CodigoFacturaRectificadaAnulada>
          <Expediente>
            <NumeroExpediente>0000000000000000</NumeroExpediente>
            <CodigoSolicitud>000000000000</CodigoSolicitud>
          </Expediente>
          <FechaFactura>2018-02-13</FechaFactura>
          <IdentificadorEmisora>B82846817</IdentificadorEmisora>
          <Comentarios>2512501                                                                                             </Comentarios>
          <ImporteTotalFactura>+0000000118.56</ImporteTotalFactura>
          <SaldoFactura>+0000000003.56</SaldoFactura>
          <TipoMoneda>02</TipoMoneda>
        </DatosGeneralesFactura>
        <DatosFacturaATR>
          <FechaBOE>2016-12-29</FechaBOE>
          <TarifaATRFact>003</TarifaATRFact>
          <ModoControlPotencia>2</ModoControlPotencia>
          <MarcaMedidaConPerdidas>N</MarcaMedidaConPerdidas>
          <IndicativoCurvaCarga>02</IndicativoCurvaCarga>
          <Periodo>
            <FechaDesdeFactura>2017-04-12</FechaDesdeFactura>
            <FechaHastaFactura>2017-04-30</FechaHastaFactura>
            <NumeroDias>018</NumeroDias>
          </Periodo>
        </DatosFacturaATR>
      </DatosGeneralesFacturaATR>
      <Potencia>
        <TerminoPotencia>
          <FechaDesde>2017-04-12</FechaDesde>
          <FechaHasta>2017-04-30</FechaHasta>
          <Periodo>
            <PotenciaContratada>00000000024000</PotenciaContratada>
            <PotenciaMaxDemandada>00000000020400</PotenciaMaxDemandada>
            <PotenciaAFacturar>00000000020400</PotenciaAFacturar>
            <PrecioPotencia>00000.111585986</PrecioPotencia>
          </Periodo>
          <Periodo>
            <PotenciaContratada>00000000024000</PotenciaContratada>
            <PotenciaMaxDemandada>00000000020400</PotenciaMaxDemandada>
            <PotenciaAFacturar>00000000020400</PotenciaAFacturar>
            <PrecioPotencia>00000.066951589</PrecioPotencia>
          </Periodo>
          <Periodo>
            <PotenciaContratada>00000000015100</PotenciaContratada>
            <PotenciaMaxDemandada>00000000012700</PotenciaMaxDemandada>
            <PotenciaAFacturar>00000000012835</PotenciaAFacturar>
            <PrecioPotencia>00000.044634397</PrecioPotencia>
          </Periodo>
          <Periodo>
            <PotenciaContratada>00000000000000</PotenciaContratada>
            <PotenciaMaxDemandada>00000000000000</PotenciaMaxDemandada>
            <PotenciaAFacturar>00000000000000</PotenciaAFacturar>
            <PrecioPotencia>00000.000000000</PrecioPotencia>
          </Periodo>
          <Periodo>
            <PotenciaContratada>00000000000000</PotenciaContratada>
            <PotenciaMaxDemandada>00000000000000</PotenciaMaxDemandada>
            <PotenciaAFacturar>00000000000000</PotenciaAFacturar>
            <PrecioPotencia>00000.000000000</PrecioPotencia>
          </Periodo>
          <Periodo>
            <PotenciaContratada>00000000000000</PotenciaContratada>
            <PotenciaMaxDemandada>00000000000000</PotenciaMaxDemandada>
            <PotenciaAFacturar>00000000000000</PotenciaAFacturar>
            <PrecioPotencia>00000.000000000</PrecioPotencia>
          </Periodo>
        </TerminoPotencia>
        <PenalizacionNoICP>N</PenalizacionNoICP>
        <ImporteTotalTerminoPotencia>+0000000075.87</ImporteTotalTerminoPotencia>
      </Potencia>
      <EnergiaActiva>
        <TerminoEnergiaActiva>
          <FechaDesde>2017-04-12</FechaDesde>
          <FechaHasta>2017-04-30</FechaHasta>
          <Periodo>
            <ValorEnergiaActiva>+00000000203.00</ValorEnergiaActiva>
            <PrecioEnergia>00000.018762000</PrecioEnergia>
          </Periodo>
          <Periodo>
            <ValorEnergiaActiva>+00000000595.00</ValorEnergiaActiva>
            <PrecioEnergia>00000.012575000</PrecioEnergia>
          </Periodo>
          <Periodo>
            <ValorEnergiaActiva>+00000000086.00</ValorEnergiaActiva>
            <PrecioEnergia>00000.004670000</PrecioEnergia>
          </Periodo>
          <Periodo>
            <ValorEnergiaActiva>+00000000000.00</ValorEnergiaActiva>
            <PrecioEnergia>00000.000000000</PrecioEnergia>
          </Periodo>
          <Periodo>
            <ValorEnergiaActiva>+00000000000.00</ValorEnergiaActiva>
            <PrecioEnergia>00000.000000000</PrecioEnergia>
          </Periodo>
          <Periodo>
            <ValorEnergiaActiva>+00000000000.00</ValorEnergiaActiva>
            <PrecioEnergia>00000.000000000</PrecioEnergia>
          </Periodo>
        </TerminoEnergiaActiva>
        <ImporteTotalEnergiaActiva>+0000000011.69</ImporteTotalEnergiaActiva>
      </EnergiaActiva>
      <EnergiaReactiva>
        <TerminoEnergiaReactiva>
          <FechaDesde>2017-04-12</FechaDesde>
          <FechaHasta>2017-04-30</FechaHasta>
          <Periodo>
            <ValorEnergiaReactiva>+00000000030.00</ValorEnergiaReactiva>
            <PrecioEnergiaReactiva>00000.041554000</PrecioEnergiaReactiva>
          </Periodo>
          <Periodo>
            <ValorEnergiaReactiva>+00000000067.00</ValorEnergiaReactiva>
            <PrecioEnergiaReactiva>00000.041554000</PrecioEnergiaReactiva>
          </Periodo>
          <Periodo>
            <ValorEnergiaReactiva>+00000000000.00</ValorEnergiaReactiva>
            <PrecioEnergiaReactiva>00000000000000</PrecioEnergiaReactiva>
          </Periodo>
          <Periodo>
            <ValorEnergiaReactiva>+00000000000.00</ValorEnergiaReactiva>
            <PrecioEnergiaReactiva>00000000000000</PrecioEnergiaReactiva>
          </Periodo>
          <Periodo>
            <ValorEnergiaReactiva>+00000000000.00</ValorEnergiaReactiva>
            <PrecioEnergiaReactiva>00000000000000</PrecioEnergiaReactiva>
          </Periodo>
          <Periodo>
            <ValorEnergiaReactiva>+00000000000.00</ValorEnergiaReactiva>
            <PrecioEnergiaReactiva>00000000000000</PrecioEnergiaReactiva>
          </Periodo>
        </TerminoEnergiaReactiva>
        <ImporteTotalEnergiaReactiva>+0000000004.03</ImporteTotalEnergiaReactiva>
      </EnergiaReactiva>
      <ImpuestoElectrico>
        <BaseImponible>+0000000000.00</BaseImponible>
        <Porcentaje>00000.00000000</Porcentaje>
        <Importe>+0000000000.00</Importe>
      </ImpuestoElectrico>
      <Alquileres>
        <PrecioDiarioAlquiler>
          <PrecioDia>00000.355068000</PrecioDia>
          <NumeroDias>018</NumeroDias>
        </PrecioDiarioAlquiler>
        <ImporteFacturacionAlquileres>+0000000006.39</ImporteFacturacionAlquileres>
      </Alquileres>
      <IVA>
        <BaseImponible>+0000000097.98</BaseImponible>
        <Porcentaje>0021.00</Porcentaje>
        <Importe>+0000000020.58</Importe>
      </IVA>
      <Medidas>
        <CodPM>ES0031405411437001FE1P</CodPM>
        <ModeloAparato>
          <TipoAparato>CA</TipoAparato>
          <MarcaAparato>026</MarcaAparato>
          <NumeroSerie>501610200</NumeroSerie>
          <TipoDHEdM>6</TipoDHEdM>
          <Integrador>
            <Magnitud>AE</Magnitud>
            <CodigoPeriodo>62</CodigoPeriodo>
            <ConstanteMultiplicadora>000001.000</ConstanteMultiplicadora>
            <NumeroRuedasEnteras>08</NumeroRuedasEnteras>
            <NumeroRuedasDecimales>00</NumeroRuedasDecimales>
            <ConsumoCalculado>+0000000550.00</ConsumoCalculado>
            <LecturaDesde>
              <Fecha>2017-04-12</Fecha>
              <Procedencia>30</Procedencia>
              <Lectura>0000001271.00</Lectura>
            </LecturaDesde>
            <LecturaHasta>
              <Fecha>2017-04-30</Fecha>
              <Procedencia>50</Procedencia>
              <Lectura>0000001821.00</Lectura>
            </LecturaHasta>
            <FechaHoraMaximetro>2017-04-30T00:00:00</FechaHoraMaximetro>
          </Integrador>
          <Integrador>
            <Magnitud>AE</Magnitud>
            <CodigoPeriodo>63</CodigoPeriodo>
            <ConstanteMultiplicadora>000001.000</ConstanteMultiplicadora>
            <NumeroRuedasEnteras>08</NumeroRuedasEnteras>
            <NumeroRuedasDecimales>00</NumeroRuedasDecimales>
            <ConsumoCalculado>+0000000061.00</ConsumoCalculado>
            <LecturaDesde>
              <Fecha>2017-04-12</Fecha>
              <Procedencia>30</Procedencia>
              <Lectura>0000000666.00</Lectura>
            </LecturaDesde>
            <LecturaHasta>
              <Fecha>2017-04-30</Fecha>
              <Procedencia>50</Procedencia>
              <Lectura>0000000727.00</Lectura>
            </LecturaHasta>
            <FechaHoraMaximetro>2017-04-30T00:00:00</FechaHoraMaximetro>
          </Integrador>
          <Integrador>
            <Magnitud>AE</Magnitud>
            <CodigoPeriodo>61</CodigoPeriodo>
            <ConstanteMultiplicadora>000001.000</ConstanteMultiplicadora>
            <NumeroRuedasEnteras>08</NumeroRuedasEnteras>
            <NumeroRuedasDecimales>00</NumeroRuedasDecimales>
            <ConsumoCalculado>+0000000184.00</ConsumoCalculado>
            <LecturaDesde>
              <Fecha>2017-04-12</Fecha>
              <Procedencia>30</Procedencia>
              <Lectura>0000000433.00</Lectura>
            </LecturaDesde>
            <LecturaHasta>
              <Fecha>2017-04-30</Fecha>
              <Procedencia>50</Procedencia>
              <Lectura>0000000617.00</Lectura>
            </LecturaHasta>
            <FechaHoraMaximetro>2017-04-30T00:00:00</FechaHoraMaximetro>
          </Integrador>
          <Integrador>
            <Magnitud>R1</Magnitud>
            <CodigoPeriodo>62</CodigoPeriodo>
            <ConstanteMultiplicadora>000001.000</ConstanteMultiplicadora>
            <NumeroRuedasEnteras>08</NumeroRuedasEnteras>
            <NumeroRuedasDecimales>00</NumeroRuedasDecimales>
            <ConsumoCalculado>+0000000233.00</ConsumoCalculado>
            <LecturaDesde>
              <Fecha>2017-04-12</Fecha>
              <Procedencia>30</Procedencia>
              <Lectura>0000000346.00</Lectura>
            </LecturaDesde>
            <LecturaHasta>
              <Fecha>2017-04-30</Fecha>
              <Procedencia>50</Procedencia>
              <Lectura>0000000579.00</Lectura>
            </LecturaHasta>
            <FechaHoraMaximetro>2017-04-30T00:00:00</FechaHoraMaximetro>
          </Integrador>
          <Integrador>
            <Magnitud>R1</Magnitud>
            <CodigoPeriodo>63</CodigoPeriodo>
            <ConstanteMultiplicadora>000001.000</ConstanteMultiplicadora>
            <NumeroRuedasEnteras>08</NumeroRuedasEnteras>
            <NumeroRuedasDecimales>00</NumeroRuedasDecimales>
            <ConsumoCalculado>+0000000068.00</ConsumoCalculado>
            <LecturaDesde>
              <Fecha>2017-04-12</Fecha>
              <Procedencia>30</Procedencia>
              <Lectura>0000000250.00</Lectura>
            </LecturaDesde>
            <LecturaHasta>
              <Fecha>2017-04-30</Fecha>
              <Procedencia>50</Procedencia>
              <Lectura>0000000318.00</Lectura>
            </LecturaHasta>
            <FechaHoraMaximetro>2017-04-30T00:00:00</FechaHoraMaximetro>
          </Integrador>
          <Integrador>
            <Magnitud>R1</Magnitud>
            <CodigoPeriodo>61</CodigoPeriodo>
            <ConstanteMultiplicadora>000001.000</ConstanteMultiplicadora>
            <NumeroRuedasEnteras>08</NumeroRuedasEnteras>
            <NumeroRuedasDecimales>00</NumeroRuedasDecimales>
            <ConsumoCalculado>+0000000080.00</ConsumoCalculado>
            <LecturaDesde>
              <Fecha>2017-04-12</Fecha>
              <Procedencia>30</Procedencia>
              <Lectura>0000000108.00</Lectura>
            </LecturaDesde>
            <LecturaHasta>
              <Fecha>2017-04-30</Fecha>
              <Procedencia>50</Procedencia>
              <Lectura>0000000188.00</Lectura>
            </LecturaHasta>
            <FechaHoraMaximetro>2017-04-30T00:00:00</FechaHoraMaximetro>
          </Integrador>
          <Integrador>
            <Magnitud>PM</Magnitud>
            <CodigoPeriodo>62</CodigoPeriodo>
            <ConstanteMultiplicadora>000001.000</ConstanteMultiplicadora>
            <NumeroRuedasEnteras>08</NumeroRuedasEnteras>
            <NumeroRuedasDecimales>00</NumeroRuedasDecimales>
            <ConsumoCalculado>+0000020400.00</ConsumoCalculado>
            <LecturaDesde>
              <Fecha>2017-04-12</Fecha>
              <Procedencia>30</Procedencia>
              <Lectura>0000000000.00</Lectura>
            </LecturaDesde>
            <LecturaHasta>
              <Fecha>2017-04-30</Fecha>
              <Procedencia>50</Procedencia>
              <Lectura>0000020400.00</Lectura>
            </LecturaHasta>
            <FechaHoraMaximetro>2017-04-30T00:00:00</FechaHoraMaximetro>
          </Integrador>
          <Integrador>
            <Magnitud>PM</Magnitud>
            <CodigoPeriodo>63</CodigoPeriodo>
            <ConstanteMultiplicadora>000001.000</ConstanteMultiplicadora>
            <NumeroRuedasEnteras>08</NumeroRuedasEnteras>
            <NumeroRuedasDecimales>00</NumeroRuedasDecimales>
            <ConsumoCalculado>+0000012700.00</ConsumoCalculado>
            <LecturaDesde>
              <Fecha>2017-04-12</Fecha>
              <Procedencia>30</Procedencia>
              <Lectura>0000000000.00</Lectura>
            </LecturaDesde>
            <LecturaHasta>
              <Fecha>2017-04-30</Fecha>
              <Procedencia>50</Procedencia>
              <Lectura>0000012700.00</Lectura>
            </LecturaHasta>
            <FechaHoraMaximetro>2017-04-30T00:00:00</FechaHoraMaximetro>
          </Integrador>
          <Integrador>
            <Magnitud>PM</Magnitud>
            <CodigoPeriodo>61</CodigoPeriodo>
            <ConstanteMultiplicadora>000001.000</ConstanteMultiplicadora>
            <NumeroRuedasEnteras>08</NumeroRuedasEnteras>
            <NumeroRuedasDecimales>00</NumeroRuedasDecimales>
            <ConsumoCalculado>+0000020400.00</ConsumoCalculado>
            <LecturaDesde>
              <Fecha>2017-04-12</Fecha>
              <Procedencia>30</Procedencia>
              <Lectura>0000000000.00</Lectura>
            </LecturaDesde>
            <LecturaHasta>
              <Fecha>2017-04-30</Fecha>
              <Procedencia>50</Procedencia>
              <Lectura>0000020400.00</Lectura>
            </LecturaHasta>
            <FechaHoraMaximetro>2017-04-30T00:00:00</FechaHoraMaximetro>
          </Integrador>
          <Integrador>
            <Magnitud>AE</Magnitud>
            <CodigoPeriodo>64</CodigoPeriodo>
            <ConstanteMultiplicadora>000001.000</ConstanteMultiplicadora>
            <NumeroRuedasEnteras>08</NumeroRuedasEnteras>
            <NumeroRuedasDecimales>00</NumeroRuedasDecimales>
            <ConsumoCalculado>+0000000019.00</ConsumoCalculado>
            <LecturaDesde>
              <Fecha>2017-04-12</Fecha>
              <Procedencia>30</Procedencia>
              <Lectura>0000000131.00</Lectura>
            </LecturaDesde>
            <LecturaHasta>
              <Fecha>2017-04-30</Fecha>
              <Procedencia>50</Procedencia>
              <Lectura>0000000150.00</Lectura>
            </LecturaHasta>
            <FechaHoraMaximetro>2017-04-30T00:00:00</FechaHoraMaximetro>
          </Integrador>
          <Integrador>
            <Magnitud>AE</Magnitud>
            <CodigoPeriodo>65</CodigoPeriodo>
            <ConstanteMultiplicadora>000001.000</ConstanteMultiplicadora>
            <NumeroRuedasEnteras>08</NumeroRuedasEnteras>
            <NumeroRuedasDecimales>00</NumeroRuedasDecimales>
            <ConsumoCalculado>+0000000045.00</ConsumoCalculado>
            <LecturaDesde>
              <Fecha>2017-04-12</Fecha>
              <Procedencia>30</Procedencia>
              <Lectura>0000000459.00</Lectura>
            </LecturaDesde>
            <LecturaHasta>
              <Fecha>2017-04-30</Fecha>
              <Procedencia>50</Procedencia>
              <Lectura>0000000504.00</Lectura>
            </LecturaHasta>
            <FechaHoraMaximetro>2017-04-30T00:00:00</FechaHoraMaximetro>
          </Integrador>
          <Integrador>
            <Magnitud>AE</Magnitud>
            <CodigoPeriodo>66</CodigoPeriodo>
            <ConstanteMultiplicadora>000001.000</ConstanteMultiplicadora>
            <NumeroRuedasEnteras>08</NumeroRuedasEnteras>
            <NumeroRuedasDecimales>00</NumeroRuedasDecimales>
            <ConsumoCalculado>+0000000025.00</ConsumoCalculado>
            <LecturaDesde>
              <Fecha>2017-04-12</Fecha>
              <Procedencia>30</Procedencia>
              <Lectura>0000000223.00</Lectura>
            </LecturaDesde>
            <LecturaHasta>
              <Fecha>2017-04-30</Fecha>
              <Procedencia>50</Procedencia>
              <Lectura>0000000248.00</Lectura>
            </LecturaHasta>
            <FechaHoraMaximetro>2017-04-30T00:00:00</FechaHoraMaximetro>
          </Integrador>
          <Integrador>
            <Magnitud>R1</Magnitud>
            <CodigoPeriodo>64</CodigoPeriodo>
            <ConstanteMultiplicadora>000001.000</ConstanteMultiplicadora>
            <NumeroRuedasEnteras>08</NumeroRuedasEnteras>
            <NumeroRuedasDecimales>00</NumeroRuedasDecimales>
            <ConsumoCalculado>+0000000017.00</ConsumoCalculado>
            <LecturaDesde>
              <Fecha>2017-04-12</Fecha>
              <Procedencia>30</Procedencia>
              <Lectura>0000000042.00</Lectura>
            </LecturaDesde>
            <LecturaHasta>
              <Fecha>2017-04-30</Fecha>
              <Procedencia>50</Procedencia>
              <Lectura>0000000059.00</Lectura>
            </LecturaHasta>
            <FechaHoraMaximetro>2017-04-30T00:00:00</FechaHoraMaximetro>
          </Integrador>
          <Integrador>
            <Magnitud>R1</Magnitud>
            <CodigoPeriodo>65</CodigoPeriodo>
            <ConstanteMultiplicadora>000001.000</ConstanteMultiplicadora>
            <NumeroRuedasEnteras>08</NumeroRuedasEnteras>
            <NumeroRuedasDecimales>00</NumeroRuedasDecimales>
            <ConsumoCalculado>+0000000030.00</ConsumoCalculado>
            <LecturaDesde>
              <Fecha>2017-04-12</Fecha>
              <Procedencia>30</Procedencia>
              <Lectura>0000000136.00</Lectura>
            </LecturaDesde>
            <LecturaHasta>
              <Fecha>2017-04-30</Fecha>
              <Procedencia>50</Procedencia>
              <Lectura>0000000166.00</Lectura>
            </LecturaHasta>
            <FechaHoraMaximetro>2017-04-30T00:00:00</FechaHoraMaximetro>
          </Integrador>
          <Integrador>
            <Magnitud>R1</Magnitud>
            <CodigoPeriodo>66</CodigoPeriodo>
            <ConstanteMultiplicadora>000001.000</ConstanteMultiplicadora>
            <NumeroRuedasEnteras>08</NumeroRuedasEnteras>
            <NumeroRuedasDecimales>00</NumeroRuedasDecimales>
            <ConsumoCalculado>+0000000030.00</ConsumoCalculado>
            <LecturaDesde>
              <Fecha>2017-04-12</Fecha>
              <Procedencia>30</Procedencia>
              <Lectura>0000000097.00</Lectura>
            </LecturaDesde>
            <LecturaHasta>
              <Fecha>2017-04-30</Fecha>
              <Procedencia>50</Procedencia>
              <Lectura>0000000127.00</Lectura>
            </LecturaHasta>
            <FechaHoraMaximetro>2017-04-30T00:00:00</FechaHoraMaximetro>
          </Integrador>
          <Integrador>
            <Magnitud>PM</Magnitud>
            <CodigoPeriodo>64</CodigoPeriodo>
            <ConstanteMultiplicadora>000001.000</ConstanteMultiplicadora>
            <NumeroRuedasEnteras>08</NumeroRuedasEnteras>
            <NumeroRuedasDecimales>00</NumeroRuedasDecimales>
            <ConsumoCalculado>+0000020400.00</ConsumoCalculado>
            <LecturaDesde>
              <Fecha>2017-04-12</Fecha>
              <Procedencia>30</Procedencia>
              <Lectura>0000000000.00</Lectura>
            </LecturaDesde>
            <LecturaHasta>
              <Fecha>2017-04-30</Fecha>
              <Procedencia>50</Procedencia>
              <Lectura>0000020400.00</Lectura>
            </LecturaHasta>
            <FechaHoraMaximetro>2017-04-30T00:00:00</FechaHoraMaximetro>
          </Integrador>
          <Integrador>
            <Magnitud>PM</Magnitud>
            <CodigoPeriodo>65</CodigoPeriodo>
            <ConstanteMultiplicadora>000001.000</ConstanteMultiplicadora>
            <NumeroRuedasEnteras>08</NumeroRuedasEnteras>
            <NumeroRuedasDecimales>00</NumeroRuedasDecimales>
            <ConsumoCalculado>+0000020400.00</ConsumoCalculado>
            <LecturaDesde>
              <Fecha>2017-04-12</Fecha>
              <Procedencia>30</Procedencia>
              <Lectura>0000000000.00</Lectura>
            </LecturaDesde>
            <LecturaHasta>
              <Fecha>2017-04-30</Fecha>
              <Procedencia>50</Procedencia>
              <Lectura>0000020400.00</Lectura>
            </LecturaHasta>
            <FechaHoraMaximetro>2017-04-30T00:00:00</FechaHoraMaximetro>
          </Integrador>
          <Integrador>
            <Magnitud>PM</Magnitud>
            <CodigoPeriodo>66</CodigoPeriodo>
            <ConstanteMultiplicadora>000001.000</ConstanteMultiplicadora>
            <NumeroRuedasEnteras>08</NumeroRuedasEnteras>
            <NumeroRuedasDecimales>00</NumeroRuedasDecimales>
            <ConsumoCalculado>+0000012700.00</ConsumoCalculado>
            <LecturaDesde>
              <Fecha>2017-04-12</Fecha>
              <Procedencia>30</Procedencia>
              <Lectura>0000000000.00</Lectura>
            </LecturaDesde>
            <LecturaHasta>
              <Fecha>2017-04-30</Fecha>
              <Procedencia>50</Procedencia>
              <Lectura>0000012700.00</Lectura>
            </LecturaHasta>
            <FechaHoraMaximetro>2017-04-30T00:00:00</FechaHoraMaximetro>
          </Integrador>
          <Integrador>
            <Magnitud>AE</Magnitud>
            <CodigoPeriodo>60</CodigoPeriodo>
            <ConstanteMultiplicadora>000001.000</ConstanteMultiplicadora>
            <NumeroRuedasEnteras>08</NumeroRuedasEnteras>
            <NumeroRuedasDecimales>00</NumeroRuedasDecimales>
            <ConsumoCalculado>+0000000885.00</ConsumoCalculado>
            <LecturaDesde>
              <Fecha>2017-04-12</Fecha>
              <Procedencia>30</Procedencia>
              <Lectura>0000003183.00</Lectura>
            </LecturaDesde>
            <LecturaHasta>
              <Fecha>2017-04-30</Fecha>
              <Procedencia>50</Procedencia>
              <Lectura>0000004068.00</Lectura>
            </LecturaHasta>
            <FechaHoraMaximetro>2017-04-30T00:00:00</FechaHoraMaximetro>
          </Integrador>
          <Integrador>
            <Magnitud>R1</Magnitud>
            <CodigoPeriodo>60</CodigoPeriodo>
            <ConstanteMultiplicadora>000001.000</ConstanteMultiplicadora>
            <NumeroRuedasEnteras>08</NumeroRuedasEnteras>
            <NumeroRuedasDecimales>00</NumeroRuedasDecimales>
            <ConsumoCalculado>+0000000457.00</ConsumoCalculado>
            <LecturaDesde>
              <Fecha>2017-04-12</Fecha>
              <Procedencia>30</Procedencia>
              <Lectura>0000000979.00</Lectura>
            </LecturaDesde>
            <LecturaHasta>
              <Fecha>2017-04-30</Fecha>
              <Procedencia>50</Procedencia>
              <Lectura>0000001436.00</Lectura>
            </LecturaHasta>
            <FechaHoraMaximetro>2017-04-30T00:00:00</FechaHoraMaximetro>
          </Integrador>
        </ModeloAparato>
      </Medidas>
    </FacturaATR>
    <RegistroFin>
      <ImporteTotal>+0000000007035.75</ImporteTotal>
      <SaldoTotalFacturacion>-0000000000188.50</SaldoTotalFacturacion>
      <TotalRecibos>00038</TotalRecibos>
      <TipoMoneda>02</TipoMoneda>
      <FechaValor>2018-02-13</FechaValor>
      <FechaLimitePago>2018-03-05</FechaLimitePago>
      <IdRemesa>00000000000000000002512501</IdRemesa>
    </RegistroFin>
  </Facturas>
  <OtrosDatosFactura>
    <SociedadMercantilEmisora>ENDESA DISTRIBUCION ELECTRICA S.L *</SociedadMercantilEmisora>
    <SociedadMercantilDestino>SUNAIR ONE ENERGY, S.L.</SociedadMercantilDestino>
    <DireccionEmisora>AV VILANOVA</DireccionEmisora>
    <DireccionDestino>ANTONI RUBIO 46, LOC, ALMACEN, REUS, 43206, TARRAGONA</DireccionDestino>
  </OtrosDatosFactura>
</MensajeFacturacion>