<?xml version="1.0" encoding="UTF-8"?><MensajeFacturacion xmlns="http://localhost/elegibilidad">
  <Cabecera>
    <CodigoREEEmpresaEmisora>0023</CodigoREEEmpresaEmisora>
    <CodigoREEEmpresaDestino>0815</CodigoREEEmpresaDestino>
    <CodigoDelProceso>F1</CodigoDelProceso>
    <CodigoDePaso>01</CodigoDePaso>
    <CodigoDeSolicitud>000007646305</CodigoDeSolicitud>
    <SecuencialDeSolicitud>00</SecuencialDeSolicitud>
    <FechaSolicitud>2018-02-13T02:04:59</FechaSolicitud>
    <CUPS>ES0031101632424013TJ0F</CUPS>
  </Cabecera>
  <Facturas>
    <FacturaATR>
      <DatosGeneralesFacturaATR>
        <DireccionSuministro>
          <Pais>ESPAÑA</Pais>
          <Provincia>23</Provincia>
          <Municipio>000050</Municipio>
          <Poblacion>000001189</Poblacion>
          <TipoVia>AV</TipoVia>
          <CodPostal>23006</CodPostal>
          <Calle>ANDALUCIA</Calle>
          <NumeroFinca>00058</NumeroFinca>
          <DuplicadorFinca>B</DuplicadorFinca>
          <Piso>BA</Piso>
          <TipoAclaradorFinca>NO</TipoAclaradorFinca>
          <AclaradorFinca>GRANADA</AclaradorFinca>
        </DireccionSuministro>
        <Cliente>
          <TipoIdentificador>NI</TipoIdentificador>
          <Identificador>B55567986</Identificador>
        </Cliente>
        <CodContrato>097131906618</CodContrato>
        <DatosGeneralesFactura>
          <CodigoFiscalFactura>S6801N01063984</CodigoFiscalFactura>
          <TipoFactura>N</TipoFactura>
          <MotivoFacturacion>01</MotivoFacturacion>
          <Expediente>
            <NumeroExpediente>0000000000000000</NumeroExpediente>
            <CodigoSolicitud>000000000000</CodigoSolicitud>
          </Expediente>
          <FechaFactura>2018-02-13</FechaFactura>
          <IdentificadorEmisora>B82846817</IdentificadorEmisora>
          <Comentarios>7646305                                                                                             </Comentarios>
          <ImporteTotalFactura>+0000000292.23</ImporteTotalFactura>
          <TipoMoneda>02</TipoMoneda>
        </DatosGeneralesFactura>
        <DatosFacturaATR>
          <FechaBOE>2017-12-27</FechaBOE>
          <TarifaATRFact>003</TarifaATRFact>
          <ModoControlPotencia>2</ModoControlPotencia>
          <MarcaMedidaConPerdidas>N</MarcaMedidaConPerdidas>
          <IndicativoCurvaCarga>02</IndicativoCurvaCarga>
          <Periodo>
            <FechaDesdeFactura>2018-01-12</FechaDesdeFactura>
            <FechaHastaFactura>2018-02-13</FechaHastaFactura>
            <NumeroDias>032</NumeroDias>
          </Periodo>
        </DatosFacturaATR>
      </DatosGeneralesFacturaATR>
      <Potencia>
        <TerminoPotencia>
          <FechaDesde>2018-01-12</FechaDesde>
          <FechaHasta>2018-02-13</FechaHasta>
          <Periodo>
            <PotenciaContratada>00000000015895</PotenciaContratada>
            <PotenciaMaxDemandada>00000000016000</PotenciaMaxDemandada>
            <PotenciaAFacturar>00000000016000</PotenciaAFacturar>
            <PrecioPotencia>00000.111585986</PrecioPotencia>
          </Periodo>
          <Periodo>
            <PotenciaContratada>00000000018700</PotenciaContratada>
            <PotenciaMaxDemandada>00000000022000</PotenciaMaxDemandada>
            <PotenciaAFacturar>00000000026730</PotenciaAFacturar>
            <PrecioPotencia>00000.066951589</PrecioPotencia>
          </Periodo>
          <Periodo>
            <PotenciaContratada>00000000022000</PotenciaContratada>
            <PotenciaMaxDemandada>00000000002000</PotenciaMaxDemandada>
            <PotenciaAFacturar>00000000018700</PotenciaAFacturar>
            <PrecioPotencia>00000.044634397</PrecioPotencia>
          </Periodo>
          <Periodo>
            <PotenciaContratada>00000000000000</PotenciaContratada>
            <PotenciaMaxDemandada>00000000000000</PotenciaMaxDemandada>
            <PotenciaAFacturar>00000000000000</PotenciaAFacturar>
            <PrecioPotencia>00000.000000000</PrecioPotencia>
          </Periodo>
          <Periodo>
            <PotenciaContratada>00000000000000</PotenciaContratada>
            <PotenciaMaxDemandada>00000000000000</PotenciaMaxDemandada>
            <PotenciaAFacturar>00000000000000</PotenciaAFacturar>
            <PrecioPotencia>00000.000000000</PrecioPotencia>
          </Periodo>
          <Periodo>
            <PotenciaContratada>00000000000000</PotenciaContratada>
            <PotenciaMaxDemandada>00000000000000</PotenciaMaxDemandada>
            <PotenciaAFacturar>00000000000000</PotenciaAFacturar>
            <PrecioPotencia>00000.000000000</PrecioPotencia>
          </Periodo>
        </TerminoPotencia>
        <PenalizacionNoICP>N</PenalizacionNoICP>
        <ImporteTotalTerminoPotencia>+0000000141.11</ImporteTotalTerminoPotencia>
      </Potencia>
      <EnergiaActiva>
        <TerminoEnergiaActiva>
          <FechaDesde>2018-01-12</FechaDesde>
          <FechaHasta>2018-02-13</FechaHasta>
          <Periodo>
            <ValorEnergiaActiva>+00000000739.00</ValorEnergiaActiva>
            <PrecioEnergia>00000.018762000</PrecioEnergia>
          </Periodo>
          <Periodo>
            <ValorEnergiaActiva>+00000003002.00</ValorEnergiaActiva>
            <PrecioEnergia>00000.012575000</PrecioEnergia>
          </Periodo>
          <Periodo>
            <ValorEnergiaActiva>+00000000433.00</ValorEnergiaActiva>
            <PrecioEnergia>00000.004670000</PrecioEnergia>
          </Periodo>
          <Periodo>
            <ValorEnergiaActiva>+00000000000.00</ValorEnergiaActiva>
            <PrecioEnergia>00000.000000000</PrecioEnergia>
          </Periodo>
          <Periodo>
            <ValorEnergiaActiva>+00000000000.00</ValorEnergiaActiva>
            <PrecioEnergia>00000.000000000</PrecioEnergia>
          </Periodo>
          <Periodo>
            <ValorEnergiaActiva>+00000000000.00</ValorEnergiaActiva>
            <PrecioEnergia>00000.000000000</PrecioEnergia>
          </Periodo>
        </TerminoEnergiaActiva>
        <ImporteTotalEnergiaActiva>+0000000053.64</ImporteTotalEnergiaActiva>
      </EnergiaActiva>
      <EnergiaReactiva>
        <TerminoEnergiaReactiva>
          <FechaDesde>2018-01-12</FechaDesde>
          <FechaHasta>2018-02-13</FechaHasta>
          <Periodo>
            <ValorEnergiaReactiva>+00000000199.00</ValorEnergiaReactiva>
            <PrecioEnergiaReactiva>00000.041554000</PrecioEnergiaReactiva>
          </Periodo>
          <Periodo>
            <ValorEnergiaReactiva>+00000000653.00</ValorEnergiaReactiva>
            <PrecioEnergiaReactiva>00000.041554000</PrecioEnergiaReactiva>
          </Periodo>
          <Periodo>
            <ValorEnergiaReactiva>+00000000000.00</ValorEnergiaReactiva>
            <PrecioEnergiaReactiva>00000000000000</PrecioEnergiaReactiva>
          </Periodo>
          <Periodo>
            <ValorEnergiaReactiva>+00000000000.00</ValorEnergiaReactiva>
            <PrecioEnergiaReactiva>00000000000000</PrecioEnergiaReactiva>
          </Periodo>
          <Periodo>
            <ValorEnergiaReactiva>+00000000000.00</ValorEnergiaReactiva>
            <PrecioEnergiaReactiva>00000000000000</PrecioEnergiaReactiva>
          </Periodo>
          <Periodo>
            <ValorEnergiaReactiva>+00000000000.00</ValorEnergiaReactiva>
            <PrecioEnergiaReactiva>00000000000000</PrecioEnergiaReactiva>
          </Periodo>
        </TerminoEnergiaReactiva>
        <ImporteTotalEnergiaReactiva>+0000000035.40</ImporteTotalEnergiaReactiva>
      </EnergiaReactiva>
      <ImpuestoElectrico>
        <BaseImponible>+0000000000.00</BaseImponible>
        <Porcentaje>00000.00000000</Porcentaje>
        <Importe>+0000000000.00</Importe>
      </ImpuestoElectrico>
      <Alquileres>
        <PrecioDiarioAlquiler>
          <PrecioDia>00000.355068000</PrecioDia>
          <NumeroDias>032</NumeroDias>
        </PrecioDiarioAlquiler>
        <ImporteFacturacionAlquileres>+0000000011.36</ImporteFacturacionAlquileres>
      </Alquileres>
      <IVA>
        <BaseImponible>+0000000241.51</BaseImponible>
        <Porcentaje>0021.00</Porcentaje>
        <Importe>+0000000050.72</Importe>
      </IVA>
      <Medidas>
        <CodPM>ES0031101632424013TJ1P</CodPM>
        <ModeloAparato>
          <TipoAparato>CA</TipoAparato>
          <MarcaAparato>199</MarcaAparato>
          <NumeroSerie>028500223</NumeroSerie>
          <TipoDHEdM>6</TipoDHEdM>
          <Integrador>
            <Magnitud>AE</Magnitud>
            <CodigoPeriodo>62</CodigoPeriodo>
            <ConstanteMultiplicadora>000001.000</ConstanteMultiplicadora>
            <NumeroRuedasEnteras>08</NumeroRuedasEnteras>
            <NumeroRuedasDecimales>00</NumeroRuedasDecimales>
            <ConsumoCalculado>+0000002770.00</ConsumoCalculado>
            <LecturaDesde>
              <Fecha>2018-01-12</Fecha>
              <Procedencia>20</Procedencia>
              <Lectura>0000103899.00</Lectura>
            </LecturaDesde>
            <LecturaHasta>
              <Fecha>2018-02-13</Fecha>
              <Procedencia>20</Procedencia>
              <Lectura>0000106669.00</Lectura>
            </LecturaHasta>
            <FechaHoraMaximetro>2018-02-13T00:00:00</FechaHoraMaximetro>
          </Integrador>
          <Integrador>
            <Magnitud>AE</Magnitud>
            <CodigoPeriodo>63</CodigoPeriodo>
            <ConstanteMultiplicadora>000001.000</ConstanteMultiplicadora>
            <NumeroRuedasEnteras>08</NumeroRuedasEnteras>
            <NumeroRuedasDecimales>00</NumeroRuedasDecimales>
            <ConsumoCalculado>+0000000297.00</ConsumoCalculado>
            <LecturaDesde>
              <Fecha>2018-01-12</Fecha>
              <Procedencia>20</Procedencia>
              <Lectura>0000018552.00</Lectura>
            </LecturaDesde>
            <LecturaHasta>
              <Fecha>2018-02-13</Fecha>
              <Procedencia>20</Procedencia>
              <Lectura>0000018849.00</Lectura>
            </LecturaHasta>
            <FechaHoraMaximetro>2018-02-13T00:00:00</FechaHoraMaximetro>
          </Integrador>
          <Integrador>
            <Magnitud>AE</Magnitud>
            <CodigoPeriodo>61</CodigoPeriodo>
            <ConstanteMultiplicadora>000001.000</ConstanteMultiplicadora>
            <NumeroRuedasEnteras>08</NumeroRuedasEnteras>
            <NumeroRuedasDecimales>00</NumeroRuedasDecimales>
            <ConsumoCalculado>+0000000657.00</ConsumoCalculado>
            <LecturaDesde>
              <Fecha>2018-01-12</Fecha>
              <Procedencia>20</Procedencia>
              <Lectura>0000043231.00</Lectura>
            </LecturaDesde>
            <LecturaHasta>
              <Fecha>2018-02-13</Fecha>
              <Procedencia>20</Procedencia>
              <Lectura>0000043888.00</Lectura>
            </LecturaHasta>
            <FechaHoraMaximetro>2018-02-13T00:00:00</FechaHoraMaximetro>
          </Integrador>
          <Integrador>
            <Magnitud>R1</Magnitud>
            <CodigoPeriodo>62</CodigoPeriodo>
            <ConstanteMultiplicadora>000001.000</ConstanteMultiplicadora>
            <NumeroRuedasEnteras>08</NumeroRuedasEnteras>
            <NumeroRuedasDecimales>00</NumeroRuedasDecimales>
            <ConsumoCalculado>+0000001466.00</ConsumoCalculado>
            <LecturaDesde>
              <Fecha>2018-01-12</Fecha>
              <Procedencia>20</Procedencia>
              <Lectura>0000062764.00</Lectura>
            </LecturaDesde>
            <LecturaHasta>
              <Fecha>2018-02-13</Fecha>
              <Procedencia>20</Procedencia>
              <Lectura>0000064230.00</Lectura>
            </LecturaHasta>
            <FechaHoraMaximetro>2018-02-13T00:00:00</FechaHoraMaximetro>
          </Integrador>
          <Integrador>
            <Magnitud>R1</Magnitud>
            <CodigoPeriodo>63</CodigoPeriodo>
            <ConstanteMultiplicadora>000001.000</ConstanteMultiplicadora>
            <NumeroRuedasEnteras>08</NumeroRuedasEnteras>
            <NumeroRuedasDecimales>00</NumeroRuedasDecimales>
            <ConsumoCalculado>+0000000247.00</ConsumoCalculado>
            <LecturaDesde>
              <Fecha>2018-01-12</Fecha>
              <Procedencia>20</Procedencia>
              <Lectura>0000010997.00</Lectura>
            </LecturaDesde>
            <LecturaHasta>
              <Fecha>2018-02-13</Fecha>
              <Procedencia>20</Procedencia>
              <Lectura>0000011244.00</Lectura>
            </LecturaHasta>
            <FechaHoraMaximetro>2018-02-13T00:00:00</FechaHoraMaximetro>
          </Integrador>
          <Integrador>
            <Magnitud>R1</Magnitud>
            <CodigoPeriodo>61</CodigoPeriodo>
            <ConstanteMultiplicadora>000001.000</ConstanteMultiplicadora>
            <NumeroRuedasEnteras>08</NumeroRuedasEnteras>
            <NumeroRuedasDecimales>00</NumeroRuedasDecimales>
            <ConsumoCalculado>+0000000380.00</ConsumoCalculado>
            <LecturaDesde>
              <Fecha>2018-01-12</Fecha>
              <Procedencia>20</Procedencia>
              <Lectura>0000025372.00</Lectura>
            </LecturaDesde>
            <LecturaHasta>
              <Fecha>2018-02-13</Fecha>
              <Procedencia>20</Procedencia>
              <Lectura>0000025752.00</Lectura>
            </LecturaHasta>
            <FechaHoraMaximetro>2018-02-13T00:00:00</FechaHoraMaximetro>
          </Integrador>
          <Integrador>
            <Magnitud>PM</Magnitud>
            <CodigoPeriodo>62</CodigoPeriodo>
            <ConstanteMultiplicadora>000001.000</ConstanteMultiplicadora>
            <NumeroRuedasEnteras>08</NumeroRuedasEnteras>
            <NumeroRuedasDecimales>00</NumeroRuedasDecimales>
            <ConsumoCalculado>+0000022000.00</ConsumoCalculado>
            <LecturaDesde>
              <Fecha>2018-01-12</Fecha>
              <Procedencia>20</Procedencia>
              <Lectura>0000000000.00</Lectura>
            </LecturaDesde>
            <LecturaHasta>
              <Fecha>2018-02-13</Fecha>
              <Procedencia>20</Procedencia>
              <Lectura>0000022000.00</Lectura>
            </LecturaHasta>
            <FechaHoraMaximetro>2018-02-13T00:00:00</FechaHoraMaximetro>
          </Integrador>
          <Integrador>
            <Magnitud>PM</Magnitud>
            <CodigoPeriodo>63</CodigoPeriodo>
            <ConstanteMultiplicadora>000001.000</ConstanteMultiplicadora>
            <NumeroRuedasEnteras>08</NumeroRuedasEnteras>
            <NumeroRuedasDecimales>00</NumeroRuedasDecimales>
            <ConsumoCalculado>+0000002000.00</ConsumoCalculado>
            <LecturaDesde>
              <Fecha>2018-01-12</Fecha>
              <Procedencia>20</Procedencia>
              <Lectura>0000000000.00</Lectura>
            </LecturaDesde>
            <LecturaHasta>
              <Fecha>2018-02-13</Fecha>
              <Procedencia>20</Procedencia>
              <Lectura>0000002000.00</Lectura>
            </LecturaHasta>
            <FechaHoraMaximetro>2018-02-13T00:00:00</FechaHoraMaximetro>
          </Integrador>
          <Integrador>
            <Magnitud>PM</Magnitud>
            <CodigoPeriodo>61</CodigoPeriodo>
            <ConstanteMultiplicadora>000001.000</ConstanteMultiplicadora>
            <NumeroRuedasEnteras>08</NumeroRuedasEnteras>
            <NumeroRuedasDecimales>00</NumeroRuedasDecimales>
            <ConsumoCalculado>+0000016000.00</ConsumoCalculado>
            <LecturaDesde>
              <Fecha>2018-01-12</Fecha>
              <Procedencia>20</Procedencia>
              <Lectura>0000000000.00</Lectura>
            </LecturaDesde>
            <LecturaHasta>
              <Fecha>2018-02-13</Fecha>
              <Procedencia>20</Procedencia>
              <Lectura>0000016000.00</Lectura>
            </LecturaHasta>
            <FechaHoraMaximetro>2018-02-13T00:00:00</FechaHoraMaximetro>
          </Integrador>
          <Integrador>
            <Magnitud>AE</Magnitud>
            <CodigoPeriodo>64</CodigoPeriodo>
            <ConstanteMultiplicadora>000001.000</ConstanteMultiplicadora>
            <NumeroRuedasEnteras>08</NumeroRuedasEnteras>
            <NumeroRuedasDecimales>00</NumeroRuedasDecimales>
            <ConsumoCalculado>+0000000082.00</ConsumoCalculado>
            <LecturaDesde>
              <Fecha>2018-01-12</Fecha>
              <Procedencia>20</Procedencia>
              <Lectura>0000003488.00</Lectura>
            </LecturaDesde>
            <LecturaHasta>
              <Fecha>2018-02-13</Fecha>
              <Procedencia>20</Procedencia>
              <Lectura>0000003570.00</Lectura>
            </LecturaHasta>
            <FechaHoraMaximetro>2018-02-13T00:00:00</FechaHoraMaximetro>
          </Integrador>
          <Integrador>
            <Magnitud>AE</Magnitud>
            <CodigoPeriodo>65</CodigoPeriodo>
            <ConstanteMultiplicadora>000001.000</ConstanteMultiplicadora>
            <NumeroRuedasEnteras>08</NumeroRuedasEnteras>
            <NumeroRuedasDecimales>00</NumeroRuedasDecimales>
            <ConsumoCalculado>+0000000232.00</ConsumoCalculado>
            <LecturaDesde>
              <Fecha>2018-01-12</Fecha>
              <Procedencia>20</Procedencia>
              <Lectura>0000010621.00</Lectura>
            </LecturaDesde>
            <LecturaHasta>
              <Fecha>2018-02-13</Fecha>
              <Procedencia>20</Procedencia>
              <Lectura>0000010853.00</Lectura>
            </LecturaHasta>
            <FechaHoraMaximetro>2018-02-13T00:00:00</FechaHoraMaximetro>
          </Integrador>
          <Integrador>
            <Magnitud>AE</Magnitud>
            <CodigoPeriodo>66</CodigoPeriodo>
            <ConstanteMultiplicadora>000001.000</ConstanteMultiplicadora>
            <NumeroRuedasEnteras>08</NumeroRuedasEnteras>
            <NumeroRuedasDecimales>00</NumeroRuedasDecimales>
            <ConsumoCalculado>+0000000136.00</ConsumoCalculado>
            <LecturaDesde>
              <Fecha>2018-01-12</Fecha>
              <Procedencia>20</Procedencia>
              <Lectura>0000006558.00</Lectura>
            </LecturaDesde>
            <LecturaHasta>
              <Fecha>2018-02-13</Fecha>
              <Procedencia>20</Procedencia>
              <Lectura>0000006694.00</Lectura>
            </LecturaHasta>
            <FechaHoraMaximetro>2018-02-13T00:00:00</FechaHoraMaximetro>
          </Integrador>
          <Integrador>
            <Magnitud>R1</Magnitud>
            <CodigoPeriodo>64</CodigoPeriodo>
            <ConstanteMultiplicadora>000001.000</ConstanteMultiplicadora>
            <NumeroRuedasEnteras>08</NumeroRuedasEnteras>
            <NumeroRuedasDecimales>00</NumeroRuedasDecimales>
            <ConsumoCalculado>+0000000063.00</ConsumoCalculado>
            <LecturaDesde>
              <Fecha>2018-01-12</Fecha>
              <Procedencia>20</Procedencia>
              <Lectura>0000002065.00</Lectura>
            </LecturaDesde>
            <LecturaHasta>
              <Fecha>2018-02-13</Fecha>
              <Procedencia>20</Procedencia>
              <Lectura>0000002128.00</Lectura>
            </LecturaHasta>
            <FechaHoraMaximetro>2018-02-13T00:00:00</FechaHoraMaximetro>
          </Integrador>
          <Integrador>
            <Magnitud>R1</Magnitud>
            <CodigoPeriodo>65</CodigoPeriodo>
            <ConstanteMultiplicadora>000001.000</ConstanteMultiplicadora>
            <NumeroRuedasEnteras>08</NumeroRuedasEnteras>
            <NumeroRuedasDecimales>00</NumeroRuedasDecimales>
            <ConsumoCalculado>+0000000178.00</ConsumoCalculado>
            <LecturaDesde>
              <Fecha>2018-01-12</Fecha>
              <Procedencia>20</Procedencia>
              <Lectura>0000006215.00</Lectura>
            </LecturaDesde>
            <LecturaHasta>
              <Fecha>2018-02-13</Fecha>
              <Procedencia>20</Procedencia>
              <Lectura>0000006393.00</Lectura>
            </LecturaHasta>
            <FechaHoraMaximetro>2018-02-13T00:00:00</FechaHoraMaximetro>
          </Integrador>
          <Integrador>
            <Magnitud>R1</Magnitud>
            <CodigoPeriodo>66</CodigoPeriodo>
            <ConstanteMultiplicadora>000001.000</ConstanteMultiplicadora>
            <NumeroRuedasEnteras>08</NumeroRuedasEnteras>
            <NumeroRuedasDecimales>00</NumeroRuedasDecimales>
            <ConsumoCalculado>+0000000115.00</ConsumoCalculado>
            <LecturaDesde>
              <Fecha>2018-01-12</Fecha>
              <Procedencia>20</Procedencia>
              <Lectura>0000003903.00</Lectura>
            </LecturaDesde>
            <LecturaHasta>
              <Fecha>2018-02-13</Fecha>
              <Procedencia>20</Procedencia>
              <Lectura>0000004018.00</Lectura>
            </LecturaHasta>
            <FechaHoraMaximetro>2018-02-13T00:00:00</FechaHoraMaximetro>
          </Integrador>
          <Integrador>
            <Magnitud>PM</Magnitud>
            <CodigoPeriodo>64</CodigoPeriodo>
            <ConstanteMultiplicadora>000001.000</ConstanteMultiplicadora>
            <NumeroRuedasEnteras>08</NumeroRuedasEnteras>
            <NumeroRuedasDecimales>00</NumeroRuedasDecimales>
            <ConsumoCalculado>+0000008000.00</ConsumoCalculado>
            <LecturaDesde>
              <Fecha>2018-01-12</Fecha>
              <Procedencia>20</Procedencia>
              <Lectura>0000000000.00</Lectura>
            </LecturaDesde>
            <LecturaHasta>
              <Fecha>2018-02-13</Fecha>
              <Procedencia>20</Procedencia>
              <Lectura>0000008000.00</Lectura>
            </LecturaHasta>
            <FechaHoraMaximetro>2018-02-13T00:00:00</FechaHoraMaximetro>
          </Integrador>
          <Integrador>
            <Magnitud>PM</Magnitud>
            <CodigoPeriodo>65</CodigoPeriodo>
            <ConstanteMultiplicadora>000001.000</ConstanteMultiplicadora>
            <NumeroRuedasEnteras>08</NumeroRuedasEnteras>
            <NumeroRuedasDecimales>00</NumeroRuedasDecimales>
            <ConsumoCalculado>+0000008000.00</ConsumoCalculado>
            <LecturaDesde>
              <Fecha>2018-01-12</Fecha>
              <Procedencia>20</Procedencia>
              <Lectura>0000000000.00</Lectura>
            </LecturaDesde>
            <LecturaHasta>
              <Fecha>2018-02-13</Fecha>
              <Procedencia>20</Procedencia>
              <Lectura>0000008000.00</Lectura>
            </LecturaHasta>
            <FechaHoraMaximetro>2018-02-13T00:00:00</FechaHoraMaximetro>
          </Integrador>
          <Integrador>
            <Magnitud>PM</Magnitud>
            <CodigoPeriodo>66</CodigoPeriodo>
            <ConstanteMultiplicadora>000001.000</ConstanteMultiplicadora>
            <NumeroRuedasEnteras>08</NumeroRuedasEnteras>
            <NumeroRuedasDecimales>00</NumeroRuedasDecimales>
            <ConsumoCalculado>+0000002000.00</ConsumoCalculado>
            <LecturaDesde>
              <Fecha>2018-01-12</Fecha>
              <Procedencia>20</Procedencia>
              <Lectura>0000000000.00</Lectura>
            </LecturaDesde>
            <LecturaHasta>
              <Fecha>2018-02-13</Fecha>
              <Procedencia>20</Procedencia>
              <Lectura>0000002000.00</Lectura>
            </LecturaHasta>
            <FechaHoraMaximetro>2018-02-13T00:00:00</FechaHoraMaximetro>
          </Integrador>
          <Integrador>
            <Magnitud>AE</Magnitud>
            <CodigoPeriodo>60</CodigoPeriodo>
            <ConstanteMultiplicadora>000001.000</ConstanteMultiplicadora>
            <NumeroRuedasEnteras>08</NumeroRuedasEnteras>
            <NumeroRuedasDecimales>00</NumeroRuedasDecimales>
            <ConsumoCalculado>+0000004175.00</ConsumoCalculado>
            <LecturaDesde>
              <Fecha>2018-01-12</Fecha>
              <Procedencia>20</Procedencia>
              <Lectura>0000186351.00</Lectura>
            </LecturaDesde>
            <LecturaHasta>
              <Fecha>2018-02-13</Fecha>
              <Procedencia>20</Procedencia>
              <Lectura>0000190526.00</Lectura>
            </LecturaHasta>
            <FechaHoraMaximetro>2018-02-13T00:00:00</FechaHoraMaximetro>
          </Integrador>
          <Integrador>
            <Magnitud>R1</Magnitud>
            <CodigoPeriodo>60</CodigoPeriodo>
            <ConstanteMultiplicadora>000001.000</ConstanteMultiplicadora>
            <NumeroRuedasEnteras>08</NumeroRuedasEnteras>
            <NumeroRuedasDecimales>00</NumeroRuedasDecimales>
            <ConsumoCalculado>+0000002449.00</ConsumoCalculado>
            <LecturaDesde>
              <Fecha>2018-01-12</Fecha>
              <Procedencia>20</Procedencia>
              <Lectura>0000111318.00</Lectura>
            </LecturaDesde>
            <LecturaHasta>
              <Fecha>2018-02-13</Fecha>
              <Procedencia>20</Procedencia>
              <Lectura>0000113767.00</Lectura>
            </LecturaHasta>
            <FechaHoraMaximetro>2018-02-13T00:00:00</FechaHoraMaximetro>
          </Integrador>
        </ModeloAparato>
      </Medidas>
    </FacturaATR>
    <RegistroFin>
      <ImporteTotal>+0000000006359.77</ImporteTotal>
      <SaldoTotalFacturacion>-0000000000083.41</SaldoTotalFacturacion>
      <TotalRecibos>00054</TotalRecibos>
      <TipoMoneda>02</TipoMoneda>
      <FechaValor>2018-02-13</FechaValor>
      <FechaLimitePago>2018-03-05</FechaLimitePago>
      <IdRemesa>00000000000000000007646305</IdRemesa>
    </RegistroFin>
  </Facturas>
  <OtrosDatosFactura>
    <SociedadMercantilEmisora>ENDESA DISTRIBUCION ELECTRICAS</SociedadMercantilEmisora>
    <SociedadMercantilDestino>SUNAIR ONE ENERGY, S.L.</SociedadMercantilDestino>
    <DireccionEmisora>AVDA. BORBOLLA, 5</DireccionEmisora>
    <DireccionDestino>P.I.AGRO REUS C/ IGNASI I</DireccionDestino>
  </OtrosDatosFactura>
</MensajeFacturacion>