<?xml version="1.0" encoding="UTF-8"?><MensajeFacturacion xmlns="http://localhost/elegibilidad">
  <Cabecera>
    <CodigoREEEmpresaEmisora>0363</CodigoREEEmpresaEmisora>
    <CodigoREEEmpresaDestino>0815</CodigoREEEmpresaDestino>
    <CodigoDelProceso>F1</CodigoDelProceso>
    <CodigoDePaso>01</CodigoDePaso>
    <CodigoDeSolicitud>000002618601</CodigoDeSolicitud>
    <SecuencialDeSolicitud>00</SecuencialDeSolicitud>
    <FechaSolicitud>2018-02-13T01:32:52</FechaSolicitud>
    <CUPS>ES0031601198422025BQ0F</CUPS>
  </Cabecera>
  <Facturas>
    <FacturaATR>
      <DatosGeneralesFacturaATR>
        <DireccionSuministro>
          <Pais>ESPAÑA</Pais>
          <Provincia>35</Provincia>
          <Municipio>000016</Municipio>
          <Poblacion>000000044</Poblacion>
          <TipoVia>AV</TipoVia>
          <CodPostal>35012</CodPostal>
          <Calle>ESCALERITAS</Calle>
          <NumeroFinca>00054</NumeroFinca>
          <Piso>BA</Piso>
          <AclaradorFinca>CENTRO COMER</AclaradorFinca>
        </DireccionSuministro>
        <Cliente>
          <TipoIdentificador>NI</TipoIdentificador>
          <Identificador>B55567986</Identificador>
        </Cliente>
        <CodContrato>500000577197</CodContrato>
        <DatosGeneralesFactura>
          <CodigoFiscalFactura>U1801N01737090</CodigoFiscalFactura>
          <TipoFactura>N</TipoFactura>
          <MotivoFacturacion>01</MotivoFacturacion>
          <Expediente>
            <NumeroExpediente>0000000000000000</NumeroExpediente>
            <CodigoSolicitud>000000000000</CodigoSolicitud>
          </Expediente>
          <FechaFactura>2018-02-13</FechaFactura>
          <IdentificadorEmisora>B82846817</IdentificadorEmisora>
          <Comentarios>2618601                                                                                             </Comentarios>
          <ImporteTotalFactura>+0000000174.71</ImporteTotalFactura>
          <TipoMoneda>02</TipoMoneda>
        </DatosGeneralesFactura>
        <DatosFacturaATR>
          <FechaBOE>2017-12-27</FechaBOE>
          <TarifaATRFact>003</TarifaATRFact>
          <ModoControlPotencia>2</ModoControlPotencia>
          <MarcaMedidaConPerdidas>N</MarcaMedidaConPerdidas>
          <IndicativoCurvaCarga>02</IndicativoCurvaCarga>
          <Periodo>
            <FechaDesdeFactura>2018-01-15</FechaDesdeFactura>
            <FechaHastaFactura>2018-02-12</FechaHastaFactura>
            <NumeroDias>028</NumeroDias>
          </Periodo>
        </DatosFacturaATR>
      </DatosGeneralesFacturaATR>
      <Potencia>
        <TerminoPotencia>
          <FechaDesde>2018-01-15</FechaDesde>
          <FechaHasta>2018-02-12</FechaHasta>
          <Periodo>
            <PotenciaContratada>00000000012000</PotenciaContratada>
            <PotenciaMaxDemandada>00000000013000</PotenciaMaxDemandada>
            <PotenciaAFacturar>00000000013800</PotenciaAFacturar>
            <PrecioPotencia>00000.111585986</PrecioPotencia>
          </Periodo>
          <Periodo>
            <PotenciaContratada>00000000012000</PotenciaContratada>
            <PotenciaMaxDemandada>00000000013000</PotenciaMaxDemandada>
            <PotenciaAFacturar>00000000013800</PotenciaAFacturar>
            <PrecioPotencia>00000.066951589</PrecioPotencia>
          </Periodo>
          <Periodo>
            <PotenciaContratada>00000000034641</PotenciaContratada>
            <PotenciaMaxDemandada>00000000011000</PotenciaMaxDemandada>
            <PotenciaAFacturar>00000000029444</PotenciaAFacturar>
            <PrecioPotencia>00000.044634397</PrecioPotencia>
          </Periodo>
          <Periodo>
            <PotenciaContratada>00000000000000</PotenciaContratada>
            <PotenciaMaxDemandada>00000000000000</PotenciaMaxDemandada>
            <PotenciaAFacturar>00000000000000</PotenciaAFacturar>
            <PrecioPotencia>00000.000000000</PrecioPotencia>
          </Periodo>
          <Periodo>
            <PotenciaContratada>00000000000000</PotenciaContratada>
            <PotenciaMaxDemandada>00000000000000</PotenciaMaxDemandada>
            <PotenciaAFacturar>00000000000000</PotenciaAFacturar>
            <PrecioPotencia>00000.000000000</PrecioPotencia>
          </Periodo>
          <Periodo>
            <PotenciaContratada>00000000000000</PotenciaContratada>
            <PotenciaMaxDemandada>00000000000000</PotenciaMaxDemandada>
            <PotenciaAFacturar>00000000000000</PotenciaAFacturar>
            <PrecioPotencia>00000.000000000</PrecioPotencia>
          </Periodo>
        </TerminoPotencia>
        <PenalizacionNoICP>N</PenalizacionNoICP>
        <ImporteTotalTerminoPotencia>+0000000105.78</ImporteTotalTerminoPotencia>
      </Potencia>
      <EnergiaActiva>
        <TerminoEnergiaActiva>
          <FechaDesde>2018-01-15</FechaDesde>
          <FechaHasta>2018-02-12</FechaHasta>
          <Periodo>
            <ValorEnergiaActiva>+00000000892.00</ValorEnergiaActiva>
            <PrecioEnergia>00000.018762000</PrecioEnergia>
          </Periodo>
          <Periodo>
            <ValorEnergiaActiva>+00000002612.00</ValorEnergiaActiva>
            <PrecioEnergia>00000.012575000</PrecioEnergia>
          </Periodo>
          <Periodo>
            <ValorEnergiaActiva>+00000000842.00</ValorEnergiaActiva>
            <PrecioEnergia>00000.004670000</PrecioEnergia>
          </Periodo>
          <Periodo>
            <ValorEnergiaActiva>+00000000000.00</ValorEnergiaActiva>
            <PrecioEnergia>00000.000000000</PrecioEnergia>
          </Periodo>
          <Periodo>
            <ValorEnergiaActiva>+00000000000.00</ValorEnergiaActiva>
            <PrecioEnergia>00000.000000000</PrecioEnergia>
          </Periodo>
          <Periodo>
            <ValorEnergiaActiva>+00000000000.00</ValorEnergiaActiva>
            <PrecioEnergia>00000.000000000</PrecioEnergia>
          </Periodo>
        </TerminoEnergiaActiva>
        <ImporteTotalEnergiaActiva>+0000000053.51</ImporteTotalEnergiaActiva>
      </EnergiaActiva>
      <ImpuestoElectrico>
        <BaseImponible>+0000000000.00</BaseImponible>
        <Porcentaje>00000.00000000</Porcentaje>
        <Importe>+0000000000.00</Importe>
      </ImpuestoElectrico>
      <Alquileres>
        <PrecioDiarioAlquiler>
          <PrecioDia>00000.355068000</PrecioDia>
          <NumeroDias>028</NumeroDias>
        </PrecioDiarioAlquiler>
        <ImporteFacturacionAlquileres>+0000000009.94</ImporteFacturacionAlquileres>
      </Alquileres>
      <IVA>
        <BaseImponible>+0000000009.94</BaseImponible>
        <Porcentaje>0007.00</Porcentaje>
        <Importe>+0000000000.70</Importe>
      </IVA>
      <IVAReducido>
        <BaseImponible>+0000000159.29</BaseImponible>
        <Porcentaje>0003.00</Porcentaje>
        <Importe>+0000000004.78</Importe>
      </IVAReducido>
      <Medidas>
        <CodPM>ES0031601198422025BQ1P</CodPM>
        <ModeloAparato>
          <TipoAparato>CA</TipoAparato>
          <MarcaAparato>199</MarcaAparato>
          <NumeroSerie>094647540</NumeroSerie>
          <TipoDHEdM>6</TipoDHEdM>
          <Integrador>
            <Magnitud>AE</Magnitud>
            <CodigoPeriodo>62</CodigoPeriodo>
            <ConstanteMultiplicadora>000001.000</ConstanteMultiplicadora>
            <NumeroRuedasEnteras>08</NumeroRuedasEnteras>
            <NumeroRuedasDecimales>00</NumeroRuedasDecimales>
            <ConsumoCalculado>+0000002289.00</ConsumoCalculado>
            <LecturaDesde>
              <Fecha>2018-01-15</Fecha>
              <Procedencia>20</Procedencia>
              <Lectura>0000159509.00</Lectura>
            </LecturaDesde>
            <LecturaHasta>
              <Fecha>2018-02-12</Fecha>
              <Procedencia>20</Procedencia>
              <Lectura>0000161798.00</Lectura>
            </LecturaHasta>
            <FechaHoraMaximetro>2018-02-12T08:46:00</FechaHoraMaximetro>
          </Integrador>
          <Integrador>
            <Magnitud>AE</Magnitud>
            <CodigoPeriodo>63</CodigoPeriodo>
            <ConstanteMultiplicadora>000001.000</ConstanteMultiplicadora>
            <NumeroRuedasEnteras>08</NumeroRuedasEnteras>
            <NumeroRuedasDecimales>00</NumeroRuedasDecimales>
            <ConsumoCalculado>+0000000637.00</ConsumoCalculado>
            <LecturaDesde>
              <Fecha>2018-01-15</Fecha>
              <Procedencia>20</Procedencia>
              <Lectura>0000024498.00</Lectura>
            </LecturaDesde>
            <LecturaHasta>
              <Fecha>2018-02-12</Fecha>
              <Procedencia>20</Procedencia>
              <Lectura>0000025135.00</Lectura>
            </LecturaHasta>
            <FechaHoraMaximetro>2018-02-12T08:46:00</FechaHoraMaximetro>
          </Integrador>
          <Integrador>
            <Magnitud>AE</Magnitud>
            <CodigoPeriodo>61</CodigoPeriodo>
            <ConstanteMultiplicadora>000001.000</ConstanteMultiplicadora>
            <NumeroRuedasEnteras>08</NumeroRuedasEnteras>
            <NumeroRuedasDecimales>00</NumeroRuedasDecimales>
            <ConsumoCalculado>+0000000786.00</ConsumoCalculado>
            <LecturaDesde>
              <Fecha>2018-01-15</Fecha>
              <Procedencia>20</Procedencia>
              <Lectura>0000056995.00</Lectura>
            </LecturaDesde>
            <LecturaHasta>
              <Fecha>2018-02-12</Fecha>
              <Procedencia>20</Procedencia>
              <Lectura>0000057781.00</Lectura>
            </LecturaHasta>
            <FechaHoraMaximetro>2018-02-12T08:46:00</FechaHoraMaximetro>
          </Integrador>
          <Integrador>
            <Magnitud>R1</Magnitud>
            <CodigoPeriodo>62</CodigoPeriodo>
            <ConstanteMultiplicadora>000001.000</ConstanteMultiplicadora>
            <NumeroRuedasEnteras>08</NumeroRuedasEnteras>
            <NumeroRuedasDecimales>00</NumeroRuedasDecimales>
            <ConsumoCalculado>+0000000831.00</ConsumoCalculado>
            <LecturaDesde>
              <Fecha>2018-01-15</Fecha>
              <Procedencia>20</Procedencia>
              <Lectura>0000074880.00</Lectura>
            </LecturaDesde>
            <LecturaHasta>
              <Fecha>2018-02-12</Fecha>
              <Procedencia>20</Procedencia>
              <Lectura>0000075711.00</Lectura>
            </LecturaHasta>
            <FechaHoraMaximetro>2018-02-12T08:46:00</FechaHoraMaximetro>
          </Integrador>
          <Integrador>
            <Magnitud>R1</Magnitud>
            <CodigoPeriodo>63</CodigoPeriodo>
            <ConstanteMultiplicadora>000001.000</ConstanteMultiplicadora>
            <NumeroRuedasEnteras>08</NumeroRuedasEnteras>
            <NumeroRuedasDecimales>00</NumeroRuedasDecimales>
            <ConsumoCalculado>+0000000122.00</ConsumoCalculado>
            <LecturaDesde>
              <Fecha>2018-01-15</Fecha>
              <Procedencia>20</Procedencia>
              <Lectura>0000004971.00</Lectura>
            </LecturaDesde>
            <LecturaHasta>
              <Fecha>2018-02-12</Fecha>
              <Procedencia>20</Procedencia>
              <Lectura>0000005093.00</Lectura>
            </LecturaHasta>
            <FechaHoraMaximetro>2018-02-12T08:46:00</FechaHoraMaximetro>
          </Integrador>
          <Integrador>
            <Magnitud>R1</Magnitud>
            <CodigoPeriodo>61</CodigoPeriodo>
            <ConstanteMultiplicadora>000001.000</ConstanteMultiplicadora>
            <NumeroRuedasEnteras>08</NumeroRuedasEnteras>
            <NumeroRuedasDecimales>00</NumeroRuedasDecimales>
            <ConsumoCalculado>+0000000265.00</ConsumoCalculado>
            <LecturaDesde>
              <Fecha>2018-01-15</Fecha>
              <Procedencia>20</Procedencia>
              <Lectura>0000027446.00</Lectura>
            </LecturaDesde>
            <LecturaHasta>
              <Fecha>2018-02-12</Fecha>
              <Procedencia>20</Procedencia>
              <Lectura>0000027711.00</Lectura>
            </LecturaHasta>
            <FechaHoraMaximetro>2018-02-12T08:46:00</FechaHoraMaximetro>
          </Integrador>
          <Integrador>
            <Magnitud>PM</Magnitud>
            <CodigoPeriodo>62</CodigoPeriodo>
            <ConstanteMultiplicadora>000001.000</ConstanteMultiplicadora>
            <NumeroRuedasEnteras>08</NumeroRuedasEnteras>
            <NumeroRuedasDecimales>00</NumeroRuedasDecimales>
            <ConsumoCalculado>+0000013000.00</ConsumoCalculado>
            <LecturaDesde>
              <Fecha>2018-01-15</Fecha>
              <Procedencia>20</Procedencia>
              <Lectura>0000000000.00</Lectura>
            </LecturaDesde>
            <LecturaHasta>
              <Fecha>2018-02-12</Fecha>
              <Procedencia>20</Procedencia>
              <Lectura>0000013000.00</Lectura>
            </LecturaHasta>
            <FechaHoraMaximetro>2018-02-12T08:46:00</FechaHoraMaximetro>
          </Integrador>
          <Integrador>
            <Magnitud>PM</Magnitud>
            <CodigoPeriodo>63</CodigoPeriodo>
            <ConstanteMultiplicadora>000001.000</ConstanteMultiplicadora>
            <NumeroRuedasEnteras>08</NumeroRuedasEnteras>
            <NumeroRuedasDecimales>00</NumeroRuedasDecimales>
            <ConsumoCalculado>+0000011000.00</ConsumoCalculado>
            <LecturaDesde>
              <Fecha>2018-01-15</Fecha>
              <Procedencia>20</Procedencia>
              <Lectura>0000000000.00</Lectura>
            </LecturaDesde>
            <LecturaHasta>
              <Fecha>2018-02-12</Fecha>
              <Procedencia>20</Procedencia>
              <Lectura>0000011000.00</Lectura>
            </LecturaHasta>
            <FechaHoraMaximetro>2018-02-12T08:46:00</FechaHoraMaximetro>
          </Integrador>
          <Integrador>
            <Magnitud>PM</Magnitud>
            <CodigoPeriodo>61</CodigoPeriodo>
            <ConstanteMultiplicadora>000001.000</ConstanteMultiplicadora>
            <NumeroRuedasEnteras>08</NumeroRuedasEnteras>
            <NumeroRuedasDecimales>00</NumeroRuedasDecimales>
            <ConsumoCalculado>+0000013000.00</ConsumoCalculado>
            <LecturaDesde>
              <Fecha>2018-01-15</Fecha>
              <Procedencia>20</Procedencia>
              <Lectura>0000000000.00</Lectura>
            </LecturaDesde>
            <LecturaHasta>
              <Fecha>2018-02-12</Fecha>
              <Procedencia>20</Procedencia>
              <Lectura>0000013000.00</Lectura>
            </LecturaHasta>
            <FechaHoraMaximetro>2018-02-12T08:46:00</FechaHoraMaximetro>
          </Integrador>
          <Integrador>
            <Magnitud>AE</Magnitud>
            <CodigoPeriodo>64</CodigoPeriodo>
            <ConstanteMultiplicadora>000001.000</ConstanteMultiplicadora>
            <NumeroRuedasEnteras>08</NumeroRuedasEnteras>
            <NumeroRuedasDecimales>00</NumeroRuedasDecimales>
            <ConsumoCalculado>+0000000106.00</ConsumoCalculado>
            <LecturaDesde>
              <Fecha>2018-01-15</Fecha>
              <Procedencia>20</Procedencia>
              <Lectura>0000004194.00</Lectura>
            </LecturaDesde>
            <LecturaHasta>
              <Fecha>2018-02-12</Fecha>
              <Procedencia>20</Procedencia>
              <Lectura>0000004300.00</Lectura>
            </LecturaHasta>
            <FechaHoraMaximetro>2018-02-12T08:46:00</FechaHoraMaximetro>
          </Integrador>
          <Integrador>
            <Magnitud>AE</Magnitud>
            <CodigoPeriodo>65</CodigoPeriodo>
            <ConstanteMultiplicadora>000001.000</ConstanteMultiplicadora>
            <NumeroRuedasEnteras>08</NumeroRuedasEnteras>
            <NumeroRuedasDecimales>00</NumeroRuedasDecimales>
            <ConsumoCalculado>+0000000323.00</ConsumoCalculado>
            <LecturaDesde>
              <Fecha>2018-01-15</Fecha>
              <Procedencia>20</Procedencia>
              <Lectura>0000012384.00</Lectura>
            </LecturaDesde>
            <LecturaHasta>
              <Fecha>2018-02-12</Fecha>
              <Procedencia>20</Procedencia>
              <Lectura>0000012707.00</Lectura>
            </LecturaHasta>
            <FechaHoraMaximetro>2018-02-12T08:46:00</FechaHoraMaximetro>
          </Integrador>
          <Integrador>
            <Magnitud>AE</Magnitud>
            <CodigoPeriodo>66</CodigoPeriodo>
            <ConstanteMultiplicadora>000001.000</ConstanteMultiplicadora>
            <NumeroRuedasEnteras>08</NumeroRuedasEnteras>
            <NumeroRuedasDecimales>00</NumeroRuedasDecimales>
            <ConsumoCalculado>+0000000205.00</ConsumoCalculado>
            <LecturaDesde>
              <Fecha>2018-01-15</Fecha>
              <Procedencia>20</Procedencia>
              <Lectura>0000007710.00</Lectura>
            </LecturaDesde>
            <LecturaHasta>
              <Fecha>2018-02-12</Fecha>
              <Procedencia>20</Procedencia>
              <Lectura>0000007915.00</Lectura>
            </LecturaHasta>
            <FechaHoraMaximetro>2018-02-12T08:46:00</FechaHoraMaximetro>
          </Integrador>
          <Integrador>
            <Magnitud>R1</Magnitud>
            <CodigoPeriodo>64</CodigoPeriodo>
            <ConstanteMultiplicadora>000001.000</ConstanteMultiplicadora>
            <NumeroRuedasEnteras>08</NumeroRuedasEnteras>
            <NumeroRuedasDecimales>00</NumeroRuedasDecimales>
            <ConsumoCalculado>+0000000020.00</ConsumoCalculado>
            <LecturaDesde>
              <Fecha>2018-01-15</Fecha>
              <Procedencia>20</Procedencia>
              <Lectura>0000000588.00</Lectura>
            </LecturaDesde>
            <LecturaHasta>
              <Fecha>2018-02-12</Fecha>
              <Procedencia>20</Procedencia>
              <Lectura>0000000608.00</Lectura>
            </LecturaHasta>
            <FechaHoraMaximetro>2018-02-12T08:46:00</FechaHoraMaximetro>
          </Integrador>
          <Integrador>
            <Magnitud>R1</Magnitud>
            <CodigoPeriodo>65</CodigoPeriodo>
            <ConstanteMultiplicadora>000001.000</ConstanteMultiplicadora>
            <NumeroRuedasEnteras>08</NumeroRuedasEnteras>
            <NumeroRuedasDecimales>00</NumeroRuedasDecimales>
            <ConsumoCalculado>+0000000061.00</ConsumoCalculado>
            <LecturaDesde>
              <Fecha>2018-01-15</Fecha>
              <Procedencia>20</Procedencia>
              <Lectura>0000001717.00</Lectura>
            </LecturaDesde>
            <LecturaHasta>
              <Fecha>2018-02-12</Fecha>
              <Procedencia>20</Procedencia>
              <Lectura>0000001778.00</Lectura>
            </LecturaHasta>
            <FechaHoraMaximetro>2018-02-12T08:46:00</FechaHoraMaximetro>
          </Integrador>
          <Integrador>
            <Magnitud>R1</Magnitud>
            <CodigoPeriodo>66</CodigoPeriodo>
            <ConstanteMultiplicadora>000001.000</ConstanteMultiplicadora>
            <NumeroRuedasEnteras>08</NumeroRuedasEnteras>
            <NumeroRuedasDecimales>00</NumeroRuedasDecimales>
            <ConsumoCalculado>+0000000034.00</ConsumoCalculado>
            <LecturaDesde>
              <Fecha>2018-01-15</Fecha>
              <Procedencia>20</Procedencia>
              <Lectura>0000000935.00</Lectura>
            </LecturaDesde>
            <LecturaHasta>
              <Fecha>2018-02-12</Fecha>
              <Procedencia>20</Procedencia>
              <Lectura>0000000969.00</Lectura>
            </LecturaHasta>
            <FechaHoraMaximetro>2018-02-12T08:46:00</FechaHoraMaximetro>
          </Integrador>
          <Integrador>
            <Magnitud>PM</Magnitud>
            <CodigoPeriodo>64</CodigoPeriodo>
            <ConstanteMultiplicadora>000001.000</ConstanteMultiplicadora>
            <NumeroRuedasEnteras>08</NumeroRuedasEnteras>
            <NumeroRuedasDecimales>00</NumeroRuedasDecimales>
            <ConsumoCalculado>+0000005000.00</ConsumoCalculado>
            <LecturaDesde>
              <Fecha>2018-01-15</Fecha>
              <Procedencia>20</Procedencia>
              <Lectura>0000000000.00</Lectura>
            </LecturaDesde>
            <LecturaHasta>
              <Fecha>2018-02-12</Fecha>
              <Procedencia>20</Procedencia>
              <Lectura>0000005000.00</Lectura>
            </LecturaHasta>
            <FechaHoraMaximetro>2018-02-12T08:46:00</FechaHoraMaximetro>
          </Integrador>
          <Integrador>
            <Magnitud>PM</Magnitud>
            <CodigoPeriodo>65</CodigoPeriodo>
            <ConstanteMultiplicadora>000001.000</ConstanteMultiplicadora>
            <NumeroRuedasEnteras>08</NumeroRuedasEnteras>
            <NumeroRuedasDecimales>00</NumeroRuedasDecimales>
            <ConsumoCalculado>+0000005000.00</ConsumoCalculado>
            <LecturaDesde>
              <Fecha>2018-01-15</Fecha>
              <Procedencia>20</Procedencia>
              <Lectura>0000000000.00</Lectura>
            </LecturaDesde>
            <LecturaHasta>
              <Fecha>2018-02-12</Fecha>
              <Procedencia>20</Procedencia>
              <Lectura>0000005000.00</Lectura>
            </LecturaHasta>
            <FechaHoraMaximetro>2018-02-12T08:46:00</FechaHoraMaximetro>
          </Integrador>
          <Integrador>
            <Magnitud>PM</Magnitud>
            <CodigoPeriodo>66</CodigoPeriodo>
            <ConstanteMultiplicadora>000001.000</ConstanteMultiplicadora>
            <NumeroRuedasEnteras>08</NumeroRuedasEnteras>
            <NumeroRuedasDecimales>00</NumeroRuedasDecimales>
            <ConsumoCalculado>+0000005000.00</ConsumoCalculado>
            <LecturaDesde>
              <Fecha>2018-01-15</Fecha>
              <Procedencia>20</Procedencia>
              <Lectura>0000000000.00</Lectura>
            </LecturaDesde>
            <LecturaHasta>
              <Fecha>2018-02-12</Fecha>
              <Procedencia>20</Procedencia>
              <Lectura>0000005000.00</Lectura>
            </LecturaHasta>
            <FechaHoraMaximetro>2018-02-12T08:46:00</FechaHoraMaximetro>
          </Integrador>
          <Integrador>
            <Magnitud>AE</Magnitud>
            <CodigoPeriodo>60</CodigoPeriodo>
            <ConstanteMultiplicadora>000001.000</ConstanteMultiplicadora>
            <NumeroRuedasEnteras>08</NumeroRuedasEnteras>
            <NumeroRuedasDecimales>00</NumeroRuedasDecimales>
            <ConsumoCalculado>+0000004346.00</ConsumoCalculado>
            <LecturaDesde>
              <Fecha>2018-01-15</Fecha>
              <Procedencia>20</Procedencia>
              <Lectura>0000265290.00</Lectura>
            </LecturaDesde>
            <LecturaHasta>
              <Fecha>2018-02-12</Fecha>
              <Procedencia>20</Procedencia>
              <Lectura>0000269636.00</Lectura>
            </LecturaHasta>
            <FechaHoraMaximetro>2018-02-12T08:46:00</FechaHoraMaximetro>
          </Integrador>
          <Integrador>
            <Magnitud>R1</Magnitud>
            <CodigoPeriodo>60</CodigoPeriodo>
            <ConstanteMultiplicadora>000001.000</ConstanteMultiplicadora>
            <NumeroRuedasEnteras>08</NumeroRuedasEnteras>
            <NumeroRuedasDecimales>00</NumeroRuedasDecimales>
            <ConsumoCalculado>+0000001333.00</ConsumoCalculado>
            <LecturaDesde>
              <Fecha>2018-01-15</Fecha>
              <Procedencia>20</Procedencia>
              <Lectura>0000110537.00</Lectura>
            </LecturaDesde>
            <LecturaHasta>
              <Fecha>2018-02-12</Fecha>
              <Procedencia>20</Procedencia>
              <Lectura>0000111870.00</Lectura>
            </LecturaHasta>
            <FechaHoraMaximetro>2018-02-12T08:46:00</FechaHoraMaximetro>
          </Integrador>
        </ModeloAparato>
      </Medidas>
    </FacturaATR>
    <RegistroFin>
      <ImporteTotal>+0000000004950.53</ImporteTotal>
      <SaldoTotalFacturacion>+0000000000000.00</SaldoTotalFacturacion>
      <TotalRecibos>00004</TotalRecibos>
      <TipoMoneda>02</TipoMoneda>
      <FechaValor>2018-02-13</FechaValor>
      <FechaLimitePago>2018-03-05</FechaLimitePago>
      <IdRemesa>00000000000000000002618601</IdRemesa>
    </RegistroFin>
  </Facturas>
  <OtrosDatosFactura>
    <SociedadMercantilEmisora>ENDESA DISTRIBUCION ELECTRICA SLU</SociedadMercantilEmisora>
    <SociedadMercantilDestino>SUNAIR ONE ENERGY, S.L.</SociedadMercantilDestino>
    <DireccionEmisora>AV VILANOVA</DireccionEmisora>
    <DireccionDestino>P.I.AGRO REUS C/ IGNASI I</DireccionDestino>
  </OtrosDatosFactura>
</MensajeFacturacion>