<?xml version="1.0" encoding="UTF-8"?><MensajeFacturacion xmlns="http://localhost/elegibilidad">
  <Cabecera>
    <CodigoREEEmpresaEmisora>0029</CodigoREEEmpresaEmisora>
    <CodigoREEEmpresaDestino>0815</CodigoREEEmpresaDestino>
    <CodigoDelProceso>F1</CodigoDelProceso>
    <CodigoDePaso>01</CodigoDePaso>
    <CodigoDeSolicitud>000001506606</CodigoDeSolicitud>
    <SecuencialDeSolicitud>00</SecuencialDeSolicitud>
    <FechaSolicitud>2018-02-13T01:33:28</FechaSolicitud>
    <CUPS>ES0031300312673002MV0F</CUPS>
  </Cabecera>
  <Facturas>
    <FacturaATR>
      <DatosGeneralesFacturaATR>
        <DireccionSuministro>
          <Pais>ESPAÑA</Pais>
          <Provincia>50</Provincia>
          <Municipio>000125</Municipio>
          <Poblacion>000000222</Poblacion>
          <TipoVia>CL</TipoVia>
          <CodPostal>50236</CodPostal>
          <Calle>HOSPITAL</Calle>
          <NumeroFinca>00005</NumeroFinca>
          <Piso>LO</Piso>
          <Puerta>001</Puerta>
        </DireccionSuministro>
        <Cliente>
          <TipoIdentificador>NI</TipoIdentificador>
          <Identificador>B55567986</Identificador>
        </Cliente>
        <CodContrato>097024048761</CodContrato>
        <DatosGeneralesFactura>
          <CodigoFiscalFactura>J4801N00852058</CodigoFiscalFactura>
          <TipoFactura>N</TipoFactura>
          <MotivoFacturacion>01</MotivoFacturacion>
          <Expediente>
            <NumeroExpediente>0000000000000000</NumeroExpediente>
            <CodigoSolicitud>000000000000</CodigoSolicitud>
          </Expediente>
          <FechaFactura>2018-02-13</FechaFactura>
          <IdentificadorEmisora>B82846817</IdentificadorEmisora>
          <Comentarios>1506606                                                                                             </Comentarios>
          <ImporteTotalFactura>+0000000237.58</ImporteTotalFactura>
          <TipoMoneda>02</TipoMoneda>
        </DatosGeneralesFactura>
        <DatosFacturaATR>
          <FechaBOE>2017-12-27</FechaBOE>
          <TarifaATRFact>003</TarifaATRFact>
          <ModoControlPotencia>2</ModoControlPotencia>
          <MarcaMedidaConPerdidas>N</MarcaMedidaConPerdidas>
          <IndicativoCurvaCarga>02</IndicativoCurvaCarga>
          <Periodo>
            <FechaDesdeFactura>2018-01-11</FechaDesdeFactura>
            <FechaHastaFactura>2018-02-12</FechaHastaFactura>
            <NumeroDias>032</NumeroDias>
          </Periodo>
        </DatosFacturaATR>
      </DatosGeneralesFacturaATR>
      <Potencia>
        <TerminoPotencia>
          <FechaDesde>2018-01-11</FechaDesde>
          <FechaHasta>2018-02-12</FechaHasta>
          <Periodo>
            <PotenciaContratada>00000000017000</PotenciaContratada>
            <PotenciaMaxDemandada>00000000002000</PotenciaMaxDemandada>
            <PotenciaAFacturar>00000000014450</PotenciaAFacturar>
            <PrecioPotencia>00000.111585986</PrecioPotencia>
          </Periodo>
          <Periodo>
            <PotenciaContratada>00000000030000</PotenciaContratada>
            <PotenciaMaxDemandada>00000000009000</PotenciaMaxDemandada>
            <PotenciaAFacturar>00000000025500</PotenciaAFacturar>
            <PrecioPotencia>00000.066951589</PrecioPotencia>
          </Periodo>
          <Periodo>
            <PotenciaContratada>00000000040000</PotenciaContratada>
            <PotenciaMaxDemandada>00000000045000</PotenciaMaxDemandada>
            <PotenciaAFacturar>00000000051000</PotenciaAFacturar>
            <PrecioPotencia>00000.044634397</PrecioPotencia>
          </Periodo>
          <Periodo>
            <PotenciaContratada>00000000000000</PotenciaContratada>
            <PotenciaMaxDemandada>00000000000000</PotenciaMaxDemandada>
            <PotenciaAFacturar>00000000000000</PotenciaAFacturar>
            <PrecioPotencia>00000.000000000</PrecioPotencia>
          </Periodo>
          <Periodo>
            <PotenciaContratada>00000000000000</PotenciaContratada>
            <PotenciaMaxDemandada>00000000000000</PotenciaMaxDemandada>
            <PotenciaAFacturar>00000000000000</PotenciaAFacturar>
            <PrecioPotencia>00000.000000000</PrecioPotencia>
          </Periodo>
          <Periodo>
            <PotenciaContratada>00000000000000</PotenciaContratada>
            <PotenciaMaxDemandada>00000000000000</PotenciaMaxDemandada>
            <PotenciaAFacturar>00000000000000</PotenciaAFacturar>
            <PrecioPotencia>00000.000000000</PrecioPotencia>
          </Periodo>
        </TerminoPotencia>
        <PenalizacionNoICP>N</PenalizacionNoICP>
        <ImporteTotalTerminoPotencia>+0000000179.07</ImporteTotalTerminoPotencia>
      </Potencia>
      <EnergiaActiva>
        <TerminoEnergiaActiva>
          <FechaDesde>2018-01-11</FechaDesde>
          <FechaHasta>2018-02-12</FechaHasta>
          <Periodo>
            <ValorEnergiaActiva>+00000000086.00</ValorEnergiaActiva>
            <PrecioEnergia>00000.018762000</PrecioEnergia>
          </Periodo>
          <Periodo>
            <ValorEnergiaActiva>+00000000613.00</ValorEnergiaActiva>
            <PrecioEnergia>00000.012575000</PrecioEnergia>
          </Periodo>
          <Periodo>
            <ValorEnergiaActiva>+00000001704.00</ValorEnergiaActiva>
            <PrecioEnergia>00000.004670000</PrecioEnergia>
          </Periodo>
          <Periodo>
            <ValorEnergiaActiva>+00000000000.00</ValorEnergiaActiva>
            <PrecioEnergia>00000.000000000</PrecioEnergia>
          </Periodo>
          <Periodo>
            <ValorEnergiaActiva>+00000000000.00</ValorEnergiaActiva>
            <PrecioEnergia>00000.000000000</PrecioEnergia>
          </Periodo>
          <Periodo>
            <ValorEnergiaActiva>+00000000000.00</ValorEnergiaActiva>
            <PrecioEnergia>00000.000000000</PrecioEnergia>
          </Periodo>
        </TerminoEnergiaActiva>
        <ImporteTotalEnergiaActiva>+0000000017.28</ImporteTotalEnergiaActiva>
      </EnergiaActiva>
      <ImpuestoElectrico>
        <BaseImponible>+0000000000.00</BaseImponible>
        <Porcentaje>00000.00000000</Porcentaje>
        <Importe>+0000000000.00</Importe>
      </ImpuestoElectrico>
      <IVA>
        <BaseImponible>+0000000196.35</BaseImponible>
        <Porcentaje>0021.00</Porcentaje>
        <Importe>+0000000041.23</Importe>
      </IVA>
      <Medidas>
        <CodPM>ES0031300312673002MV2P</CodPM>
        <ModeloAparato>
          <TipoAparato>CA</TipoAparato>
          <MarcaAparato>199</MarcaAparato>
          <NumeroSerie>053032526</NumeroSerie>
          <TipoDHEdM>6</TipoDHEdM>
          <Integrador>
            <Magnitud>AE</Magnitud>
            <CodigoPeriodo>62</CodigoPeriodo>
            <ConstanteMultiplicadora>000001.000</ConstanteMultiplicadora>
            <NumeroRuedasEnteras>09</NumeroRuedasEnteras>
            <NumeroRuedasDecimales>00</NumeroRuedasDecimales>
            <ConsumoCalculado>+0000000418.00</ConsumoCalculado>
            <LecturaDesde>
              <Fecha>2018-01-11</Fecha>
              <Procedencia>20</Procedencia>
              <Lectura>0000052411.00</Lectura>
            </LecturaDesde>
            <LecturaHasta>
              <Fecha>2018-02-12</Fecha>
              <Procedencia>20</Procedencia>
              <Lectura>0000052829.00</Lectura>
            </LecturaHasta>
            <FechaHoraMaximetro>2018-02-12T10:59:00</FechaHoraMaximetro>
          </Integrador>
          <Integrador>
            <Magnitud>AE</Magnitud>
            <CodigoPeriodo>63</CodigoPeriodo>
            <ConstanteMultiplicadora>000001.000</ConstanteMultiplicadora>
            <NumeroRuedasEnteras>09</NumeroRuedasEnteras>
            <NumeroRuedasDecimales>00</NumeroRuedasDecimales>
            <ConsumoCalculado>+0000001012.00</ConsumoCalculado>
            <LecturaDesde>
              <Fecha>2018-01-11</Fecha>
              <Procedencia>20</Procedencia>
              <Lectura>0000186488.00</Lectura>
            </LecturaDesde>
            <LecturaHasta>
              <Fecha>2018-02-12</Fecha>
              <Procedencia>20</Procedencia>
              <Lectura>0000187500.00</Lectura>
            </LecturaHasta>
            <FechaHoraMaximetro>2018-02-12T10:59:00</FechaHoraMaximetro>
          </Integrador>
          <Integrador>
            <Magnitud>AE</Magnitud>
            <CodigoPeriodo>61</CodigoPeriodo>
            <ConstanteMultiplicadora>000001.000</ConstanteMultiplicadora>
            <NumeroRuedasEnteras>09</NumeroRuedasEnteras>
            <NumeroRuedasDecimales>00</NumeroRuedasDecimales>
            <ConsumoCalculado>+0000000054.00</ConsumoCalculado>
            <LecturaDesde>
              <Fecha>2018-01-11</Fecha>
              <Procedencia>20</Procedencia>
              <Lectura>0000012076.00</Lectura>
            </LecturaDesde>
            <LecturaHasta>
              <Fecha>2018-02-12</Fecha>
              <Procedencia>20</Procedencia>
              <Lectura>0000012130.00</Lectura>
            </LecturaHasta>
            <FechaHoraMaximetro>2018-02-12T10:59:00</FechaHoraMaximetro>
          </Integrador>
          <Integrador>
            <Magnitud>R1</Magnitud>
            <CodigoPeriodo>62</CodigoPeriodo>
            <ConstanteMultiplicadora>000001.000</ConstanteMultiplicadora>
            <NumeroRuedasEnteras>09</NumeroRuedasEnteras>
            <NumeroRuedasDecimales>00</NumeroRuedasDecimales>
            <ConsumoCalculado>+0000000064.00</ConsumoCalculado>
            <LecturaDesde>
              <Fecha>2018-01-11</Fecha>
              <Procedencia>20</Procedencia>
              <Lectura>0000006401.00</Lectura>
            </LecturaDesde>
            <LecturaHasta>
              <Fecha>2018-02-12</Fecha>
              <Procedencia>20</Procedencia>
              <Lectura>0000006465.00</Lectura>
            </LecturaHasta>
            <FechaHoraMaximetro>2018-02-12T10:59:00</FechaHoraMaximetro>
          </Integrador>
          <Integrador>
            <Magnitud>R1</Magnitud>
            <CodigoPeriodo>63</CodigoPeriodo>
            <ConstanteMultiplicadora>000001.000</ConstanteMultiplicadora>
            <NumeroRuedasEnteras>09</NumeroRuedasEnteras>
            <NumeroRuedasDecimales>00</NumeroRuedasDecimales>
            <ConsumoCalculado>+0000000080.00</ConsumoCalculado>
            <LecturaDesde>
              <Fecha>2018-01-11</Fecha>
              <Procedencia>20</Procedencia>
              <Lectura>0000019385.00</Lectura>
            </LecturaDesde>
            <LecturaHasta>
              <Fecha>2018-02-12</Fecha>
              <Procedencia>20</Procedencia>
              <Lectura>0000019465.00</Lectura>
            </LecturaHasta>
            <FechaHoraMaximetro>2018-02-12T10:59:00</FechaHoraMaximetro>
          </Integrador>
          <Integrador>
            <Magnitud>R1</Magnitud>
            <CodigoPeriodo>61</CodigoPeriodo>
            <ConstanteMultiplicadora>000001.000</ConstanteMultiplicadora>
            <NumeroRuedasEnteras>09</NumeroRuedasEnteras>
            <NumeroRuedasDecimales>00</NumeroRuedasDecimales>
            <ConsumoCalculado>+0000000009.00</ConsumoCalculado>
            <LecturaDesde>
              <Fecha>2018-01-11</Fecha>
              <Procedencia>20</Procedencia>
              <Lectura>0000002619.00</Lectura>
            </LecturaDesde>
            <LecturaHasta>
              <Fecha>2018-02-12</Fecha>
              <Procedencia>20</Procedencia>
              <Lectura>0000002628.00</Lectura>
            </LecturaHasta>
            <FechaHoraMaximetro>2018-02-12T10:59:00</FechaHoraMaximetro>
          </Integrador>
          <Integrador>
            <Magnitud>PM</Magnitud>
            <CodigoPeriodo>62</CodigoPeriodo>
            <ConstanteMultiplicadora>000001.000</ConstanteMultiplicadora>
            <NumeroRuedasEnteras>09</NumeroRuedasEnteras>
            <NumeroRuedasDecimales>00</NumeroRuedasDecimales>
            <ConsumoCalculado>+0000009000.00</ConsumoCalculado>
            <LecturaDesde>
              <Fecha>2018-01-11</Fecha>
              <Procedencia>20</Procedencia>
              <Lectura>0000000000.00</Lectura>
            </LecturaDesde>
            <LecturaHasta>
              <Fecha>2018-02-12</Fecha>
              <Procedencia>20</Procedencia>
              <Lectura>0000009000.00</Lectura>
            </LecturaHasta>
            <FechaHoraMaximetro>2018-02-12T10:59:00</FechaHoraMaximetro>
          </Integrador>
          <Integrador>
            <Magnitud>PM</Magnitud>
            <CodigoPeriodo>63</CodigoPeriodo>
            <ConstanteMultiplicadora>000001.000</ConstanteMultiplicadora>
            <NumeroRuedasEnteras>09</NumeroRuedasEnteras>
            <NumeroRuedasDecimales>00</NumeroRuedasDecimales>
            <ConsumoCalculado>+0000019000.00</ConsumoCalculado>
            <LecturaDesde>
              <Fecha>2018-01-11</Fecha>
              <Procedencia>20</Procedencia>
              <Lectura>0000000000.00</Lectura>
            </LecturaDesde>
            <LecturaHasta>
              <Fecha>2018-02-12</Fecha>
              <Procedencia>20</Procedencia>
              <Lectura>0000019000.00</Lectura>
            </LecturaHasta>
            <FechaHoraMaximetro>2018-02-12T10:59:00</FechaHoraMaximetro>
          </Integrador>
          <Integrador>
            <Magnitud>PM</Magnitud>
            <CodigoPeriodo>61</CodigoPeriodo>
            <ConstanteMultiplicadora>000001.000</ConstanteMultiplicadora>
            <NumeroRuedasEnteras>09</NumeroRuedasEnteras>
            <NumeroRuedasDecimales>00</NumeroRuedasDecimales>
            <ConsumoCalculado>+0000002000.00</ConsumoCalculado>
            <LecturaDesde>
              <Fecha>2018-01-11</Fecha>
              <Procedencia>20</Procedencia>
              <Lectura>0000000000.00</Lectura>
            </LecturaDesde>
            <LecturaHasta>
              <Fecha>2018-02-12</Fecha>
              <Procedencia>20</Procedencia>
              <Lectura>0000002000.00</Lectura>
            </LecturaHasta>
            <FechaHoraMaximetro>2018-02-12T10:59:00</FechaHoraMaximetro>
          </Integrador>
          <Integrador>
            <Magnitud>AE</Magnitud>
            <CodigoPeriodo>64</CodigoPeriodo>
            <ConstanteMultiplicadora>000001.000</ConstanteMultiplicadora>
            <NumeroRuedasEnteras>09</NumeroRuedasEnteras>
            <NumeroRuedasDecimales>00</NumeroRuedasDecimales>
            <ConsumoCalculado>+0000000032.00</ConsumoCalculado>
            <LecturaDesde>
              <Fecha>2018-01-11</Fecha>
              <Procedencia>20</Procedencia>
              <Lectura>0000006673.00</Lectura>
            </LecturaDesde>
            <LecturaHasta>
              <Fecha>2018-02-12</Fecha>
              <Procedencia>20</Procedencia>
              <Lectura>0000006705.00</Lectura>
            </LecturaHasta>
            <FechaHoraMaximetro>2018-02-12T10:59:00</FechaHoraMaximetro>
          </Integrador>
          <Integrador>
            <Magnitud>AE</Magnitud>
            <CodigoPeriodo>65</CodigoPeriodo>
            <ConstanteMultiplicadora>000001.000</ConstanteMultiplicadora>
            <NumeroRuedasEnteras>09</NumeroRuedasEnteras>
            <NumeroRuedasDecimales>00</NumeroRuedasDecimales>
            <ConsumoCalculado>+0000000195.00</ConsumoCalculado>
            <LecturaDesde>
              <Fecha>2018-01-11</Fecha>
              <Procedencia>20</Procedencia>
              <Lectura>0000022071.00</Lectura>
            </LecturaDesde>
            <LecturaHasta>
              <Fecha>2018-02-12</Fecha>
              <Procedencia>20</Procedencia>
              <Lectura>0000022266.00</Lectura>
            </LecturaHasta>
            <FechaHoraMaximetro>2018-02-12T10:59:00</FechaHoraMaximetro>
          </Integrador>
          <Integrador>
            <Magnitud>AE</Magnitud>
            <CodigoPeriodo>66</CodigoPeriodo>
            <ConstanteMultiplicadora>000001.000</ConstanteMultiplicadora>
            <NumeroRuedasEnteras>09</NumeroRuedasEnteras>
            <NumeroRuedasDecimales>00</NumeroRuedasDecimales>
            <ConsumoCalculado>+0000000692.00</ConsumoCalculado>
            <LecturaDesde>
              <Fecha>2018-01-11</Fecha>
              <Procedencia>20</Procedencia>
              <Lectura>0000097282.00</Lectura>
            </LecturaDesde>
            <LecturaHasta>
              <Fecha>2018-02-12</Fecha>
              <Procedencia>20</Procedencia>
              <Lectura>0000097974.00</Lectura>
            </LecturaHasta>
            <FechaHoraMaximetro>2018-02-12T10:59:00</FechaHoraMaximetro>
          </Integrador>
          <Integrador>
            <Magnitud>R1</Magnitud>
            <CodigoPeriodo>64</CodigoPeriodo>
            <ConstanteMultiplicadora>000001.000</ConstanteMultiplicadora>
            <NumeroRuedasEnteras>09</NumeroRuedasEnteras>
            <NumeroRuedasDecimales>00</NumeroRuedasDecimales>
            <ConsumoCalculado>+0000000006.00</ConsumoCalculado>
            <LecturaDesde>
              <Fecha>2018-01-11</Fecha>
              <Procedencia>20</Procedencia>
              <Lectura>0000001370.00</Lectura>
            </LecturaDesde>
            <LecturaHasta>
              <Fecha>2018-02-12</Fecha>
              <Procedencia>20</Procedencia>
              <Lectura>0000001376.00</Lectura>
            </LecturaHasta>
            <FechaHoraMaximetro>2018-02-12T10:59:00</FechaHoraMaximetro>
          </Integrador>
          <Integrador>
            <Magnitud>R1</Magnitud>
            <CodigoPeriodo>65</CodigoPeriodo>
            <ConstanteMultiplicadora>000001.000</ConstanteMultiplicadora>
            <NumeroRuedasEnteras>09</NumeroRuedasEnteras>
            <NumeroRuedasDecimales>00</NumeroRuedasDecimales>
            <ConsumoCalculado>+0000000035.00</ConsumoCalculado>
            <LecturaDesde>
              <Fecha>2018-01-11</Fecha>
              <Procedencia>20</Procedencia>
              <Lectura>0000002998.00</Lectura>
            </LecturaDesde>
            <LecturaHasta>
              <Fecha>2018-02-12</Fecha>
              <Procedencia>20</Procedencia>
              <Lectura>0000003033.00</Lectura>
            </LecturaHasta>
            <FechaHoraMaximetro>2018-02-12T10:59:00</FechaHoraMaximetro>
          </Integrador>
          <Integrador>
            <Magnitud>R1</Magnitud>
            <CodigoPeriodo>66</CodigoPeriodo>
            <ConstanteMultiplicadora>000001.000</ConstanteMultiplicadora>
            <NumeroRuedasEnteras>09</NumeroRuedasEnteras>
            <NumeroRuedasDecimales>00</NumeroRuedasDecimales>
            <ConsumoCalculado>+0000000054.00</ConsumoCalculado>
            <LecturaDesde>
              <Fecha>2018-01-11</Fecha>
              <Procedencia>20</Procedencia>
              <Lectura>0000010572.00</Lectura>
            </LecturaDesde>
            <LecturaHasta>
              <Fecha>2018-02-12</Fecha>
              <Procedencia>20</Procedencia>
              <Lectura>0000010626.00</Lectura>
            </LecturaHasta>
            <FechaHoraMaximetro>2018-02-12T10:59:00</FechaHoraMaximetro>
          </Integrador>
          <Integrador>
            <Magnitud>PM</Magnitud>
            <CodigoPeriodo>64</CodigoPeriodo>
            <ConstanteMultiplicadora>000001.000</ConstanteMultiplicadora>
            <NumeroRuedasEnteras>09</NumeroRuedasEnteras>
            <NumeroRuedasDecimales>00</NumeroRuedasDecimales>
            <ConsumoCalculado>+0000002000.00</ConsumoCalculado>
            <LecturaDesde>
              <Fecha>2018-01-11</Fecha>
              <Procedencia>20</Procedencia>
              <Lectura>0000000000.00</Lectura>
            </LecturaDesde>
            <LecturaHasta>
              <Fecha>2018-02-12</Fecha>
              <Procedencia>20</Procedencia>
              <Lectura>0000002000.00</Lectura>
            </LecturaHasta>
            <FechaHoraMaximetro>2018-02-12T10:59:00</FechaHoraMaximetro>
          </Integrador>
          <Integrador>
            <Magnitud>PM</Magnitud>
            <CodigoPeriodo>65</CodigoPeriodo>
            <ConstanteMultiplicadora>000001.000</ConstanteMultiplicadora>
            <NumeroRuedasEnteras>09</NumeroRuedasEnteras>
            <NumeroRuedasDecimales>00</NumeroRuedasDecimales>
            <ConsumoCalculado>+0000009000.00</ConsumoCalculado>
            <LecturaDesde>
              <Fecha>2018-01-11</Fecha>
              <Procedencia>20</Procedencia>
              <Lectura>0000000000.00</Lectura>
            </LecturaDesde>
            <LecturaHasta>
              <Fecha>2018-02-12</Fecha>
              <Procedencia>20</Procedencia>
              <Lectura>0000009000.00</Lectura>
            </LecturaHasta>
            <FechaHoraMaximetro>2018-02-12T10:59:00</FechaHoraMaximetro>
          </Integrador>
          <Integrador>
            <Magnitud>PM</Magnitud>
            <CodigoPeriodo>66</CodigoPeriodo>
            <ConstanteMultiplicadora>000001.000</ConstanteMultiplicadora>
            <NumeroRuedasEnteras>09</NumeroRuedasEnteras>
            <NumeroRuedasDecimales>00</NumeroRuedasDecimales>
            <ConsumoCalculado>+0000045000.00</ConsumoCalculado>
            <LecturaDesde>
              <Fecha>2018-01-11</Fecha>
              <Procedencia>20</Procedencia>
              <Lectura>0000000000.00</Lectura>
            </LecturaDesde>
            <LecturaHasta>
              <Fecha>2018-02-12</Fecha>
              <Procedencia>20</Procedencia>
              <Lectura>0000045000.00</Lectura>
            </LecturaHasta>
            <FechaHoraMaximetro>2018-02-12T10:59:00</FechaHoraMaximetro>
          </Integrador>
          <Integrador>
            <Magnitud>AE</Magnitud>
            <CodigoPeriodo>60</CodigoPeriodo>
            <ConstanteMultiplicadora>000001.000</ConstanteMultiplicadora>
            <NumeroRuedasEnteras>09</NumeroRuedasEnteras>
            <NumeroRuedasDecimales>00</NumeroRuedasDecimales>
            <ConsumoCalculado>+0000002403.00</ConsumoCalculado>
            <LecturaDesde>
              <Fecha>2018-01-11</Fecha>
              <Procedencia>20</Procedencia>
              <Lectura>0000377001.00</Lectura>
            </LecturaDesde>
            <LecturaHasta>
              <Fecha>2018-02-12</Fecha>
              <Procedencia>20</Procedencia>
              <Lectura>0000379404.00</Lectura>
            </LecturaHasta>
            <FechaHoraMaximetro>2018-02-12T10:59:00</FechaHoraMaximetro>
          </Integrador>
          <Integrador>
            <Magnitud>R1</Magnitud>
            <CodigoPeriodo>60</CodigoPeriodo>
            <ConstanteMultiplicadora>000001.000</ConstanteMultiplicadora>
            <NumeroRuedasEnteras>09</NumeroRuedasEnteras>
            <NumeroRuedasDecimales>00</NumeroRuedasDecimales>
            <ConsumoCalculado>+0000000248.00</ConsumoCalculado>
            <LecturaDesde>
              <Fecha>2018-01-11</Fecha>
              <Procedencia>20</Procedencia>
              <Lectura>0000043345.00</Lectura>
            </LecturaDesde>
            <LecturaHasta>
              <Fecha>2018-02-12</Fecha>
              <Procedencia>20</Procedencia>
              <Lectura>0000043593.00</Lectura>
            </LecturaHasta>
            <FechaHoraMaximetro>2018-02-12T10:59:00</FechaHoraMaximetro>
          </Integrador>
        </ModeloAparato>
      </Medidas>
    </FacturaATR>
    <RegistroFin>
      <ImporteTotal>+0000000000444.90</ImporteTotal>
      <SaldoTotalFacturacion>+0000000000000.00</SaldoTotalFacturacion>
      <TotalRecibos>00002</TotalRecibos>
      <TipoMoneda>02</TipoMoneda>
      <FechaValor>2018-02-13</FechaValor>
      <FechaLimitePago>2018-03-05</FechaLimitePago>
      <IdRemesa>00000000000000000001506606</IdRemesa>
    </RegistroFin>
  </Facturas>
  <OtrosDatosFactura>
    <SociedadMercantilEmisora>ENDESA DISTRIBUCION ELECTRICA, S.L.U.</SociedadMercantilEmisora>
    <SociedadMercantilDestino>SUNAIR ONE ENERGY, S.L.</SociedadMercantilDestino>
    <DireccionEmisora>AV VILANOVA</DireccionEmisora>
    <DireccionDestino>P.I.AGRO REUS C/ IGNASI I</DireccionDestino>
  </OtrosDatosFactura>
</MensajeFacturacion>