<?xml version="1.0" encoding="UTF-8"?><MensajeFacturacion xmlns="http://localhost/elegibilidad">
  <Cabecera>
    <CodigoREEEmpresaEmisora>0363</CodigoREEEmpresaEmisora>
    <CodigoREEEmpresaDestino>0815</CodigoREEEmpresaDestino>
    <CodigoDelProceso>F1</CodigoDelProceso>
    <CodigoDePaso>01</CodigoDePaso>
    <CodigoDeSolicitud>000002618601</CodigoDeSolicitud>
    <SecuencialDeSolicitud>00</SecuencialDeSolicitud>
    <FechaSolicitud>2018-02-13T01:32:52</FechaSolicitud>
    <CUPS>ES0031607024798012VH0F</CUPS>
  </Cabecera>
  <Facturas>
    <FacturaATR>
      <DatosGeneralesFacturaATR>
        <DireccionSuministro>
          <Pais>ESPAÑA</Pais>
          <Provincia>35</Provincia>
          <Municipio>000016</Municipio>
          <Poblacion>000000044</Poblacion>
          <TipoVia>CL</TipoVia>
          <CodPostal>35007</CodPostal>
          <Calle>GENERAL VIVES</Calle>
          <NumeroFinca>00033</NumeroFinca>
        </DireccionSuministro>
        <Cliente>
          <TipoIdentificador>NI</TipoIdentificador>
          <Identificador>B55567986</Identificador>
        </Cliente>
        <CodContrato>500000579166</CodContrato>
        <DatosGeneralesFactura>
          <CodigoFiscalFactura>U1801N01737091</CodigoFiscalFactura>
          <TipoFactura>N</TipoFactura>
          <MotivoFacturacion>01</MotivoFacturacion>
          <Expediente>
            <NumeroExpediente>0000000000000000</NumeroExpediente>
            <CodigoSolicitud>000000000000</CodigoSolicitud>
          </Expediente>
          <FechaFactura>2018-02-13</FechaFactura>
          <IdentificadorEmisora>B82846817</IdentificadorEmisora>
          <Comentarios>2618601                                                                                             </Comentarios>
          <ImporteTotalFactura>+0000000152.17</ImporteTotalFactura>
          <TipoMoneda>02</TipoMoneda>
        </DatosGeneralesFactura>
        <DatosFacturaATR>
          <FechaBOE>2017-12-27</FechaBOE>
          <TarifaATRFact>003</TarifaATRFact>
          <ModoControlPotencia>2</ModoControlPotencia>
          <MarcaMedidaConPerdidas>N</MarcaMedidaConPerdidas>
          <IndicativoCurvaCarga>02</IndicativoCurvaCarga>
          <Periodo>
            <FechaDesdeFactura>2018-01-12</FechaDesdeFactura>
            <FechaHastaFactura>2018-02-12</FechaHastaFactura>
            <NumeroDias>031</NumeroDias>
          </Periodo>
        </DatosFacturaATR>
      </DatosGeneralesFacturaATR>
      <Potencia>
        <TerminoPotencia>
          <FechaDesde>2018-01-12</FechaDesde>
          <FechaHasta>2018-02-12</FechaHasta>
          <Periodo>
            <PotenciaContratada>00000000015100</PotenciaContratada>
            <PotenciaMaxDemandada>00000000007000</PotenciaMaxDemandada>
            <PotenciaAFacturar>00000000012835</PotenciaAFacturar>
            <PrecioPotencia>00000.111585986</PrecioPotencia>
          </Periodo>
          <Periodo>
            <PotenciaContratada>00000000015100</PotenciaContratada>
            <PotenciaMaxDemandada>00000000011000</PotenciaMaxDemandada>
            <PotenciaAFacturar>00000000012835</PotenciaAFacturar>
            <PrecioPotencia>00000.066951589</PrecioPotencia>
          </Periodo>
          <Periodo>
            <PotenciaContratada>00000000020780</PotenciaContratada>
            <PotenciaMaxDemandada>00000000012000</PotenciaMaxDemandada>
            <PotenciaAFacturar>00000000017663</PotenciaAFacturar>
            <PrecioPotencia>00000.044634397</PrecioPotencia>
          </Periodo>
          <Periodo>
            <PotenciaContratada>00000000000000</PotenciaContratada>
            <PotenciaMaxDemandada>00000000000000</PotenciaMaxDemandada>
            <PotenciaAFacturar>00000000000000</PotenciaAFacturar>
            <PrecioPotencia>00000.000000000</PrecioPotencia>
          </Periodo>
          <Periodo>
            <PotenciaContratada>00000000000000</PotenciaContratada>
            <PotenciaMaxDemandada>00000000000000</PotenciaMaxDemandada>
            <PotenciaAFacturar>00000000000000</PotenciaAFacturar>
            <PrecioPotencia>00000.000000000</PrecioPotencia>
          </Periodo>
          <Periodo>
            <PotenciaContratada>00000000000000</PotenciaContratada>
            <PotenciaMaxDemandada>00000000000000</PotenciaMaxDemandada>
            <PotenciaAFacturar>00000000000000</PotenciaAFacturar>
            <PrecioPotencia>00000.000000000</PrecioPotencia>
          </Periodo>
        </TerminoPotencia>
        <PenalizacionNoICP>N</PenalizacionNoICP>
        <ImporteTotalTerminoPotencia>+0000000095.48</ImporteTotalTerminoPotencia>
      </Potencia>
      <EnergiaActiva>
        <TerminoEnergiaActiva>
          <FechaDesde>2018-01-12</FechaDesde>
          <FechaHasta>2018-02-12</FechaHasta>
          <Periodo>
            <ValorEnergiaActiva>+00000000332.00</ValorEnergiaActiva>
            <PrecioEnergia>00000.018762000</PrecioEnergia>
          </Periodo>
          <Periodo>
            <ValorEnergiaActiva>+00000001372.00</ValorEnergiaActiva>
            <PrecioEnergia>00000.012575000</PrecioEnergia>
          </Periodo>
          <Periodo>
            <ValorEnergiaActiva>+00000000422.00</ValorEnergiaActiva>
            <PrecioEnergia>00000.004670000</PrecioEnergia>
          </Periodo>
          <Periodo>
            <ValorEnergiaActiva>+00000000000.00</ValorEnergiaActiva>
            <PrecioEnergia>00000.000000000</PrecioEnergia>
          </Periodo>
          <Periodo>
            <ValorEnergiaActiva>+00000000000.00</ValorEnergiaActiva>
            <PrecioEnergia>00000.000000000</PrecioEnergia>
          </Periodo>
          <Periodo>
            <ValorEnergiaActiva>+00000000000.00</ValorEnergiaActiva>
            <PrecioEnergia>00000.000000000</PrecioEnergia>
          </Periodo>
        </TerminoEnergiaActiva>
        <ImporteTotalEnergiaActiva>+0000000025.45</ImporteTotalEnergiaActiva>
      </EnergiaActiva>
      <EnergiaReactiva>
        <TerminoEnergiaReactiva>
          <FechaDesde>2018-01-12</FechaDesde>
          <FechaHasta>2018-02-12</FechaHasta>
          <Periodo>
            <ValorEnergiaReactiva>+00000000081.00</ValorEnergiaReactiva>
            <PrecioEnergiaReactiva>00000.041554000</PrecioEnergiaReactiva>
          </Periodo>
          <Periodo>
            <ValorEnergiaReactiva>+00000000289.00</ValorEnergiaReactiva>
            <PrecioEnergiaReactiva>00000.041554000</PrecioEnergiaReactiva>
          </Periodo>
          <Periodo>
            <ValorEnergiaReactiva>+00000000000.00</ValorEnergiaReactiva>
            <PrecioEnergiaReactiva>00000000000000</PrecioEnergiaReactiva>
          </Periodo>
          <Periodo>
            <ValorEnergiaReactiva>+00000000000.00</ValorEnergiaReactiva>
            <PrecioEnergiaReactiva>00000000000000</PrecioEnergiaReactiva>
          </Periodo>
          <Periodo>
            <ValorEnergiaReactiva>+00000000000.00</ValorEnergiaReactiva>
            <PrecioEnergiaReactiva>00000000000000</PrecioEnergiaReactiva>
          </Periodo>
          <Periodo>
            <ValorEnergiaReactiva>+00000000000.00</ValorEnergiaReactiva>
            <PrecioEnergiaReactiva>00000000000000</PrecioEnergiaReactiva>
          </Periodo>
        </TerminoEnergiaReactiva>
        <ImporteTotalEnergiaReactiva>+0000000015.37</ImporteTotalEnergiaReactiva>
      </EnergiaReactiva>
      <ImpuestoElectrico>
        <BaseImponible>+0000000000.00</BaseImponible>
        <Porcentaje>00000.00000000</Porcentaje>
        <Importe>+0000000000.00</Importe>
      </ImpuestoElectrico>
      <Alquileres>
        <PrecioDiarioAlquiler>
          <PrecioDia>00000.355068000</PrecioDia>
          <NumeroDias>031</NumeroDias>
        </PrecioDiarioAlquiler>
        <ImporteFacturacionAlquileres>+0000000011.01</ImporteFacturacionAlquileres>
      </Alquileres>
      <IVA>
        <BaseImponible>+0000000011.01</BaseImponible>
        <Porcentaje>0007.00</Porcentaje>
        <Importe>+0000000000.77</Importe>
      </IVA>
      <IVAReducido>
        <BaseImponible>+0000000136.30</BaseImponible>
        <Porcentaje>0003.00</Porcentaje>
        <Importe>+0000000004.09</Importe>
      </IVAReducido>
      <Medidas>
        <CodPM>ES0031607024798012VH2P</CodPM>
        <ModeloAparato>
          <TipoAparato>CA</TipoAparato>
          <MarcaAparato>003</MarcaAparato>
          <NumeroSerie>28502756</NumeroSerie>
          <TipoDHEdM>6</TipoDHEdM>
          <Integrador>
            <Magnitud>AE</Magnitud>
            <CodigoPeriodo>62</CodigoPeriodo>
            <ConstanteMultiplicadora>000001.000</ConstanteMultiplicadora>
            <NumeroRuedasEnteras>08</NumeroRuedasEnteras>
            <NumeroRuedasDecimales>00</NumeroRuedasDecimales>
            <ConsumoCalculado>+0000001116.00</ConsumoCalculado>
            <LecturaDesde>
              <Fecha>2018-01-12</Fecha>
              <Procedencia>20</Procedencia>
              <Lectura>0000072774.00</Lectura>
            </LecturaDesde>
            <LecturaHasta>
              <Fecha>2018-02-12</Fecha>
              <Procedencia>20</Procedencia>
              <Lectura>0000073890.00</Lectura>
            </LecturaHasta>
            <FechaHoraMaximetro>2018-02-12T08:46:00</FechaHoraMaximetro>
          </Integrador>
          <Integrador>
            <Magnitud>AE</Magnitud>
            <CodigoPeriodo>63</CodigoPeriodo>
            <ConstanteMultiplicadora>000001.000</ConstanteMultiplicadora>
            <NumeroRuedasEnteras>08</NumeroRuedasEnteras>
            <NumeroRuedasDecimales>00</NumeroRuedasDecimales>
            <ConsumoCalculado>+0000000343.00</ConsumoCalculado>
            <LecturaDesde>
              <Fecha>2018-01-12</Fecha>
              <Procedencia>20</Procedencia>
              <Lectura>0000025062.00</Lectura>
            </LecturaDesde>
            <LecturaHasta>
              <Fecha>2018-02-12</Fecha>
              <Procedencia>20</Procedencia>
              <Lectura>0000025405.00</Lectura>
            </LecturaHasta>
            <FechaHoraMaximetro>2018-02-12T08:46:00</FechaHoraMaximetro>
          </Integrador>
          <Integrador>
            <Magnitud>AE</Magnitud>
            <CodigoPeriodo>61</CodigoPeriodo>
            <ConstanteMultiplicadora>000001.000</ConstanteMultiplicadora>
            <NumeroRuedasEnteras>08</NumeroRuedasEnteras>
            <NumeroRuedasDecimales>00</NumeroRuedasDecimales>
            <ConsumoCalculado>+0000000301.00</ConsumoCalculado>
            <LecturaDesde>
              <Fecha>2018-01-12</Fecha>
              <Procedencia>20</Procedencia>
              <Lectura>0000027242.00</Lectura>
            </LecturaDesde>
            <LecturaHasta>
              <Fecha>2018-02-12</Fecha>
              <Procedencia>20</Procedencia>
              <Lectura>0000027543.00</Lectura>
            </LecturaHasta>
            <FechaHoraMaximetro>2018-02-12T08:46:00</FechaHoraMaximetro>
          </Integrador>
          <Integrador>
            <Magnitud>R1</Magnitud>
            <CodigoPeriodo>62</CodigoPeriodo>
            <ConstanteMultiplicadora>000001.000</ConstanteMultiplicadora>
            <NumeroRuedasEnteras>08</NumeroRuedasEnteras>
            <NumeroRuedasDecimales>00</NumeroRuedasDecimales>
            <ConsumoCalculado>+0000000603.00</ConsumoCalculado>
            <LecturaDesde>
              <Fecha>2018-01-12</Fecha>
              <Procedencia>20</Procedencia>
              <Lectura>0000034213.00</Lectura>
            </LecturaDesde>
            <LecturaHasta>
              <Fecha>2018-02-12</Fecha>
              <Procedencia>20</Procedencia>
              <Lectura>0000034816.00</Lectura>
            </LecturaHasta>
            <FechaHoraMaximetro>2018-02-12T08:46:00</FechaHoraMaximetro>
          </Integrador>
          <Integrador>
            <Magnitud>R1</Magnitud>
            <CodigoPeriodo>63</CodigoPeriodo>
            <ConstanteMultiplicadora>000001.000</ConstanteMultiplicadora>
            <NumeroRuedasEnteras>08</NumeroRuedasEnteras>
            <NumeroRuedasDecimales>00</NumeroRuedasDecimales>
            <ConsumoCalculado>+0000000172.00</ConsumoCalculado>
            <LecturaDesde>
              <Fecha>2018-01-12</Fecha>
              <Procedencia>20</Procedencia>
              <Lectura>0000011107.00</Lectura>
            </LecturaDesde>
            <LecturaHasta>
              <Fecha>2018-02-12</Fecha>
              <Procedencia>20</Procedencia>
              <Lectura>0000011279.00</Lectura>
            </LecturaHasta>
            <FechaHoraMaximetro>2018-02-12T08:46:00</FechaHoraMaximetro>
          </Integrador>
          <Integrador>
            <Magnitud>R1</Magnitud>
            <CodigoPeriodo>61</CodigoPeriodo>
            <ConstanteMultiplicadora>000001.000</ConstanteMultiplicadora>
            <NumeroRuedasEnteras>08</NumeroRuedasEnteras>
            <NumeroRuedasDecimales>00</NumeroRuedasDecimales>
            <ConsumoCalculado>+0000000173.00</ConsumoCalculado>
            <LecturaDesde>
              <Fecha>2018-01-12</Fecha>
              <Procedencia>20</Procedencia>
              <Lectura>0000012315.00</Lectura>
            </LecturaDesde>
            <LecturaHasta>
              <Fecha>2018-02-12</Fecha>
              <Procedencia>20</Procedencia>
              <Lectura>0000012488.00</Lectura>
            </LecturaHasta>
            <FechaHoraMaximetro>2018-02-12T08:46:00</FechaHoraMaximetro>
          </Integrador>
          <Integrador>
            <Magnitud>PM</Magnitud>
            <CodigoPeriodo>62</CodigoPeriodo>
            <ConstanteMultiplicadora>000001.000</ConstanteMultiplicadora>
            <NumeroRuedasEnteras>08</NumeroRuedasEnteras>
            <NumeroRuedasDecimales>00</NumeroRuedasDecimales>
            <ConsumoCalculado>+0000008000.00</ConsumoCalculado>
            <LecturaDesde>
              <Fecha>2018-01-12</Fecha>
              <Procedencia>20</Procedencia>
              <Lectura>0000000000.00</Lectura>
            </LecturaDesde>
            <LecturaHasta>
              <Fecha>2018-02-12</Fecha>
              <Procedencia>20</Procedencia>
              <Lectura>0000008000.00</Lectura>
            </LecturaHasta>
            <FechaHoraMaximetro>2018-02-12T08:46:00</FechaHoraMaximetro>
          </Integrador>
          <Integrador>
            <Magnitud>PM</Magnitud>
            <CodigoPeriodo>63</CodigoPeriodo>
            <ConstanteMultiplicadora>000001.000</ConstanteMultiplicadora>
            <NumeroRuedasEnteras>08</NumeroRuedasEnteras>
            <NumeroRuedasDecimales>00</NumeroRuedasDecimales>
            <ConsumoCalculado>+0000012000.00</ConsumoCalculado>
            <LecturaDesde>
              <Fecha>2018-01-12</Fecha>
              <Procedencia>20</Procedencia>
              <Lectura>0000000000.00</Lectura>
            </LecturaDesde>
            <LecturaHasta>
              <Fecha>2018-02-12</Fecha>
              <Procedencia>20</Procedencia>
              <Lectura>0000012000.00</Lectura>
            </LecturaHasta>
            <FechaHoraMaximetro>2018-02-12T08:46:00</FechaHoraMaximetro>
          </Integrador>
          <Integrador>
            <Magnitud>PM</Magnitud>
            <CodigoPeriodo>61</CodigoPeriodo>
            <ConstanteMultiplicadora>000001.000</ConstanteMultiplicadora>
            <NumeroRuedasEnteras>08</NumeroRuedasEnteras>
            <NumeroRuedasDecimales>00</NumeroRuedasDecimales>
            <ConsumoCalculado>+0000007000.00</ConsumoCalculado>
            <LecturaDesde>
              <Fecha>2018-01-12</Fecha>
              <Procedencia>20</Procedencia>
              <Lectura>0000000000.00</Lectura>
            </LecturaDesde>
            <LecturaHasta>
              <Fecha>2018-02-12</Fecha>
              <Procedencia>20</Procedencia>
              <Lectura>0000007000.00</Lectura>
            </LecturaHasta>
            <FechaHoraMaximetro>2018-02-12T08:46:00</FechaHoraMaximetro>
          </Integrador>
          <Integrador>
            <Magnitud>AE</Magnitud>
            <CodigoPeriodo>64</CodigoPeriodo>
            <ConstanteMultiplicadora>000001.000</ConstanteMultiplicadora>
            <NumeroRuedasEnteras>08</NumeroRuedasEnteras>
            <NumeroRuedasDecimales>00</NumeroRuedasDecimales>
            <ConsumoCalculado>+0000000031.00</ConsumoCalculado>
            <LecturaDesde>
              <Fecha>2018-01-12</Fecha>
              <Procedencia>20</Procedencia>
              <Lectura>0000009254.00</Lectura>
            </LecturaDesde>
            <LecturaHasta>
              <Fecha>2018-02-12</Fecha>
              <Procedencia>20</Procedencia>
              <Lectura>0000009285.00</Lectura>
            </LecturaHasta>
            <FechaHoraMaximetro>2018-02-12T08:46:00</FechaHoraMaximetro>
          </Integrador>
          <Integrador>
            <Magnitud>AE</Magnitud>
            <CodigoPeriodo>65</CodigoPeriodo>
            <ConstanteMultiplicadora>000001.000</ConstanteMultiplicadora>
            <NumeroRuedasEnteras>08</NumeroRuedasEnteras>
            <NumeroRuedasDecimales>00</NumeroRuedasDecimales>
            <ConsumoCalculado>+0000000256.00</ConsumoCalculado>
            <LecturaDesde>
              <Fecha>2018-01-12</Fecha>
              <Procedencia>20</Procedencia>
              <Lectura>0000023852.00</Lectura>
            </LecturaDesde>
            <LecturaHasta>
              <Fecha>2018-02-12</Fecha>
              <Procedencia>20</Procedencia>
              <Lectura>0000024108.00</Lectura>
            </LecturaHasta>
            <FechaHoraMaximetro>2018-02-12T08:46:00</FechaHoraMaximetro>
          </Integrador>
          <Integrador>
            <Magnitud>AE</Magnitud>
            <CodigoPeriodo>66</CodigoPeriodo>
            <ConstanteMultiplicadora>000001.000</ConstanteMultiplicadora>
            <NumeroRuedasEnteras>08</NumeroRuedasEnteras>
            <NumeroRuedasDecimales>00</NumeroRuedasDecimales>
            <ConsumoCalculado>+0000000079.00</ConsumoCalculado>
            <LecturaDesde>
              <Fecha>2018-01-12</Fecha>
              <Procedencia>20</Procedencia>
              <Lectura>0000009711.00</Lectura>
            </LecturaDesde>
            <LecturaHasta>
              <Fecha>2018-02-12</Fecha>
              <Procedencia>20</Procedencia>
              <Lectura>0000009790.00</Lectura>
            </LecturaHasta>
            <FechaHoraMaximetro>2018-02-12T08:46:00</FechaHoraMaximetro>
          </Integrador>
          <Integrador>
            <Magnitud>R1</Magnitud>
            <CodigoPeriodo>64</CodigoPeriodo>
            <ConstanteMultiplicadora>000001.000</ConstanteMultiplicadora>
            <NumeroRuedasEnteras>08</NumeroRuedasEnteras>
            <NumeroRuedasDecimales>00</NumeroRuedasDecimales>
            <ConsumoCalculado>+0000000018.00</ConsumoCalculado>
            <LecturaDesde>
              <Fecha>2018-01-12</Fecha>
              <Procedencia>20</Procedencia>
              <Lectura>0000004378.00</Lectura>
            </LecturaDesde>
            <LecturaHasta>
              <Fecha>2018-02-12</Fecha>
              <Procedencia>20</Procedencia>
              <Lectura>0000004396.00</Lectura>
            </LecturaHasta>
            <FechaHoraMaximetro>2018-02-12T08:46:00</FechaHoraMaximetro>
          </Integrador>
          <Integrador>
            <Magnitud>R1</Magnitud>
            <CodigoPeriodo>65</CodigoPeriodo>
            <ConstanteMultiplicadora>000001.000</ConstanteMultiplicadora>
            <NumeroRuedasEnteras>08</NumeroRuedasEnteras>
            <NumeroRuedasDecimales>00</NumeroRuedasDecimales>
            <ConsumoCalculado>+0000000139.00</ConsumoCalculado>
            <LecturaDesde>
              <Fecha>2018-01-12</Fecha>
              <Procedencia>20</Procedencia>
              <Lectura>0000011501.00</Lectura>
            </LecturaDesde>
            <LecturaHasta>
              <Fecha>2018-02-12</Fecha>
              <Procedencia>20</Procedencia>
              <Lectura>0000011640.00</Lectura>
            </LecturaHasta>
            <FechaHoraMaximetro>2018-02-12T08:46:00</FechaHoraMaximetro>
          </Integrador>
          <Integrador>
            <Magnitud>R1</Magnitud>
            <CodigoPeriodo>66</CodigoPeriodo>
            <ConstanteMultiplicadora>000001.000</ConstanteMultiplicadora>
            <NumeroRuedasEnteras>08</NumeroRuedasEnteras>
            <NumeroRuedasDecimales>00</NumeroRuedasDecimales>
            <ConsumoCalculado>+0000000047.00</ConsumoCalculado>
            <LecturaDesde>
              <Fecha>2018-01-12</Fecha>
              <Procedencia>20</Procedencia>
              <Lectura>0000004568.00</Lectura>
            </LecturaDesde>
            <LecturaHasta>
              <Fecha>2018-02-12</Fecha>
              <Procedencia>20</Procedencia>
              <Lectura>0000004615.00</Lectura>
            </LecturaHasta>
            <FechaHoraMaximetro>2018-02-12T08:46:00</FechaHoraMaximetro>
          </Integrador>
          <Integrador>
            <Magnitud>PM</Magnitud>
            <CodigoPeriodo>64</CodigoPeriodo>
            <ConstanteMultiplicadora>000001.000</ConstanteMultiplicadora>
            <NumeroRuedasEnteras>08</NumeroRuedasEnteras>
            <NumeroRuedasDecimales>00</NumeroRuedasDecimales>
            <ConsumoCalculado>+0000001000.00</ConsumoCalculado>
            <LecturaDesde>
              <Fecha>2018-01-12</Fecha>
              <Procedencia>20</Procedencia>
              <Lectura>0000000000.00</Lectura>
            </LecturaDesde>
            <LecturaHasta>
              <Fecha>2018-02-12</Fecha>
              <Procedencia>20</Procedencia>
              <Lectura>0000001000.00</Lectura>
            </LecturaHasta>
            <FechaHoraMaximetro>2018-02-12T08:46:00</FechaHoraMaximetro>
          </Integrador>
          <Integrador>
            <Magnitud>PM</Magnitud>
            <CodigoPeriodo>65</CodigoPeriodo>
            <ConstanteMultiplicadora>000001.000</ConstanteMultiplicadora>
            <NumeroRuedasEnteras>08</NumeroRuedasEnteras>
            <NumeroRuedasDecimales>00</NumeroRuedasDecimales>
            <ConsumoCalculado>+0000011000.00</ConsumoCalculado>
            <LecturaDesde>
              <Fecha>2018-01-12</Fecha>
              <Procedencia>20</Procedencia>
              <Lectura>0000000000.00</Lectura>
            </LecturaDesde>
            <LecturaHasta>
              <Fecha>2018-02-12</Fecha>
              <Procedencia>20</Procedencia>
              <Lectura>0000011000.00</Lectura>
            </LecturaHasta>
            <FechaHoraMaximetro>2018-02-12T08:46:00</FechaHoraMaximetro>
          </Integrador>
          <Integrador>
            <Magnitud>PM</Magnitud>
            <CodigoPeriodo>66</CodigoPeriodo>
            <ConstanteMultiplicadora>000001.000</ConstanteMultiplicadora>
            <NumeroRuedasEnteras>08</NumeroRuedasEnteras>
            <NumeroRuedasDecimales>00</NumeroRuedasDecimales>
            <ConsumoCalculado>+0000009000.00</ConsumoCalculado>
            <LecturaDesde>
              <Fecha>2018-01-12</Fecha>
              <Procedencia>20</Procedencia>
              <Lectura>0000000000.00</Lectura>
            </LecturaDesde>
            <LecturaHasta>
              <Fecha>2018-02-12</Fecha>
              <Procedencia>20</Procedencia>
              <Lectura>0000009000.00</Lectura>
            </LecturaHasta>
            <FechaHoraMaximetro>2018-02-12T08:46:00</FechaHoraMaximetro>
          </Integrador>
          <Integrador>
            <Magnitud>AE</Magnitud>
            <CodigoPeriodo>60</CodigoPeriodo>
            <ConstanteMultiplicadora>000001.000</ConstanteMultiplicadora>
            <NumeroRuedasEnteras>08</NumeroRuedasEnteras>
            <NumeroRuedasDecimales>00</NumeroRuedasDecimales>
            <ConsumoCalculado>+0000002126.00</ConsumoCalculado>
            <LecturaDesde>
              <Fecha>2018-01-12</Fecha>
              <Procedencia>20</Procedencia>
              <Lectura>0000167895.00</Lectura>
            </LecturaDesde>
            <LecturaHasta>
              <Fecha>2018-02-12</Fecha>
              <Procedencia>20</Procedencia>
              <Lectura>0000170021.00</Lectura>
            </LecturaHasta>
            <FechaHoraMaximetro>2018-02-12T08:46:00</FechaHoraMaximetro>
          </Integrador>
          <Integrador>
            <Magnitud>R1</Magnitud>
            <CodigoPeriodo>60</CodigoPeriodo>
            <ConstanteMultiplicadora>000001.000</ConstanteMultiplicadora>
            <NumeroRuedasEnteras>08</NumeroRuedasEnteras>
            <NumeroRuedasDecimales>00</NumeroRuedasDecimales>
            <ConsumoCalculado>+0000001152.00</ConsumoCalculado>
            <LecturaDesde>
              <Fecha>2018-01-12</Fecha>
              <Procedencia>20</Procedencia>
              <Lectura>0000078082.00</Lectura>
            </LecturaDesde>
            <LecturaHasta>
              <Fecha>2018-02-12</Fecha>
              <Procedencia>20</Procedencia>
              <Lectura>0000079234.00</Lectura>
            </LecturaHasta>
            <FechaHoraMaximetro>2018-02-12T08:46:00</FechaHoraMaximetro>
          </Integrador>
        </ModeloAparato>
      </Medidas>
    </FacturaATR>
    <RegistroFin>
      <ImporteTotal>+0000000004950.53</ImporteTotal>
      <SaldoTotalFacturacion>+0000000000000.00</SaldoTotalFacturacion>
      <TotalRecibos>00004</TotalRecibos>
      <TipoMoneda>02</TipoMoneda>
      <FechaValor>2018-02-13</FechaValor>
      <FechaLimitePago>2018-03-05</FechaLimitePago>
      <IdRemesa>00000000000000000002618601</IdRemesa>
    </RegistroFin>
  </Facturas>
  <OtrosDatosFactura>
    <SociedadMercantilEmisora>ENDESA DISTRIBUCION ELECTRICA SLU</SociedadMercantilEmisora>
    <SociedadMercantilDestino>SUNAIR ONE ENERGY, S.L.</SociedadMercantilDestino>
    <DireccionEmisora>AV VILANOVA</DireccionEmisora>
    <DireccionDestino>P.I.AGRO REUS C/ IGNASI I</DireccionDestino>
  </OtrosDatosFactura>
</MensajeFacturacion>