<?xml version="1.0" encoding="UTF-8"?><MensajeFacturacion xmlns="http://localhost/elegibilidad">
  <Cabecera>
    <CodigoREEEmpresaEmisora>0024</CodigoREEEmpresaEmisora>
    <CodigoREEEmpresaDestino>0815</CodigoREEEmpresaDestino>
    <CodigoDelProceso>F1</CodigoDelProceso>
    <CodigoDePaso>01</CodigoDePaso>
    <CodigoDeSolicitud>000002512501</CodigoDeSolicitud>
    <SecuencialDeSolicitud>00</SecuencialDeSolicitud>
    <FechaSolicitud>2018-02-13T01:48:58</FechaSolicitud>
    <CUPS>ES0031408277728006LT0F</CUPS>
  </Cabecera>
  <Facturas>
    <FacturaATR>
      <DatosGeneralesFacturaATR>
        <DireccionSuministro>
          <Pais>ESPAÑA</Pais>
          <Provincia>08</Provincia>
          <Municipio>000015</Municipio>
          <Poblacion>000000029</Poblacion>
          <TipoVia>AV</TipoVia>
          <CodPostal>08918</CodPostal>
          <Calle>MARESME</Calle>
          <NumeroFinca>00044</NumeroFinca>
          <AclaradorFinca>-46</AclaradorFinca>
        </DireccionSuministro>
        <Cliente>
          <TipoIdentificador>NI</TipoIdentificador>
          <Identificador>B55567986</Identificador>
        </Cliente>
        <CodContrato>500000123977</CodContrato>
        <DatosGeneralesFactura>
          <CodigoFiscalFactura>F3801N07431725</CodigoFiscalFactura>
          <TipoFactura>N</TipoFactura>
          <MotivoFacturacion>01</MotivoFacturacion>
          <Expediente>
            <NumeroExpediente>0000000000000000</NumeroExpediente>
            <CodigoSolicitud>000000000000</CodigoSolicitud>
          </Expediente>
          <FechaFactura>2018-02-13</FechaFactura>
          <IdentificadorEmisora>B82846817</IdentificadorEmisora>
          <Comentarios>2512501                                                                                             </Comentarios>
          <ImporteTotalFactura>+0000000081.36</ImporteTotalFactura>
          <TipoMoneda>02</TipoMoneda>
        </DatosGeneralesFactura>
        <DatosFacturaATR>
          <FechaBOE>2016-12-29</FechaBOE>
          <TarifaATRFact>003</TarifaATRFact>
          <ModoControlPotencia>2</ModoControlPotencia>
          <MarcaMedidaConPerdidas>N</MarcaMedidaConPerdidas>
          <IndicativoCurvaCarga>02</IndicativoCurvaCarga>
          <Periodo>
            <FechaDesdeFactura>2017-10-25</FechaDesdeFactura>
            <FechaHastaFactura>2017-11-22</FechaHastaFactura>
            <NumeroDias>028</NumeroDias>
          </Periodo>
        </DatosFacturaATR>
      </DatosGeneralesFacturaATR>
      <Potencia>
        <TerminoPotencia>
          <FechaDesde>2017-10-25</FechaDesde>
          <FechaHasta>2017-11-22</FechaHasta>
          <Periodo>
            <PotenciaContratada>00000000007000</PotenciaContratada>
            <PotenciaMaxDemandada>00000000004000</PotenciaMaxDemandada>
            <PotenciaAFacturar>00000000005950</PotenciaAFacturar>
            <PrecioPotencia>00000.111585986</PrecioPotencia>
          </Periodo>
          <Periodo>
            <PotenciaContratada>00000000007000</PotenciaContratada>
            <PotenciaMaxDemandada>00000000006000</PotenciaMaxDemandada>
            <PotenciaAFacturar>00000000006000</PotenciaAFacturar>
            <PrecioPotencia>00000.066951589</PrecioPotencia>
          </Periodo>
          <Periodo>
            <PotenciaContratada>00000000017321</PotenciaContratada>
            <PotenciaMaxDemandada>00000000000000</PotenciaMaxDemandada>
            <PotenciaAFacturar>00000000014722</PotenciaAFacturar>
            <PrecioPotencia>00000.044634397</PrecioPotencia>
          </Periodo>
          <Periodo>
            <PotenciaContratada>00000000000000</PotenciaContratada>
            <PotenciaMaxDemandada>00000000000000</PotenciaMaxDemandada>
            <PotenciaAFacturar>00000000000000</PotenciaAFacturar>
            <PrecioPotencia>00000.000000000</PrecioPotencia>
          </Periodo>
          <Periodo>
            <PotenciaContratada>00000000000000</PotenciaContratada>
            <PotenciaMaxDemandada>00000000000000</PotenciaMaxDemandada>
            <PotenciaAFacturar>00000000000000</PotenciaAFacturar>
            <PrecioPotencia>00000.000000000</PrecioPotencia>
          </Periodo>
          <Periodo>
            <PotenciaContratada>00000000000000</PotenciaContratada>
            <PotenciaMaxDemandada>00000000000000</PotenciaMaxDemandada>
            <PotenciaAFacturar>00000000000000</PotenciaAFacturar>
            <PrecioPotencia>00000.000000000</PrecioPotencia>
          </Periodo>
        </TerminoPotencia>
        <PenalizacionNoICP>N</PenalizacionNoICP>
        <ImporteTotalTerminoPotencia>+0000000048.24</ImporteTotalTerminoPotencia>
      </Potencia>
      <EnergiaActiva>
        <TerminoEnergiaActiva>
          <FechaDesde>2017-10-25</FechaDesde>
          <FechaHasta>2017-11-22</FechaHasta>
          <Periodo>
            <ValorEnergiaActiva>+00000000116.00</ValorEnergiaActiva>
            <PrecioEnergia>00000.018762000</PrecioEnergia>
          </Periodo>
          <Periodo>
            <ValorEnergiaActiva>+00000000531.00</ValorEnergiaActiva>
            <PrecioEnergia>00000.012575000</PrecioEnergia>
          </Periodo>
          <Periodo>
            <ValorEnergiaActiva>+00000000044.00</ValorEnergiaActiva>
            <PrecioEnergia>00000.004670000</PrecioEnergia>
          </Periodo>
          <Periodo>
            <ValorEnergiaActiva>+00000000000.00</ValorEnergiaActiva>
            <PrecioEnergia>00000.000000000</PrecioEnergia>
          </Periodo>
          <Periodo>
            <ValorEnergiaActiva>+00000000000.00</ValorEnergiaActiva>
            <PrecioEnergia>00000.000000000</PrecioEnergia>
          </Periodo>
          <Periodo>
            <ValorEnergiaActiva>+00000000000.00</ValorEnergiaActiva>
            <PrecioEnergia>00000.000000000</PrecioEnergia>
          </Periodo>
        </TerminoEnergiaActiva>
        <ImporteTotalEnergiaActiva>+0000000009.06</ImporteTotalEnergiaActiva>
      </EnergiaActiva>
      <ImpuestoElectrico>
        <BaseImponible>+0000000000.00</BaseImponible>
        <Porcentaje>00000.00000000</Porcentaje>
        <Importe>+0000000000.00</Importe>
      </ImpuestoElectrico>
      <Alquileres>
        <PrecioDiarioAlquiler>
          <PrecioDia>00000.355068000</PrecioDia>
          <NumeroDias>028</NumeroDias>
        </PrecioDiarioAlquiler>
        <ImporteFacturacionAlquileres>+0000000009.94</ImporteFacturacionAlquileres>
      </Alquileres>
      <IVA>
        <BaseImponible>+0000000067.24</BaseImponible>
        <Porcentaje>0021.00</Porcentaje>
        <Importe>+0000000014.12</Importe>
      </IVA>
      <Medidas>
        <CodPM>ES0031408277728006LT3P</CodPM>
        <ModeloAparato>
          <TipoAparato>CA</TipoAparato>
          <MarcaAparato>069</MarcaAparato>
          <NumeroSerie>051018269</NumeroSerie>
          <TipoDHEdM>6</TipoDHEdM>
          <Integrador>
            <Magnitud>AE</Magnitud>
            <CodigoPeriodo>62</CodigoPeriodo>
            <ConstanteMultiplicadora>000001.000</ConstanteMultiplicadora>
            <NumeroRuedasEnteras>08</NumeroRuedasEnteras>
            <NumeroRuedasDecimales>00</NumeroRuedasDecimales>
            <ConsumoCalculado>+0000000427.00</ConsumoCalculado>
            <LecturaDesde>
              <Fecha>2017-10-25</Fecha>
              <Procedencia>20</Procedencia>
              <Lectura>0000013029.00</Lectura>
            </LecturaDesde>
            <LecturaHasta>
              <Fecha>2017-11-22</Fecha>
              <Procedencia>20</Procedencia>
              <Lectura>0000013456.00</Lectura>
            </LecturaHasta>
            <FechaHoraMaximetro>2017-11-22T00:00:00</FechaHoraMaximetro>
          </Integrador>
          <Integrador>
            <Magnitud>AE</Magnitud>
            <CodigoPeriodo>63</CodigoPeriodo>
            <ConstanteMultiplicadora>000001.000</ConstanteMultiplicadora>
            <NumeroRuedasEnteras>08</NumeroRuedasEnteras>
            <NumeroRuedasDecimales>00</NumeroRuedasDecimales>
            <ConsumoCalculado>+0000000031.00</ConsumoCalculado>
            <LecturaDesde>
              <Fecha>2017-10-25</Fecha>
              <Procedencia>20</Procedencia>
              <Lectura>0000001175.00</Lectura>
            </LecturaDesde>
            <LecturaHasta>
              <Fecha>2017-11-22</Fecha>
              <Procedencia>20</Procedencia>
              <Lectura>0000001206.00</Lectura>
            </LecturaHasta>
            <FechaHoraMaximetro>2017-11-22T00:00:00</FechaHoraMaximetro>
          </Integrador>
          <Integrador>
            <Magnitud>AE</Magnitud>
            <CodigoPeriodo>61</CodigoPeriodo>
            <ConstanteMultiplicadora>000001.000</ConstanteMultiplicadora>
            <NumeroRuedasEnteras>08</NumeroRuedasEnteras>
            <NumeroRuedasDecimales>00</NumeroRuedasDecimales>
            <ConsumoCalculado>+0000000102.00</ConsumoCalculado>
            <LecturaDesde>
              <Fecha>2017-10-25</Fecha>
              <Procedencia>20</Procedencia>
              <Lectura>0000007093.00</Lectura>
            </LecturaDesde>
            <LecturaHasta>
              <Fecha>2017-11-22</Fecha>
              <Procedencia>20</Procedencia>
              <Lectura>0000007195.00</Lectura>
            </LecturaHasta>
            <FechaHoraMaximetro>2017-11-22T00:00:00</FechaHoraMaximetro>
          </Integrador>
          <Integrador>
            <Magnitud>R1</Magnitud>
            <CodigoPeriodo>62</CodigoPeriodo>
            <ConstanteMultiplicadora>000001.000</ConstanteMultiplicadora>
            <NumeroRuedasEnteras>08</NumeroRuedasEnteras>
            <NumeroRuedasDecimales>00</NumeroRuedasDecimales>
            <ConsumoCalculado>+0000000098.00</ConsumoCalculado>
            <LecturaDesde>
              <Fecha>2017-10-25</Fecha>
              <Procedencia>20</Procedencia>
              <Lectura>0000003643.00</Lectura>
            </LecturaDesde>
            <LecturaHasta>
              <Fecha>2017-11-22</Fecha>
              <Procedencia>20</Procedencia>
              <Lectura>0000003741.00</Lectura>
            </LecturaHasta>
            <FechaHoraMaximetro>2017-11-22T00:00:00</FechaHoraMaximetro>
          </Integrador>
          <Integrador>
            <Magnitud>R1</Magnitud>
            <CodigoPeriodo>63</CodigoPeriodo>
            <ConstanteMultiplicadora>000001.000</ConstanteMultiplicadora>
            <NumeroRuedasEnteras>08</NumeroRuedasEnteras>
            <NumeroRuedasDecimales>00</NumeroRuedasDecimales>
            <ConsumoCalculado>+0000000000.00</ConsumoCalculado>
            <LecturaDesde>
              <Fecha>2017-10-25</Fecha>
              <Procedencia>20</Procedencia>
              <Lectura>0000000276.00</Lectura>
            </LecturaDesde>
            <LecturaHasta>
              <Fecha>2017-11-22</Fecha>
              <Procedencia>20</Procedencia>
              <Lectura>0000000276.00</Lectura>
            </LecturaHasta>
            <FechaHoraMaximetro>2017-11-22T00:00:00</FechaHoraMaximetro>
          </Integrador>
          <Integrador>
            <Magnitud>R1</Magnitud>
            <CodigoPeriodo>61</CodigoPeriodo>
            <ConstanteMultiplicadora>000001.000</ConstanteMultiplicadora>
            <NumeroRuedasEnteras>08</NumeroRuedasEnteras>
            <NumeroRuedasDecimales>00</NumeroRuedasDecimales>
            <ConsumoCalculado>+0000000014.00</ConsumoCalculado>
            <LecturaDesde>
              <Fecha>2017-10-25</Fecha>
              <Procedencia>20</Procedencia>
              <Lectura>0000002384.00</Lectura>
            </LecturaDesde>
            <LecturaHasta>
              <Fecha>2017-11-22</Fecha>
              <Procedencia>20</Procedencia>
              <Lectura>0000002398.00</Lectura>
            </LecturaHasta>
            <FechaHoraMaximetro>2017-11-22T00:00:00</FechaHoraMaximetro>
          </Integrador>
          <Integrador>
            <Magnitud>PM</Magnitud>
            <CodigoPeriodo>62</CodigoPeriodo>
            <ConstanteMultiplicadora>000001.000</ConstanteMultiplicadora>
            <NumeroRuedasEnteras>08</NumeroRuedasEnteras>
            <NumeroRuedasDecimales>00</NumeroRuedasDecimales>
            <ConsumoCalculado>+0000006000.00</ConsumoCalculado>
            <LecturaDesde>
              <Fecha>2017-10-25</Fecha>
              <Procedencia>20</Procedencia>
              <Lectura>0000000000.00</Lectura>
            </LecturaDesde>
            <LecturaHasta>
              <Fecha>2017-11-22</Fecha>
              <Procedencia>20</Procedencia>
              <Lectura>0000006000.00</Lectura>
            </LecturaHasta>
            <FechaHoraMaximetro>2017-11-22T00:00:00</FechaHoraMaximetro>
          </Integrador>
          <Integrador>
            <Magnitud>PM</Magnitud>
            <CodigoPeriodo>63</CodigoPeriodo>
            <ConstanteMultiplicadora>000001.000</ConstanteMultiplicadora>
            <NumeroRuedasEnteras>08</NumeroRuedasEnteras>
            <NumeroRuedasDecimales>00</NumeroRuedasDecimales>
            <ConsumoCalculado>+0000000000.00</ConsumoCalculado>
            <LecturaDesde>
              <Fecha>2017-10-25</Fecha>
              <Procedencia>20</Procedencia>
              <Lectura>0000000000.00</Lectura>
            </LecturaDesde>
            <LecturaHasta>
              <Fecha>2017-11-22</Fecha>
              <Procedencia>20</Procedencia>
              <Lectura>0000000000.00</Lectura>
            </LecturaHasta>
            <FechaHoraMaximetro>2017-11-22T00:00:00</FechaHoraMaximetro>
          </Integrador>
          <Integrador>
            <Magnitud>PM</Magnitud>
            <CodigoPeriodo>61</CodigoPeriodo>
            <ConstanteMultiplicadora>000001.000</ConstanteMultiplicadora>
            <NumeroRuedasEnteras>08</NumeroRuedasEnteras>
            <NumeroRuedasDecimales>00</NumeroRuedasDecimales>
            <ConsumoCalculado>+0000004000.00</ConsumoCalculado>
            <LecturaDesde>
              <Fecha>2017-10-25</Fecha>
              <Procedencia>20</Procedencia>
              <Lectura>0000000000.00</Lectura>
            </LecturaDesde>
            <LecturaHasta>
              <Fecha>2017-11-22</Fecha>
              <Procedencia>20</Procedencia>
              <Lectura>0000004000.00</Lectura>
            </LecturaHasta>
            <FechaHoraMaximetro>2017-11-22T00:00:00</FechaHoraMaximetro>
          </Integrador>
          <Integrador>
            <Magnitud>AE</Magnitud>
            <CodigoPeriodo>64</CodigoPeriodo>
            <ConstanteMultiplicadora>000001.000</ConstanteMultiplicadora>
            <NumeroRuedasEnteras>08</NumeroRuedasEnteras>
            <NumeroRuedasDecimales>00</NumeroRuedasDecimales>
            <ConsumoCalculado>+0000000014.00</ConsumoCalculado>
            <LecturaDesde>
              <Fecha>2017-10-25</Fecha>
              <Procedencia>20</Procedencia>
              <Lectura>0000001885.00</Lectura>
            </LecturaDesde>
            <LecturaHasta>
              <Fecha>2017-11-22</Fecha>
              <Procedencia>20</Procedencia>
              <Lectura>0000001899.00</Lectura>
            </LecturaHasta>
            <FechaHoraMaximetro>2017-11-22T00:00:00</FechaHoraMaximetro>
          </Integrador>
          <Integrador>
            <Magnitud>AE</Magnitud>
            <CodigoPeriodo>65</CodigoPeriodo>
            <ConstanteMultiplicadora>000001.000</ConstanteMultiplicadora>
            <NumeroRuedasEnteras>08</NumeroRuedasEnteras>
            <NumeroRuedasDecimales>00</NumeroRuedasDecimales>
            <ConsumoCalculado>+0000000104.00</ConsumoCalculado>
            <LecturaDesde>
              <Fecha>2017-10-25</Fecha>
              <Procedencia>20</Procedencia>
              <Lectura>0000003564.00</Lectura>
            </LecturaDesde>
            <LecturaHasta>
              <Fecha>2017-11-22</Fecha>
              <Procedencia>20</Procedencia>
              <Lectura>0000003668.00</Lectura>
            </LecturaHasta>
            <FechaHoraMaximetro>2017-11-22T00:00:00</FechaHoraMaximetro>
          </Integrador>
          <Integrador>
            <Magnitud>AE</Magnitud>
            <CodigoPeriodo>66</CodigoPeriodo>
            <ConstanteMultiplicadora>000001.000</ConstanteMultiplicadora>
            <NumeroRuedasEnteras>08</NumeroRuedasEnteras>
            <NumeroRuedasDecimales>00</NumeroRuedasDecimales>
            <ConsumoCalculado>+0000000013.00</ConsumoCalculado>
            <LecturaDesde>
              <Fecha>2017-10-25</Fecha>
              <Procedencia>20</Procedencia>
              <Lectura>0000000434.00</Lectura>
            </LecturaDesde>
            <LecturaHasta>
              <Fecha>2017-11-22</Fecha>
              <Procedencia>20</Procedencia>
              <Lectura>0000000447.00</Lectura>
            </LecturaHasta>
            <FechaHoraMaximetro>2017-11-22T00:00:00</FechaHoraMaximetro>
          </Integrador>
          <Integrador>
            <Magnitud>R1</Magnitud>
            <CodigoPeriodo>64</CodigoPeriodo>
            <ConstanteMultiplicadora>000001.000</ConstanteMultiplicadora>
            <NumeroRuedasEnteras>08</NumeroRuedasEnteras>
            <NumeroRuedasDecimales>00</NumeroRuedasDecimales>
            <ConsumoCalculado>+0000000000.00</ConsumoCalculado>
            <LecturaDesde>
              <Fecha>2017-10-25</Fecha>
              <Procedencia>20</Procedencia>
              <Lectura>0000000588.00</Lectura>
            </LecturaDesde>
            <LecturaHasta>
              <Fecha>2017-11-22</Fecha>
              <Procedencia>20</Procedencia>
              <Lectura>0000000588.00</Lectura>
            </LecturaHasta>
            <FechaHoraMaximetro>2017-11-22T00:00:00</FechaHoraMaximetro>
          </Integrador>
          <Integrador>
            <Magnitud>R1</Magnitud>
            <CodigoPeriodo>65</CodigoPeriodo>
            <ConstanteMultiplicadora>000001.000</ConstanteMultiplicadora>
            <NumeroRuedasEnteras>08</NumeroRuedasEnteras>
            <NumeroRuedasDecimales>00</NumeroRuedasDecimales>
            <ConsumoCalculado>+0000000012.00</ConsumoCalculado>
            <LecturaDesde>
              <Fecha>2017-10-25</Fecha>
              <Procedencia>20</Procedencia>
              <Lectura>0000000930.00</Lectura>
            </LecturaDesde>
            <LecturaHasta>
              <Fecha>2017-11-22</Fecha>
              <Procedencia>20</Procedencia>
              <Lectura>0000000942.00</Lectura>
            </LecturaHasta>
            <FechaHoraMaximetro>2017-11-22T00:00:00</FechaHoraMaximetro>
          </Integrador>
          <Integrador>
            <Magnitud>R1</Magnitud>
            <CodigoPeriodo>66</CodigoPeriodo>
            <ConstanteMultiplicadora>000001.000</ConstanteMultiplicadora>
            <NumeroRuedasEnteras>08</NumeroRuedasEnteras>
            <NumeroRuedasDecimales>00</NumeroRuedasDecimales>
            <ConsumoCalculado>+0000000001.00</ConsumoCalculado>
            <LecturaDesde>
              <Fecha>2017-10-25</Fecha>
              <Procedencia>20</Procedencia>
              <Lectura>0000000055.00</Lectura>
            </LecturaDesde>
            <LecturaHasta>
              <Fecha>2017-11-22</Fecha>
              <Procedencia>20</Procedencia>
              <Lectura>0000000056.00</Lectura>
            </LecturaHasta>
            <FechaHoraMaximetro>2017-11-22T00:00:00</FechaHoraMaximetro>
          </Integrador>
          <Integrador>
            <Magnitud>PM</Magnitud>
            <CodigoPeriodo>64</CodigoPeriodo>
            <ConstanteMultiplicadora>000001.000</ConstanteMultiplicadora>
            <NumeroRuedasEnteras>08</NumeroRuedasEnteras>
            <NumeroRuedasDecimales>00</NumeroRuedasDecimales>
            <ConsumoCalculado>+0000002000.00</ConsumoCalculado>
            <LecturaDesde>
              <Fecha>2017-10-25</Fecha>
              <Procedencia>20</Procedencia>
              <Lectura>0000000000.00</Lectura>
            </LecturaDesde>
            <LecturaHasta>
              <Fecha>2017-11-22</Fecha>
              <Procedencia>20</Procedencia>
              <Lectura>0000002000.00</Lectura>
            </LecturaHasta>
            <FechaHoraMaximetro>2017-11-22T00:00:00</FechaHoraMaximetro>
          </Integrador>
          <Integrador>
            <Magnitud>PM</Magnitud>
            <CodigoPeriodo>65</CodigoPeriodo>
            <ConstanteMultiplicadora>000001.000</ConstanteMultiplicadora>
            <NumeroRuedasEnteras>08</NumeroRuedasEnteras>
            <NumeroRuedasDecimales>00</NumeroRuedasDecimales>
            <ConsumoCalculado>+0000006000.00</ConsumoCalculado>
            <LecturaDesde>
              <Fecha>2017-10-25</Fecha>
              <Procedencia>20</Procedencia>
              <Lectura>0000000000.00</Lectura>
            </LecturaDesde>
            <LecturaHasta>
              <Fecha>2017-11-22</Fecha>
              <Procedencia>20</Procedencia>
              <Lectura>0000006000.00</Lectura>
            </LecturaHasta>
            <FechaHoraMaximetro>2017-11-22T00:00:00</FechaHoraMaximetro>
          </Integrador>
          <Integrador>
            <Magnitud>PM</Magnitud>
            <CodigoPeriodo>66</CodigoPeriodo>
            <ConstanteMultiplicadora>000001.000</ConstanteMultiplicadora>
            <NumeroRuedasEnteras>08</NumeroRuedasEnteras>
            <NumeroRuedasDecimales>00</NumeroRuedasDecimales>
            <ConsumoCalculado>+0000000000.00</ConsumoCalculado>
            <LecturaDesde>
              <Fecha>2017-10-25</Fecha>
              <Procedencia>20</Procedencia>
              <Lectura>0000000000.00</Lectura>
            </LecturaDesde>
            <LecturaHasta>
              <Fecha>2017-11-22</Fecha>
              <Procedencia>20</Procedencia>
              <Lectura>0000000000.00</Lectura>
            </LecturaHasta>
            <FechaHoraMaximetro>2017-11-22T00:00:00</FechaHoraMaximetro>
          </Integrador>
          <Integrador>
            <Magnitud>AE</Magnitud>
            <CodigoPeriodo>60</CodigoPeriodo>
            <ConstanteMultiplicadora>000001.000</ConstanteMultiplicadora>
            <NumeroRuedasEnteras>08</NumeroRuedasEnteras>
            <NumeroRuedasDecimales>00</NumeroRuedasDecimales>
            <ConsumoCalculado>+0000000691.00</ConsumoCalculado>
            <LecturaDesde>
              <Fecha>2017-10-25</Fecha>
              <Procedencia>20</Procedencia>
              <Lectura>0000027180.00</Lectura>
            </LecturaDesde>
            <LecturaHasta>
              <Fecha>2017-11-22</Fecha>
              <Procedencia>20</Procedencia>
              <Lectura>0000027871.00</Lectura>
            </LecturaHasta>
            <FechaHoraMaximetro>2017-11-22T00:00:00</FechaHoraMaximetro>
          </Integrador>
          <Integrador>
            <Magnitud>R1</Magnitud>
            <CodigoPeriodo>60</CodigoPeriodo>
            <ConstanteMultiplicadora>000001.000</ConstanteMultiplicadora>
            <NumeroRuedasEnteras>08</NumeroRuedasEnteras>
            <NumeroRuedasDecimales>00</NumeroRuedasDecimales>
            <ConsumoCalculado>+0000000125.00</ConsumoCalculado>
            <LecturaDesde>
              <Fecha>2017-10-25</Fecha>
              <Procedencia>20</Procedencia>
              <Lectura>0000007876.00</Lectura>
            </LecturaDesde>
            <LecturaHasta>
              <Fecha>2017-11-22</Fecha>
              <Procedencia>20</Procedencia>
              <Lectura>0000008001.00</Lectura>
            </LecturaHasta>
            <FechaHoraMaximetro>2017-11-22T00:00:00</FechaHoraMaximetro>
          </Integrador>
        </ModeloAparato>
      </Medidas>
    </FacturaATR>
    <RegistroFin>
      <ImporteTotal>+0000000007035.75</ImporteTotal>
      <SaldoTotalFacturacion>-0000000000188.50</SaldoTotalFacturacion>
      <TotalRecibos>00038</TotalRecibos>
      <TipoMoneda>02</TipoMoneda>
      <FechaValor>2018-02-13</FechaValor>
      <FechaLimitePago>2018-03-05</FechaLimitePago>
      <IdRemesa>00000000000000000002512501</IdRemesa>
    </RegistroFin>
  </Facturas>
  <OtrosDatosFactura>
    <SociedadMercantilEmisora>ENDESA DISTRIBUCION ELECTRICA S.L *</SociedadMercantilEmisora>
    <SociedadMercantilDestino>SUNAIR ONE ENERGY, S.L.</SociedadMercantilDestino>
    <DireccionEmisora>AV VILANOVA</DireccionEmisora>
    <DireccionDestino>ANTONI RUBIO 46, LOC, ALMACEN, REUS, 43206, TARRAGONA</DireccionDestino>
  </OtrosDatosFactura>
</MensajeFacturacion>