<?xml version="1.0" encoding="UTF-8"?><MensajeFacturacion xmlns="http://localhost/elegibilidad">
  <Cabecera>
    <CodigoREEEmpresaEmisora>0024</CodigoREEEmpresaEmisora>
    <CodigoREEEmpresaDestino>0815</CodigoREEEmpresaDestino>
    <CodigoDelProceso>F1</CodigoDelProceso>
    <CodigoDePaso>01</CodigoDePaso>
    <CodigoDeSolicitud>000002512501</CodigoDeSolicitud>
    <SecuencialDeSolicitud>00</SecuencialDeSolicitud>
    <FechaSolicitud>2018-02-13T01:48:58</FechaSolicitud>
    <CUPS>ES0031405411437001FE0F</CUPS>
  </Cabecera>
  <Facturas>
    <FacturaATR>
      <DatosGeneralesFacturaATR>
        <DireccionSuministro>
          <Pais>ESPAÑA</Pais>
          <Provincia>08</Provincia>
          <Municipio>000015</Municipio>
          <Poblacion>000000029</Poblacion>
          <TipoVia>CL</TipoVia>
          <CodPostal>08912</CodPostal>
          <Calle>PONENT</Calle>
          <NumeroFinca>00068</NumeroFinca>
          <Piso>BA</Piso>
        </DireccionSuministro>
        <Cliente>
          <TipoIdentificador>NI</TipoIdentificador>
          <Identificador>B55567986</Identificador>
        </Cliente>
        <CodContrato>000509363954</CodContrato>
        <DatosGeneralesFactura>
          <CodigoFiscalFactura>F7801Y00004316</CodigoFiscalFactura>
          <TipoFactura>R</TipoFactura>
          <MotivoFacturacion>01</MotivoFacturacion>
          <CodigoFacturaRectificadaAnulada>F3701N12194011</CodigoFacturaRectificadaAnulada>
          <Expediente>
            <NumeroExpediente>0000000000000000</NumeroExpediente>
            <CodigoSolicitud>000000000000</CodigoSolicitud>
          </Expediente>
          <FechaFactura>2018-02-13</FechaFactura>
          <IdentificadorEmisora>B82846817</IdentificadorEmisora>
          <Comentarios>2512501                                                                                             </Comentarios>
          <ImporteTotalFactura>+0000000204.04</ImporteTotalFactura>
          <SaldoFactura>-0000000022.23</SaldoFactura>
          <TipoMoneda>02</TipoMoneda>
        </DatosGeneralesFactura>
        <DatosFacturaATR>
          <FechaBOE>2016-12-29</FechaBOE>
          <TarifaATRFact>003</TarifaATRFact>
          <ModoControlPotencia>2</ModoControlPotencia>
          <MarcaMedidaConPerdidas>N</MarcaMedidaConPerdidas>
          <IndicativoCurvaCarga>02</IndicativoCurvaCarga>
          <Periodo>
            <FechaDesdeFactura>2017-06-30</FechaDesdeFactura>
            <FechaHastaFactura>2017-07-31</FechaHastaFactura>
            <NumeroDias>031</NumeroDias>
          </Periodo>
        </DatosFacturaATR>
      </DatosGeneralesFacturaATR>
      <Potencia>
        <TerminoPotencia>
          <FechaDesde>2017-06-30</FechaDesde>
          <FechaHasta>2017-07-31</FechaHasta>
          <Periodo>
            <PotenciaContratada>00000000024000</PotenciaContratada>
            <PotenciaMaxDemandada>00000000020400</PotenciaMaxDemandada>
            <PotenciaAFacturar>00000000020400</PotenciaAFacturar>
            <PrecioPotencia>00000.111585986</PrecioPotencia>
          </Periodo>
          <Periodo>
            <PotenciaContratada>00000000024000</PotenciaContratada>
            <PotenciaMaxDemandada>00000000020400</PotenciaMaxDemandada>
            <PotenciaAFacturar>00000000020400</PotenciaAFacturar>
            <PrecioPotencia>00000.066951589</PrecioPotencia>
          </Periodo>
          <Periodo>
            <PotenciaContratada>00000000015100</PotenciaContratada>
            <PotenciaMaxDemandada>00000000012700</PotenciaMaxDemandada>
            <PotenciaAFacturar>00000000012835</PotenciaAFacturar>
            <PrecioPotencia>00000.044634397</PrecioPotencia>
          </Periodo>
          <Periodo>
            <PotenciaContratada>00000000000000</PotenciaContratada>
            <PotenciaMaxDemandada>00000000000000</PotenciaMaxDemandada>
            <PotenciaAFacturar>00000000000000</PotenciaAFacturar>
            <PrecioPotencia>00000.000000000</PrecioPotencia>
          </Periodo>
          <Periodo>
            <PotenciaContratada>00000000000000</PotenciaContratada>
            <PotenciaMaxDemandada>00000000000000</PotenciaMaxDemandada>
            <PotenciaAFacturar>00000000000000</PotenciaAFacturar>
            <PrecioPotencia>00000.000000000</PrecioPotencia>
          </Periodo>
          <Periodo>
            <PotenciaContratada>00000000000000</PotenciaContratada>
            <PotenciaMaxDemandada>00000000000000</PotenciaMaxDemandada>
            <PotenciaAFacturar>00000000000000</PotenciaAFacturar>
            <PrecioPotencia>00000.000000000</PrecioPotencia>
          </Periodo>
        </TerminoPotencia>
        <PenalizacionNoICP>N</PenalizacionNoICP>
        <ImporteTotalTerminoPotencia>+0000000130.67</ImporteTotalTerminoPotencia>
      </Potencia>
      <EnergiaActiva>
        <TerminoEnergiaActiva>
          <FechaDesde>2017-06-30</FechaDesde>
          <FechaHasta>2017-07-31</FechaHasta>
          <Periodo>
            <ValorEnergiaActiva>+00000000351.00</ValorEnergiaActiva>
            <PrecioEnergia>00000.018762000</PrecioEnergia>
          </Periodo>
          <Periodo>
            <ValorEnergiaActiva>+00000001023.00</ValorEnergiaActiva>
            <PrecioEnergia>00000.012575000</PrecioEnergia>
          </Periodo>
          <Periodo>
            <ValorEnergiaActiva>+00000000148.00</ValorEnergiaActiva>
            <PrecioEnergia>00000.004670000</PrecioEnergia>
          </Periodo>
          <Periodo>
            <ValorEnergiaActiva>+00000000000.00</ValorEnergiaActiva>
            <PrecioEnergia>00000.000000000</PrecioEnergia>
          </Periodo>
          <Periodo>
            <ValorEnergiaActiva>+00000000000.00</ValorEnergiaActiva>
            <PrecioEnergia>00000.000000000</PrecioEnergia>
          </Periodo>
          <Periodo>
            <ValorEnergiaActiva>+00000000000.00</ValorEnergiaActiva>
            <PrecioEnergia>00000.000000000</PrecioEnergia>
          </Periodo>
        </TerminoEnergiaActiva>
        <ImporteTotalEnergiaActiva>+0000000020.14</ImporteTotalEnergiaActiva>
      </EnergiaActiva>
      <EnergiaReactiva>
        <TerminoEnergiaReactiva>
          <FechaDesde>2017-06-30</FechaDesde>
          <FechaHasta>2017-07-31</FechaHasta>
          <Periodo>
            <ValorEnergiaReactiva>+00000000050.00</ValorEnergiaReactiva>
            <PrecioEnergiaReactiva>00000.041554000</PrecioEnergiaReactiva>
          </Periodo>
          <Periodo>
            <ValorEnergiaReactiva>+00000000114.00</ValorEnergiaReactiva>
            <PrecioEnergiaReactiva>00000.041554000</PrecioEnergiaReactiva>
          </Periodo>
          <Periodo>
            <ValorEnergiaReactiva>+00000000000.00</ValorEnergiaReactiva>
            <PrecioEnergiaReactiva>00000000000000</PrecioEnergiaReactiva>
          </Periodo>
          <Periodo>
            <ValorEnergiaReactiva>+00000000000.00</ValorEnergiaReactiva>
            <PrecioEnergiaReactiva>00000000000000</PrecioEnergiaReactiva>
          </Periodo>
          <Periodo>
            <ValorEnergiaReactiva>+00000000000.00</ValorEnergiaReactiva>
            <PrecioEnergiaReactiva>00000000000000</PrecioEnergiaReactiva>
          </Periodo>
          <Periodo>
            <ValorEnergiaReactiva>+00000000000.00</ValorEnergiaReactiva>
            <PrecioEnergiaReactiva>00000000000000</PrecioEnergiaReactiva>
          </Periodo>
        </TerminoEnergiaReactiva>
        <ImporteTotalEnergiaReactiva>+0000000006.81</ImporteTotalEnergiaReactiva>
      </EnergiaReactiva>
      <ImpuestoElectrico>
        <BaseImponible>+0000000000.00</BaseImponible>
        <Porcentaje>00000.00000000</Porcentaje>
        <Importe>+0000000000.00</Importe>
      </ImpuestoElectrico>
      <Alquileres>
        <PrecioDiarioAlquiler>
          <PrecioDia>00000.355068000</PrecioDia>
          <NumeroDias>031</NumeroDias>
        </PrecioDiarioAlquiler>
        <ImporteFacturacionAlquileres>+0000000011.01</ImporteFacturacionAlquileres>
      </Alquileres>
      <IVA>
        <BaseImponible>+0000000168.63</BaseImponible>
        <Porcentaje>0021.00</Porcentaje>
        <Importe>+0000000035.41</Importe>
      </IVA>
      <Medidas>
        <CodPM>ES0031405411437001FE1P</CodPM>
        <ModeloAparato>
          <TipoAparato>CA</TipoAparato>
          <MarcaAparato>026</MarcaAparato>
          <NumeroSerie>501610200</NumeroSerie>
          <TipoDHEdM>6</TipoDHEdM>
          <Integrador>
            <Magnitud>AE</Magnitud>
            <CodigoPeriodo>62</CodigoPeriodo>
            <ConstanteMultiplicadora>000001.000</ConstanteMultiplicadora>
            <NumeroRuedasEnteras>08</NumeroRuedasEnteras>
            <NumeroRuedasDecimales>00</NumeroRuedasDecimales>
            <ConsumoCalculado>+0000000946.00</ConsumoCalculado>
            <LecturaDesde>
              <Fecha>2017-06-30</Fecha>
              <Procedencia>50</Procedencia>
              <Lectura>0000003684.00</Lectura>
            </LecturaDesde>
            <LecturaHasta>
              <Fecha>2017-07-31</Fecha>
              <Procedencia>50</Procedencia>
              <Lectura>0000004630.00</Lectura>
            </LecturaHasta>
            <FechaHoraMaximetro>2017-07-31T00:00:00</FechaHoraMaximetro>
          </Integrador>
          <Integrador>
            <Magnitud>AE</Magnitud>
            <CodigoPeriodo>63</CodigoPeriodo>
            <ConstanteMultiplicadora>000001.000</ConstanteMultiplicadora>
            <NumeroRuedasEnteras>08</NumeroRuedasEnteras>
            <NumeroRuedasDecimales>00</NumeroRuedasDecimales>
            <ConsumoCalculado>+0000000105.00</ConsumoCalculado>
            <LecturaDesde>
              <Fecha>2017-06-30</Fecha>
              <Procedencia>50</Procedencia>
              <Lectura>0000000935.00</Lectura>
            </LecturaDesde>
            <LecturaHasta>
              <Fecha>2017-07-31</Fecha>
              <Procedencia>50</Procedencia>
              <Lectura>0000001040.00</Lectura>
            </LecturaHasta>
            <FechaHoraMaximetro>2017-07-31T00:00:00</FechaHoraMaximetro>
          </Integrador>
          <Integrador>
            <Magnitud>AE</Magnitud>
            <CodigoPeriodo>61</CodigoPeriodo>
            <ConstanteMultiplicadora>000001.000</ConstanteMultiplicadora>
            <NumeroRuedasEnteras>08</NumeroRuedasEnteras>
            <NumeroRuedasDecimales>00</NumeroRuedasDecimales>
            <ConsumoCalculado>+0000000317.00</ConsumoCalculado>
            <LecturaDesde>
              <Fecha>2017-06-30</Fecha>
              <Procedencia>50</Procedencia>
              <Lectura>0000001241.00</Lectura>
            </LecturaDesde>
            <LecturaHasta>
              <Fecha>2017-07-31</Fecha>
              <Procedencia>50</Procedencia>
              <Lectura>0000001558.00</Lectura>
            </LecturaHasta>
            <FechaHoraMaximetro>2017-07-31T00:00:00</FechaHoraMaximetro>
          </Integrador>
          <Integrador>
            <Magnitud>R1</Magnitud>
            <CodigoPeriodo>62</CodigoPeriodo>
            <ConstanteMultiplicadora>000001.000</ConstanteMultiplicadora>
            <NumeroRuedasEnteras>08</NumeroRuedasEnteras>
            <NumeroRuedasDecimales>00</NumeroRuedasDecimales>
            <ConsumoCalculado>+0000000401.00</ConsumoCalculado>
            <LecturaDesde>
              <Fecha>2017-06-30</Fecha>
              <Procedencia>50</Procedencia>
              <Lectura>0000001368.00</Lectura>
            </LecturaDesde>
            <LecturaHasta>
              <Fecha>2017-07-31</Fecha>
              <Procedencia>50</Procedencia>
              <Lectura>0000001769.00</Lectura>
            </LecturaHasta>
            <FechaHoraMaximetro>2017-07-31T00:00:00</FechaHoraMaximetro>
          </Integrador>
          <Integrador>
            <Magnitud>R1</Magnitud>
            <CodigoPeriodo>63</CodigoPeriodo>
            <ConstanteMultiplicadora>000001.000</ConstanteMultiplicadora>
            <NumeroRuedasEnteras>08</NumeroRuedasEnteras>
            <NumeroRuedasDecimales>00</NumeroRuedasDecimales>
            <ConsumoCalculado>+0000000117.00</ConsumoCalculado>
            <LecturaDesde>
              <Fecha>2017-06-30</Fecha>
              <Procedencia>50</Procedencia>
              <Lectura>0000000550.00</Lectura>
            </LecturaDesde>
            <LecturaHasta>
              <Fecha>2017-07-31</Fecha>
              <Procedencia>50</Procedencia>
              <Lectura>0000000667.00</Lectura>
            </LecturaHasta>
            <FechaHoraMaximetro>2017-07-31T00:00:00</FechaHoraMaximetro>
          </Integrador>
          <Integrador>
            <Magnitud>R1</Magnitud>
            <CodigoPeriodo>61</CodigoPeriodo>
            <ConstanteMultiplicadora>000001.000</ConstanteMultiplicadora>
            <NumeroRuedasEnteras>08</NumeroRuedasEnteras>
            <NumeroRuedasDecimales>00</NumeroRuedasDecimales>
            <ConsumoCalculado>+0000000137.00</ConsumoCalculado>
            <LecturaDesde>
              <Fecha>2017-06-30</Fecha>
              <Procedencia>50</Procedencia>
              <Lectura>0000000457.00</Lectura>
            </LecturaDesde>
            <LecturaHasta>
              <Fecha>2017-07-31</Fecha>
              <Procedencia>50</Procedencia>
              <Lectura>0000000594.00</Lectura>
            </LecturaHasta>
            <FechaHoraMaximetro>2017-07-31T00:00:00</FechaHoraMaximetro>
          </Integrador>
          <Integrador>
            <Magnitud>PM</Magnitud>
            <CodigoPeriodo>62</CodigoPeriodo>
            <ConstanteMultiplicadora>000001.000</ConstanteMultiplicadora>
            <NumeroRuedasEnteras>08</NumeroRuedasEnteras>
            <NumeroRuedasDecimales>00</NumeroRuedasDecimales>
            <ConsumoCalculado>+0000020400.00</ConsumoCalculado>
            <LecturaDesde>
              <Fecha>2017-06-30</Fecha>
              <Procedencia>50</Procedencia>
              <Lectura>0000000000.00</Lectura>
            </LecturaDesde>
            <LecturaHasta>
              <Fecha>2017-07-31</Fecha>
              <Procedencia>50</Procedencia>
              <Lectura>0000020400.00</Lectura>
            </LecturaHasta>
            <FechaHoraMaximetro>2017-07-31T00:00:00</FechaHoraMaximetro>
          </Integrador>
          <Integrador>
            <Magnitud>PM</Magnitud>
            <CodigoPeriodo>63</CodigoPeriodo>
            <ConstanteMultiplicadora>000001.000</ConstanteMultiplicadora>
            <NumeroRuedasEnteras>08</NumeroRuedasEnteras>
            <NumeroRuedasDecimales>00</NumeroRuedasDecimales>
            <ConsumoCalculado>+0000012700.00</ConsumoCalculado>
            <LecturaDesde>
              <Fecha>2017-06-30</Fecha>
              <Procedencia>50</Procedencia>
              <Lectura>0000000000.00</Lectura>
            </LecturaDesde>
            <LecturaHasta>
              <Fecha>2017-07-31</Fecha>
              <Procedencia>50</Procedencia>
              <Lectura>0000012700.00</Lectura>
            </LecturaHasta>
            <FechaHoraMaximetro>2017-07-31T00:00:00</FechaHoraMaximetro>
          </Integrador>
          <Integrador>
            <Magnitud>PM</Magnitud>
            <CodigoPeriodo>61</CodigoPeriodo>
            <ConstanteMultiplicadora>000001.000</ConstanteMultiplicadora>
            <NumeroRuedasEnteras>08</NumeroRuedasEnteras>
            <NumeroRuedasDecimales>00</NumeroRuedasDecimales>
            <ConsumoCalculado>+0000020400.00</ConsumoCalculado>
            <LecturaDesde>
              <Fecha>2017-06-30</Fecha>
              <Procedencia>50</Procedencia>
              <Lectura>0000000000.00</Lectura>
            </LecturaDesde>
            <LecturaHasta>
              <Fecha>2017-07-31</Fecha>
              <Procedencia>50</Procedencia>
              <Lectura>0000020400.00</Lectura>
            </LecturaHasta>
            <FechaHoraMaximetro>2017-07-31T00:00:00</FechaHoraMaximetro>
          </Integrador>
          <Integrador>
            <Magnitud>AE</Magnitud>
            <CodigoPeriodo>64</CodigoPeriodo>
            <ConstanteMultiplicadora>000001.000</ConstanteMultiplicadora>
            <NumeroRuedasEnteras>08</NumeroRuedasEnteras>
            <NumeroRuedasDecimales>00</NumeroRuedasDecimales>
            <ConsumoCalculado>+0000000034.00</ConsumoCalculado>
            <LecturaDesde>
              <Fecha>2017-06-30</Fecha>
              <Procedencia>50</Procedencia>
              <Lectura>0000000215.00</Lectura>
            </LecturaDesde>
            <LecturaHasta>
              <Fecha>2017-07-31</Fecha>
              <Procedencia>50</Procedencia>
              <Lectura>0000000249.00</Lectura>
            </LecturaHasta>
            <FechaHoraMaximetro>2017-07-31T00:00:00</FechaHoraMaximetro>
          </Integrador>
          <Integrador>
            <Magnitud>AE</Magnitud>
            <CodigoPeriodo>65</CodigoPeriodo>
            <ConstanteMultiplicadora>000001.000</ConstanteMultiplicadora>
            <NumeroRuedasEnteras>08</NumeroRuedasEnteras>
            <NumeroRuedasDecimales>00</NumeroRuedasDecimales>
            <ConsumoCalculado>+0000000077.00</ConsumoCalculado>
            <LecturaDesde>
              <Fecha>2017-06-30</Fecha>
              <Procedencia>50</Procedencia>
              <Lectura>0000000658.00</Lectura>
            </LecturaDesde>
            <LecturaHasta>
              <Fecha>2017-07-31</Fecha>
              <Procedencia>50</Procedencia>
              <Lectura>0000000735.00</Lectura>
            </LecturaHasta>
            <FechaHoraMaximetro>2017-07-31T00:00:00</FechaHoraMaximetro>
          </Integrador>
          <Integrador>
            <Magnitud>AE</Magnitud>
            <CodigoPeriodo>66</CodigoPeriodo>
            <ConstanteMultiplicadora>000001.000</ConstanteMultiplicadora>
            <NumeroRuedasEnteras>08</NumeroRuedasEnteras>
            <NumeroRuedasDecimales>00</NumeroRuedasDecimales>
            <ConsumoCalculado>+0000000043.00</ConsumoCalculado>
            <LecturaDesde>
              <Fecha>2017-06-30</Fecha>
              <Procedencia>50</Procedencia>
              <Lectura>0000000334.00</Lectura>
            </LecturaDesde>
            <LecturaHasta>
              <Fecha>2017-07-31</Fecha>
              <Procedencia>50</Procedencia>
              <Lectura>0000000377.00</Lectura>
            </LecturaHasta>
            <FechaHoraMaximetro>2017-07-31T00:00:00</FechaHoraMaximetro>
          </Integrador>
          <Integrador>
            <Magnitud>R1</Magnitud>
            <CodigoPeriodo>64</CodigoPeriodo>
            <ConstanteMultiplicadora>000001.000</ConstanteMultiplicadora>
            <NumeroRuedasEnteras>08</NumeroRuedasEnteras>
            <NumeroRuedasDecimales>00</NumeroRuedasDecimales>
            <ConsumoCalculado>+0000000029.00</ConsumoCalculado>
            <LecturaDesde>
              <Fecha>2017-06-30</Fecha>
              <Procedencia>50</Procedencia>
              <Lectura>0000000116.00</Lectura>
            </LecturaDesde>
            <LecturaHasta>
              <Fecha>2017-07-31</Fecha>
              <Procedencia>50</Procedencia>
              <Lectura>0000000145.00</Lectura>
            </LecturaHasta>
            <FechaHoraMaximetro>2017-07-31T00:00:00</FechaHoraMaximetro>
          </Integrador>
          <Integrador>
            <Magnitud>R1</Magnitud>
            <CodigoPeriodo>65</CodigoPeriodo>
            <ConstanteMultiplicadora>000001.000</ConstanteMultiplicadora>
            <NumeroRuedasEnteras>08</NumeroRuedasEnteras>
            <NumeroRuedasDecimales>00</NumeroRuedasDecimales>
            <ConsumoCalculado>+0000000051.00</ConsumoCalculado>
            <LecturaDesde>
              <Fecha>2017-06-30</Fecha>
              <Procedencia>50</Procedencia>
              <Lectura>0000000265.00</Lectura>
            </LecturaDesde>
            <LecturaHasta>
              <Fecha>2017-07-31</Fecha>
              <Procedencia>50</Procedencia>
              <Lectura>0000000316.00</Lectura>
            </LecturaHasta>
            <FechaHoraMaximetro>2017-07-31T00:00:00</FechaHoraMaximetro>
          </Integrador>
          <Integrador>
            <Magnitud>R1</Magnitud>
            <CodigoPeriodo>66</CodigoPeriodo>
            <ConstanteMultiplicadora>000001.000</ConstanteMultiplicadora>
            <NumeroRuedasEnteras>08</NumeroRuedasEnteras>
            <NumeroRuedasDecimales>00</NumeroRuedasDecimales>
            <ConsumoCalculado>+0000000052.00</ConsumoCalculado>
            <LecturaDesde>
              <Fecha>2017-06-30</Fecha>
              <Procedencia>50</Procedencia>
              <Lectura>0000000230.00</Lectura>
            </LecturaDesde>
            <LecturaHasta>
              <Fecha>2017-07-31</Fecha>
              <Procedencia>50</Procedencia>
              <Lectura>0000000282.00</Lectura>
            </LecturaHasta>
            <FechaHoraMaximetro>2017-07-31T00:00:00</FechaHoraMaximetro>
          </Integrador>
          <Integrador>
            <Magnitud>PM</Magnitud>
            <CodigoPeriodo>64</CodigoPeriodo>
            <ConstanteMultiplicadora>000001.000</ConstanteMultiplicadora>
            <NumeroRuedasEnteras>08</NumeroRuedasEnteras>
            <NumeroRuedasDecimales>00</NumeroRuedasDecimales>
            <ConsumoCalculado>+0000000000.00</ConsumoCalculado>
            <LecturaDesde>
              <Fecha>2017-06-30</Fecha>
              <Procedencia>50</Procedencia>
              <Lectura>0000000000.00</Lectura>
            </LecturaDesde>
            <LecturaHasta>
              <Fecha>2017-07-31</Fecha>
              <Procedencia>50</Procedencia>
              <Lectura>0000000000.00</Lectura>
            </LecturaHasta>
            <FechaHoraMaximetro>2017-07-31T00:00:00</FechaHoraMaximetro>
          </Integrador>
          <Integrador>
            <Magnitud>PM</Magnitud>
            <CodigoPeriodo>65</CodigoPeriodo>
            <ConstanteMultiplicadora>000001.000</ConstanteMultiplicadora>
            <NumeroRuedasEnteras>08</NumeroRuedasEnteras>
            <NumeroRuedasDecimales>00</NumeroRuedasDecimales>
            <ConsumoCalculado>+0000000000.00</ConsumoCalculado>
            <LecturaDesde>
              <Fecha>2017-06-30</Fecha>
              <Procedencia>50</Procedencia>
              <Lectura>0000000000.00</Lectura>
            </LecturaDesde>
            <LecturaHasta>
              <Fecha>2017-07-31</Fecha>
              <Procedencia>50</Procedencia>
              <Lectura>0000000000.00</Lectura>
            </LecturaHasta>
            <FechaHoraMaximetro>2017-07-31T00:00:00</FechaHoraMaximetro>
          </Integrador>
          <Integrador>
            <Magnitud>PM</Magnitud>
            <CodigoPeriodo>66</CodigoPeriodo>
            <ConstanteMultiplicadora>000001.000</ConstanteMultiplicadora>
            <NumeroRuedasEnteras>08</NumeroRuedasEnteras>
            <NumeroRuedasDecimales>00</NumeroRuedasDecimales>
            <ConsumoCalculado>+0000000000.00</ConsumoCalculado>
            <LecturaDesde>
              <Fecha>2017-06-30</Fecha>
              <Procedencia>50</Procedencia>
              <Lectura>0000000000.00</Lectura>
            </LecturaDesde>
            <LecturaHasta>
              <Fecha>2017-07-31</Fecha>
              <Procedencia>50</Procedencia>
              <Lectura>0000000000.00</Lectura>
            </LecturaHasta>
            <FechaHoraMaximetro>2017-07-31T00:00:00</FechaHoraMaximetro>
          </Integrador>
          <Integrador>
            <Magnitud>AE</Magnitud>
            <CodigoPeriodo>60</CodigoPeriodo>
            <ConstanteMultiplicadora>000001.000</ConstanteMultiplicadora>
            <NumeroRuedasEnteras>08</NumeroRuedasEnteras>
            <NumeroRuedasDecimales>00</NumeroRuedasDecimales>
            <ConsumoCalculado>+0000001523.00</ConsumoCalculado>
            <LecturaDesde>
              <Fecha>2017-06-30</Fecha>
              <Procedencia>50</Procedencia>
              <Lectura>0000007067.00</Lectura>
            </LecturaDesde>
            <LecturaHasta>
              <Fecha>2017-07-31</Fecha>
              <Procedencia>50</Procedencia>
              <Lectura>0000008590.00</Lectura>
            </LecturaHasta>
            <FechaHoraMaximetro>2017-07-31T00:00:00</FechaHoraMaximetro>
          </Integrador>
          <Integrador>
            <Magnitud>R1</Magnitud>
            <CodigoPeriodo>60</CodigoPeriodo>
            <ConstanteMultiplicadora>000001.000</ConstanteMultiplicadora>
            <NumeroRuedasEnteras>08</NumeroRuedasEnteras>
            <NumeroRuedasDecimales>00</NumeroRuedasDecimales>
            <ConsumoCalculado>+0000000788.00</ConsumoCalculado>
            <LecturaDesde>
              <Fecha>2017-06-30</Fecha>
              <Procedencia>50</Procedencia>
              <Lectura>0000002986.00</Lectura>
            </LecturaDesde>
            <LecturaHasta>
              <Fecha>2017-07-31</Fecha>
              <Procedencia>50</Procedencia>
              <Lectura>0000003774.00</Lectura>
            </LecturaHasta>
            <FechaHoraMaximetro>2017-07-31T00:00:00</FechaHoraMaximetro>
          </Integrador>
        </ModeloAparato>
      </Medidas>
    </FacturaATR>
    <RegistroFin>
      <ImporteTotal>+0000000007035.75</ImporteTotal>
      <SaldoTotalFacturacion>-0000000000188.50</SaldoTotalFacturacion>
      <TotalRecibos>00038</TotalRecibos>
      <TipoMoneda>02</TipoMoneda>
      <FechaValor>2018-02-13</FechaValor>
      <FechaLimitePago>2018-03-05</FechaLimitePago>
      <IdRemesa>00000000000000000002512501</IdRemesa>
    </RegistroFin>
  </Facturas>
  <OtrosDatosFactura>
    <SociedadMercantilEmisora>ENDESA DISTRIBUCION ELECTRICA S.L *</SociedadMercantilEmisora>
    <SociedadMercantilDestino>SUNAIR ONE ENERGY, S.L.</SociedadMercantilDestino>
    <DireccionEmisora>AV VILANOVA</DireccionEmisora>
    <DireccionDestino>ANTONI RUBIO 46, LOC, ALMACEN, REUS, 43206, TARRAGONA</DireccionDestino>
  </OtrosDatosFactura>
</MensajeFacturacion>