<?xml version="1.0" encoding="UTF-8"?><MensajeFacturacion xmlns="http://localhost/elegibilidad">
  <Cabecera>
    <CodigoREEEmpresaEmisora>0024</CodigoREEEmpresaEmisora>
    <CodigoREEEmpresaDestino>0815</CodigoREEEmpresaDestino>
    <CodigoDelProceso>F1</CodigoDelProceso>
    <CodigoDePaso>01</CodigoDePaso>
    <CodigoDeSolicitud>000002512501</CodigoDeSolicitud>
    <SecuencialDeSolicitud>00</SecuencialDeSolicitud>
    <FechaSolicitud>2018-02-13T01:48:58</FechaSolicitud>
    <CUPS>ES0031405411437001FE0F</CUPS>
  </Cabecera>
  <Facturas>
    <FacturaATR>
      <DatosGeneralesFacturaATR>
        <DireccionSuministro>
          <Pais>ESPAÑA</Pais>
          <Provincia>08</Provincia>
          <Municipio>000015</Municipio>
          <Poblacion>000000029</Poblacion>
          <TipoVia>CL</TipoVia>
          <CodPostal>08912</CodPostal>
          <Calle>PONENT</Calle>
          <NumeroFinca>00068</NumeroFinca>
          <Piso>BA</Piso>
        </DireccionSuministro>
        <Cliente>
          <TipoIdentificador>NI</TipoIdentificador>
          <Identificador>B55567986</Identificador>
        </Cliente>
        <CodContrato>000509363954</CodContrato>
        <DatosGeneralesFactura>
          <CodigoFiscalFactura>F7801Y00004323</CodigoFiscalFactura>
          <TipoFactura>R</TipoFactura>
          <MotivoFacturacion>01</MotivoFacturacion>
          <CodigoFacturaRectificadaAnulada>F3701N16310675</CodigoFacturaRectificadaAnulada>
          <Expediente>
            <NumeroExpediente>0000000000000000</NumeroExpediente>
            <CodigoSolicitud>000000000000</CodigoSolicitud>
          </Expediente>
          <FechaFactura>2018-02-13</FechaFactura>
          <IdentificadorEmisora>B82846817</IdentificadorEmisora>
          <Comentarios>2512501                                                                                             </Comentarios>
          <ImporteTotalFactura>+0000000269.93</ImporteTotalFactura>
          <SaldoFactura>-0000000019.54</SaldoFactura>
          <TipoMoneda>02</TipoMoneda>
        </DatosGeneralesFactura>
        <DatosFacturaATR>
          <FechaBOE>2016-12-29</FechaBOE>
          <TarifaATRFact>003</TarifaATRFact>
          <ModoControlPotencia>2</ModoControlPotencia>
          <MarcaMedidaConPerdidas>N</MarcaMedidaConPerdidas>
          <IndicativoCurvaCarga>02</IndicativoCurvaCarga>
          <Periodo>
            <FechaDesdeFactura>2017-10-31</FechaDesdeFactura>
            <FechaHastaFactura>2017-12-11</FechaHastaFactura>
            <NumeroDias>041</NumeroDias>
          </Periodo>
        </DatosFacturaATR>
      </DatosGeneralesFacturaATR>
      <Potencia>
        <TerminoPotencia>
          <FechaDesde>2017-10-31</FechaDesde>
          <FechaHasta>2017-12-11</FechaHasta>
          <Periodo>
            <PotenciaContratada>00000000024000</PotenciaContratada>
            <PotenciaMaxDemandada>00000000020400</PotenciaMaxDemandada>
            <PotenciaAFacturar>00000000020400</PotenciaAFacturar>
            <PrecioPotencia>00000.111585986</PrecioPotencia>
          </Periodo>
          <Periodo>
            <PotenciaContratada>00000000024000</PotenciaContratada>
            <PotenciaMaxDemandada>00000000020400</PotenciaMaxDemandada>
            <PotenciaAFacturar>00000000020400</PotenciaAFacturar>
            <PrecioPotencia>00000.066951589</PrecioPotencia>
          </Periodo>
          <Periodo>
            <PotenciaContratada>00000000015100</PotenciaContratada>
            <PotenciaMaxDemandada>00000000012700</PotenciaMaxDemandada>
            <PotenciaAFacturar>00000000012835</PotenciaAFacturar>
            <PrecioPotencia>00000.044634397</PrecioPotencia>
          </Periodo>
          <Periodo>
            <PotenciaContratada>00000000000000</PotenciaContratada>
            <PotenciaMaxDemandada>00000000000000</PotenciaMaxDemandada>
            <PotenciaAFacturar>00000000000000</PotenciaAFacturar>
            <PrecioPotencia>00000.000000000</PrecioPotencia>
          </Periodo>
          <Periodo>
            <PotenciaContratada>00000000000000</PotenciaContratada>
            <PotenciaMaxDemandada>00000000000000</PotenciaMaxDemandada>
            <PotenciaAFacturar>00000000000000</PotenciaAFacturar>
            <PrecioPotencia>00000.000000000</PrecioPotencia>
          </Periodo>
          <Periodo>
            <PotenciaContratada>00000000000000</PotenciaContratada>
            <PotenciaMaxDemandada>00000000000000</PotenciaMaxDemandada>
            <PotenciaAFacturar>00000000000000</PotenciaAFacturar>
            <PrecioPotencia>00000.000000000</PrecioPotencia>
          </Periodo>
        </TerminoPotencia>
        <PenalizacionNoICP>N</PenalizacionNoICP>
        <ImporteTotalTerminoPotencia>+0000000172.82</ImporteTotalTerminoPotencia>
      </Potencia>
      <EnergiaActiva>
        <TerminoEnergiaActiva>
          <FechaDesde>2017-10-31</FechaDesde>
          <FechaHasta>2017-12-11</FechaHasta>
          <Periodo>
            <ValorEnergiaActiva>+00000000463.00</ValorEnergiaActiva>
            <PrecioEnergia>00000.018762000</PrecioEnergia>
          </Periodo>
          <Periodo>
            <ValorEnergiaActiva>+00000001355.00</ValorEnergiaActiva>
            <PrecioEnergia>00000.012575000</PrecioEnergia>
          </Periodo>
          <Periodo>
            <ValorEnergiaActiva>+00000000196.00</ValorEnergiaActiva>
            <PrecioEnergia>00000.004670000</PrecioEnergia>
          </Periodo>
          <Periodo>
            <ValorEnergiaActiva>+00000000000.00</ValorEnergiaActiva>
            <PrecioEnergia>00000.000000000</PrecioEnergia>
          </Periodo>
          <Periodo>
            <ValorEnergiaActiva>+00000000000.00</ValorEnergiaActiva>
            <PrecioEnergia>00000.000000000</PrecioEnergia>
          </Periodo>
          <Periodo>
            <ValorEnergiaActiva>+00000000000.00</ValorEnergiaActiva>
            <PrecioEnergia>00000.000000000</PrecioEnergia>
          </Periodo>
        </TerminoEnergiaActiva>
        <ImporteTotalEnergiaActiva>+0000000026.64</ImporteTotalEnergiaActiva>
      </EnergiaActiva>
      <EnergiaReactiva>
        <TerminoEnergiaReactiva>
          <FechaDesde>2017-10-31</FechaDesde>
          <FechaHasta>2017-12-11</FechaHasta>
          <Periodo>
            <ValorEnergiaReactiva>+00000000067.00</ValorEnergiaReactiva>
            <PrecioEnergiaReactiva>00000.041554000</PrecioEnergiaReactiva>
          </Periodo>
          <Periodo>
            <ValorEnergiaReactiva>+00000000151.00</ValorEnergiaReactiva>
            <PrecioEnergiaReactiva>00000.041554000</PrecioEnergiaReactiva>
          </Periodo>
          <Periodo>
            <ValorEnergiaReactiva>+00000000000.00</ValorEnergiaReactiva>
            <PrecioEnergiaReactiva>00000000000000</PrecioEnergiaReactiva>
          </Periodo>
          <Periodo>
            <ValorEnergiaReactiva>+00000000000.00</ValorEnergiaReactiva>
            <PrecioEnergiaReactiva>00000000000000</PrecioEnergiaReactiva>
          </Periodo>
          <Periodo>
            <ValorEnergiaReactiva>+00000000000.00</ValorEnergiaReactiva>
            <PrecioEnergiaReactiva>00000000000000</PrecioEnergiaReactiva>
          </Periodo>
          <Periodo>
            <ValorEnergiaReactiva>+00000000000.00</ValorEnergiaReactiva>
            <PrecioEnergiaReactiva>00000000000000</PrecioEnergiaReactiva>
          </Periodo>
        </TerminoEnergiaReactiva>
        <ImporteTotalEnergiaReactiva>+0000000009.06</ImporteTotalEnergiaReactiva>
      </EnergiaReactiva>
      <ImpuestoElectrico>
        <BaseImponible>+0000000000.00</BaseImponible>
        <Porcentaje>00000.00000000</Porcentaje>
        <Importe>+0000000000.00</Importe>
      </ImpuestoElectrico>
      <Alquileres>
        <PrecioDiarioAlquiler>
          <PrecioDia>00000.355068000</PrecioDia>
          <NumeroDias>041</NumeroDias>
        </PrecioDiarioAlquiler>
        <ImporteFacturacionAlquileres>+0000000014.56</ImporteFacturacionAlquileres>
      </Alquileres>
      <IVA>
        <BaseImponible>+0000000223.08</BaseImponible>
        <Porcentaje>0021.00</Porcentaje>
        <Importe>+0000000046.85</Importe>
      </IVA>
      <Medidas>
        <CodPM>ES0031405411437001FE1P</CodPM>
        <ModeloAparato>
          <TipoAparato>CA</TipoAparato>
          <MarcaAparato>026</MarcaAparato>
          <NumeroSerie>501610200</NumeroSerie>
          <TipoDHEdM>6</TipoDHEdM>
          <Integrador>
            <Magnitud>AE</Magnitud>
            <CodigoPeriodo>62</CodigoPeriodo>
            <ConstanteMultiplicadora>000001.000</ConstanteMultiplicadora>
            <NumeroRuedasEnteras>08</NumeroRuedasEnteras>
            <NumeroRuedasDecimales>00</NumeroRuedasDecimales>
            <ConsumoCalculado>+0000001252.00</ConsumoCalculado>
            <LecturaDesde>
              <Fecha>2017-10-31</Fecha>
              <Procedencia>50</Procedencia>
              <Lectura>0000007440.00</Lectura>
            </LecturaDesde>
            <LecturaHasta>
              <Fecha>2017-12-11</Fecha>
              <Procedencia>50</Procedencia>
              <Lectura>0000008692.00</Lectura>
            </LecturaHasta>
            <FechaHoraMaximetro>2017-12-11T00:00:00</FechaHoraMaximetro>
          </Integrador>
          <Integrador>
            <Magnitud>AE</Magnitud>
            <CodigoPeriodo>63</CodigoPeriodo>
            <ConstanteMultiplicadora>000001.000</ConstanteMultiplicadora>
            <NumeroRuedasEnteras>08</NumeroRuedasEnteras>
            <NumeroRuedasDecimales>00</NumeroRuedasDecimales>
            <ConsumoCalculado>+0000000139.00</ConsumoCalculado>
            <LecturaDesde>
              <Fecha>2017-10-31</Fecha>
              <Procedencia>50</Procedencia>
              <Lectura>0000001353.00</Lectura>
            </LecturaDesde>
            <LecturaHasta>
              <Fecha>2017-12-11</Fecha>
              <Procedencia>50</Procedencia>
              <Lectura>0000001492.00</Lectura>
            </LecturaHasta>
            <FechaHoraMaximetro>2017-12-11T00:00:00</FechaHoraMaximetro>
          </Integrador>
          <Integrador>
            <Magnitud>AE</Magnitud>
            <CodigoPeriodo>61</CodigoPeriodo>
            <ConstanteMultiplicadora>000001.000</ConstanteMultiplicadora>
            <NumeroRuedasEnteras>08</NumeroRuedasEnteras>
            <NumeroRuedasDecimales>00</NumeroRuedasDecimales>
            <ConsumoCalculado>+0000000419.00</ConsumoCalculado>
            <LecturaDesde>
              <Fecha>2017-10-31</Fecha>
              <Procedencia>50</Procedencia>
              <Lectura>0000002500.00</Lectura>
            </LecturaDesde>
            <LecturaHasta>
              <Fecha>2017-12-11</Fecha>
              <Procedencia>50</Procedencia>
              <Lectura>0000002919.00</Lectura>
            </LecturaHasta>
            <FechaHoraMaximetro>2017-12-11T00:00:00</FechaHoraMaximetro>
          </Integrador>
          <Integrador>
            <Magnitud>R1</Magnitud>
            <CodigoPeriodo>62</CodigoPeriodo>
            <ConstanteMultiplicadora>000001.000</ConstanteMultiplicadora>
            <NumeroRuedasEnteras>08</NumeroRuedasEnteras>
            <NumeroRuedasDecimales>00</NumeroRuedasDecimales>
            <ConsumoCalculado>+0000000531.00</ConsumoCalculado>
            <LecturaDesde>
              <Fecha>2017-10-31</Fecha>
              <Procedencia>50</Procedencia>
              <Lectura>0000002960.00</Lectura>
            </LecturaDesde>
            <LecturaHasta>
              <Fecha>2017-12-11</Fecha>
              <Procedencia>50</Procedencia>
              <Lectura>0000003491.00</Lectura>
            </LecturaHasta>
            <FechaHoraMaximetro>2017-12-11T00:00:00</FechaHoraMaximetro>
          </Integrador>
          <Integrador>
            <Magnitud>R1</Magnitud>
            <CodigoPeriodo>63</CodigoPeriodo>
            <ConstanteMultiplicadora>000001.000</ConstanteMultiplicadora>
            <NumeroRuedasEnteras>08</NumeroRuedasEnteras>
            <NumeroRuedasDecimales>00</NumeroRuedasDecimales>
            <ConsumoCalculado>+0000000155.00</ConsumoCalculado>
            <LecturaDesde>
              <Fecha>2017-10-31</Fecha>
              <Procedencia>50</Procedencia>
              <Lectura>0000001017.00</Lectura>
            </LecturaDesde>
            <LecturaHasta>
              <Fecha>2017-12-11</Fecha>
              <Procedencia>50</Procedencia>
              <Lectura>0000001172.00</Lectura>
            </LecturaHasta>
            <FechaHoraMaximetro>2017-12-11T00:00:00</FechaHoraMaximetro>
          </Integrador>
          <Integrador>
            <Magnitud>R1</Magnitud>
            <CodigoPeriodo>61</CodigoPeriodo>
            <ConstanteMultiplicadora>000001.000</ConstanteMultiplicadora>
            <NumeroRuedasEnteras>08</NumeroRuedasEnteras>
            <NumeroRuedasDecimales>00</NumeroRuedasDecimales>
            <ConsumoCalculado>+0000000181.00</ConsumoCalculado>
            <LecturaDesde>
              <Fecha>2017-10-31</Fecha>
              <Procedencia>50</Procedencia>
              <Lectura>0000001000.00</Lectura>
            </LecturaDesde>
            <LecturaHasta>
              <Fecha>2017-12-11</Fecha>
              <Procedencia>50</Procedencia>
              <Lectura>0000001181.00</Lectura>
            </LecturaHasta>
            <FechaHoraMaximetro>2017-12-11T00:00:00</FechaHoraMaximetro>
          </Integrador>
          <Integrador>
            <Magnitud>PM</Magnitud>
            <CodigoPeriodo>62</CodigoPeriodo>
            <ConstanteMultiplicadora>000001.000</ConstanteMultiplicadora>
            <NumeroRuedasEnteras>08</NumeroRuedasEnteras>
            <NumeroRuedasDecimales>00</NumeroRuedasDecimales>
            <ConsumoCalculado>+0000020400.00</ConsumoCalculado>
            <LecturaDesde>
              <Fecha>2017-10-31</Fecha>
              <Procedencia>50</Procedencia>
              <Lectura>0000000000.00</Lectura>
            </LecturaDesde>
            <LecturaHasta>
              <Fecha>2017-12-11</Fecha>
              <Procedencia>50</Procedencia>
              <Lectura>0000020400.00</Lectura>
            </LecturaHasta>
            <FechaHoraMaximetro>2017-12-11T00:00:00</FechaHoraMaximetro>
          </Integrador>
          <Integrador>
            <Magnitud>PM</Magnitud>
            <CodigoPeriodo>63</CodigoPeriodo>
            <ConstanteMultiplicadora>000001.000</ConstanteMultiplicadora>
            <NumeroRuedasEnteras>08</NumeroRuedasEnteras>
            <NumeroRuedasDecimales>00</NumeroRuedasDecimales>
            <ConsumoCalculado>+0000012700.00</ConsumoCalculado>
            <LecturaDesde>
              <Fecha>2017-10-31</Fecha>
              <Procedencia>50</Procedencia>
              <Lectura>0000000000.00</Lectura>
            </LecturaDesde>
            <LecturaHasta>
              <Fecha>2017-12-11</Fecha>
              <Procedencia>50</Procedencia>
              <Lectura>0000012700.00</Lectura>
            </LecturaHasta>
            <FechaHoraMaximetro>2017-12-11T00:00:00</FechaHoraMaximetro>
          </Integrador>
          <Integrador>
            <Magnitud>PM</Magnitud>
            <CodigoPeriodo>61</CodigoPeriodo>
            <ConstanteMultiplicadora>000001.000</ConstanteMultiplicadora>
            <NumeroRuedasEnteras>08</NumeroRuedasEnteras>
            <NumeroRuedasDecimales>00</NumeroRuedasDecimales>
            <ConsumoCalculado>+0000020400.00</ConsumoCalculado>
            <LecturaDesde>
              <Fecha>2017-10-31</Fecha>
              <Procedencia>50</Procedencia>
              <Lectura>0000000000.00</Lectura>
            </LecturaDesde>
            <LecturaHasta>
              <Fecha>2017-12-11</Fecha>
              <Procedencia>50</Procedencia>
              <Lectura>0000020400.00</Lectura>
            </LecturaHasta>
            <FechaHoraMaximetro>2017-12-11T00:00:00</FechaHoraMaximetro>
          </Integrador>
          <Integrador>
            <Magnitud>AE</Magnitud>
            <CodigoPeriodo>64</CodigoPeriodo>
            <ConstanteMultiplicadora>000001.000</ConstanteMultiplicadora>
            <NumeroRuedasEnteras>08</NumeroRuedasEnteras>
            <NumeroRuedasDecimales>00</NumeroRuedasDecimales>
            <ConsumoCalculado>+0000000044.00</ConsumoCalculado>
            <LecturaDesde>
              <Fecha>2017-10-31</Fecha>
              <Procedencia>50</Procedencia>
              <Lectura>0000000347.00</Lectura>
            </LecturaDesde>
            <LecturaHasta>
              <Fecha>2017-12-11</Fecha>
              <Procedencia>50</Procedencia>
              <Lectura>0000000391.00</Lectura>
            </LecturaHasta>
            <FechaHoraMaximetro>2017-12-11T00:00:00</FechaHoraMaximetro>
          </Integrador>
          <Integrador>
            <Magnitud>AE</Magnitud>
            <CodigoPeriodo>65</CodigoPeriodo>
            <ConstanteMultiplicadora>000001.000</ConstanteMultiplicadora>
            <NumeroRuedasEnteras>08</NumeroRuedasEnteras>
            <NumeroRuedasDecimales>00</NumeroRuedasDecimales>
            <ConsumoCalculado>+0000000103.00</ConsumoCalculado>
            <LecturaDesde>
              <Fecha>2017-10-31</Fecha>
              <Procedencia>50</Procedencia>
              <Lectura>0000000967.00</Lectura>
            </LecturaDesde>
            <LecturaHasta>
              <Fecha>2017-12-11</Fecha>
              <Procedencia>50</Procedencia>
              <Lectura>0000001070.00</Lectura>
            </LecturaHasta>
            <FechaHoraMaximetro>2017-12-11T00:00:00</FechaHoraMaximetro>
          </Integrador>
          <Integrador>
            <Magnitud>AE</Magnitud>
            <CodigoPeriodo>66</CodigoPeriodo>
            <ConstanteMultiplicadora>000001.000</ConstanteMultiplicadora>
            <NumeroRuedasEnteras>08</NumeroRuedasEnteras>
            <NumeroRuedasDecimales>00</NumeroRuedasDecimales>
            <ConsumoCalculado>+0000000057.00</ConsumoCalculado>
            <LecturaDesde>
              <Fecha>2017-10-31</Fecha>
              <Procedencia>50</Procedencia>
              <Lectura>0000000507.00</Lectura>
            </LecturaDesde>
            <LecturaHasta>
              <Fecha>2017-12-11</Fecha>
              <Procedencia>50</Procedencia>
              <Lectura>0000000564.00</Lectura>
            </LecturaHasta>
            <FechaHoraMaximetro>2017-12-11T00:00:00</FechaHoraMaximetro>
          </Integrador>
          <Integrador>
            <Magnitud>R1</Magnitud>
            <CodigoPeriodo>64</CodigoPeriodo>
            <ConstanteMultiplicadora>000001.000</ConstanteMultiplicadora>
            <NumeroRuedasEnteras>08</NumeroRuedasEnteras>
            <NumeroRuedasDecimales>00</NumeroRuedasDecimales>
            <ConsumoCalculado>+0000000039.00</ConsumoCalculado>
            <LecturaDesde>
              <Fecha>2017-10-31</Fecha>
              <Procedencia>50</Procedencia>
              <Lectura>0000000232.00</Lectura>
            </LecturaDesde>
            <LecturaHasta>
              <Fecha>2017-12-11</Fecha>
              <Procedencia>50</Procedencia>
              <Lectura>0000000271.00</Lectura>
            </LecturaHasta>
            <FechaHoraMaximetro>2017-12-11T00:00:00</FechaHoraMaximetro>
          </Integrador>
          <Integrador>
            <Magnitud>R1</Magnitud>
            <CodigoPeriodo>65</CodigoPeriodo>
            <ConstanteMultiplicadora>000001.000</ConstanteMultiplicadora>
            <NumeroRuedasEnteras>08</NumeroRuedasEnteras>
            <NumeroRuedasDecimales>00</NumeroRuedasDecimales>
            <ConsumoCalculado>+0000000067.00</ConsumoCalculado>
            <LecturaDesde>
              <Fecha>2017-10-31</Fecha>
              <Procedencia>50</Procedencia>
              <Lectura>0000000467.00</Lectura>
            </LecturaDesde>
            <LecturaHasta>
              <Fecha>2017-12-11</Fecha>
              <Procedencia>50</Procedencia>
              <Lectura>0000000534.00</Lectura>
            </LecturaHasta>
            <FechaHoraMaximetro>2017-12-11T00:00:00</FechaHoraMaximetro>
          </Integrador>
          <Integrador>
            <Magnitud>R1</Magnitud>
            <CodigoPeriodo>66</CodigoPeriodo>
            <ConstanteMultiplicadora>000001.000</ConstanteMultiplicadora>
            <NumeroRuedasEnteras>08</NumeroRuedasEnteras>
            <NumeroRuedasDecimales>00</NumeroRuedasDecimales>
            <ConsumoCalculado>+0000000069.00</ConsumoCalculado>
            <LecturaDesde>
              <Fecha>2017-10-31</Fecha>
              <Procedencia>50</Procedencia>
              <Lectura>0000000436.00</Lectura>
            </LecturaDesde>
            <LecturaHasta>
              <Fecha>2017-12-11</Fecha>
              <Procedencia>50</Procedencia>
              <Lectura>0000000505.00</Lectura>
            </LecturaHasta>
            <FechaHoraMaximetro>2017-12-11T00:00:00</FechaHoraMaximetro>
          </Integrador>
          <Integrador>
            <Magnitud>PM</Magnitud>
            <CodigoPeriodo>64</CodigoPeriodo>
            <ConstanteMultiplicadora>000001.000</ConstanteMultiplicadora>
            <NumeroRuedasEnteras>08</NumeroRuedasEnteras>
            <NumeroRuedasDecimales>00</NumeroRuedasDecimales>
            <ConsumoCalculado>+0000000000.00</ConsumoCalculado>
            <LecturaDesde>
              <Fecha>2017-10-31</Fecha>
              <Procedencia>50</Procedencia>
              <Lectura>0000000000.00</Lectura>
            </LecturaDesde>
            <LecturaHasta>
              <Fecha>2017-12-11</Fecha>
              <Procedencia>50</Procedencia>
              <Lectura>0000000000.00</Lectura>
            </LecturaHasta>
            <FechaHoraMaximetro>2017-12-11T00:00:00</FechaHoraMaximetro>
          </Integrador>
          <Integrador>
            <Magnitud>PM</Magnitud>
            <CodigoPeriodo>65</CodigoPeriodo>
            <ConstanteMultiplicadora>000001.000</ConstanteMultiplicadora>
            <NumeroRuedasEnteras>08</NumeroRuedasEnteras>
            <NumeroRuedasDecimales>00</NumeroRuedasDecimales>
            <ConsumoCalculado>+0000000000.00</ConsumoCalculado>
            <LecturaDesde>
              <Fecha>2017-10-31</Fecha>
              <Procedencia>50</Procedencia>
              <Lectura>0000000000.00</Lectura>
            </LecturaDesde>
            <LecturaHasta>
              <Fecha>2017-12-11</Fecha>
              <Procedencia>50</Procedencia>
              <Lectura>0000000000.00</Lectura>
            </LecturaHasta>
            <FechaHoraMaximetro>2017-12-11T00:00:00</FechaHoraMaximetro>
          </Integrador>
          <Integrador>
            <Magnitud>PM</Magnitud>
            <CodigoPeriodo>66</CodigoPeriodo>
            <ConstanteMultiplicadora>000001.000</ConstanteMultiplicadora>
            <NumeroRuedasEnteras>08</NumeroRuedasEnteras>
            <NumeroRuedasDecimales>00</NumeroRuedasDecimales>
            <ConsumoCalculado>+0000000000.00</ConsumoCalculado>
            <LecturaDesde>
              <Fecha>2017-10-31</Fecha>
              <Procedencia>50</Procedencia>
              <Lectura>0000000000.00</Lectura>
            </LecturaDesde>
            <LecturaHasta>
              <Fecha>2017-12-11</Fecha>
              <Procedencia>50</Procedencia>
              <Lectura>0000000000.00</Lectura>
            </LecturaHasta>
            <FechaHoraMaximetro>2017-12-11T00:00:00</FechaHoraMaximetro>
          </Integrador>
          <Integrador>
            <Magnitud>AE</Magnitud>
            <CodigoPeriodo>60</CodigoPeriodo>
            <ConstanteMultiplicadora>000001.000</ConstanteMultiplicadora>
            <NumeroRuedasEnteras>08</NumeroRuedasEnteras>
            <NumeroRuedasDecimales>00</NumeroRuedasDecimales>
            <ConsumoCalculado>+0000002016.00</ConsumoCalculado>
            <LecturaDesde>
              <Fecha>2017-10-31</Fecha>
              <Procedencia>50</Procedencia>
              <Lectura>0000013113.00</Lectura>
            </LecturaDesde>
            <LecturaHasta>
              <Fecha>2017-12-11</Fecha>
              <Procedencia>50</Procedencia>
              <Lectura>0000015129.00</Lectura>
            </LecturaHasta>
            <FechaHoraMaximetro>2017-12-11T00:00:00</FechaHoraMaximetro>
          </Integrador>
          <Integrador>
            <Magnitud>R1</Magnitud>
            <CodigoPeriodo>60</CodigoPeriodo>
            <ConstanteMultiplicadora>000001.000</ConstanteMultiplicadora>
            <NumeroRuedasEnteras>08</NumeroRuedasEnteras>
            <NumeroRuedasDecimales>00</NumeroRuedasDecimales>
            <ConsumoCalculado>+0000001042.00</ConsumoCalculado>
            <LecturaDesde>
              <Fecha>2017-10-31</Fecha>
              <Procedencia>50</Procedencia>
              <Lectura>0000006112.00</Lectura>
            </LecturaDesde>
            <LecturaHasta>
              <Fecha>2017-12-11</Fecha>
              <Procedencia>50</Procedencia>
              <Lectura>0000007154.00</Lectura>
            </LecturaHasta>
            <FechaHoraMaximetro>2017-12-11T00:00:00</FechaHoraMaximetro>
          </Integrador>
        </ModeloAparato>
      </Medidas>
    </FacturaATR>
    <RegistroFin>
      <ImporteTotal>+0000000007035.75</ImporteTotal>
      <SaldoTotalFacturacion>-0000000000188.50</SaldoTotalFacturacion>
      <TotalRecibos>00038</TotalRecibos>
      <TipoMoneda>02</TipoMoneda>
      <FechaValor>2018-02-13</FechaValor>
      <FechaLimitePago>2018-03-05</FechaLimitePago>
      <IdRemesa>00000000000000000002512501</IdRemesa>
    </RegistroFin>
  </Facturas>
  <OtrosDatosFactura>
    <SociedadMercantilEmisora>ENDESA DISTRIBUCION ELECTRICA S.L *</SociedadMercantilEmisora>
    <SociedadMercantilDestino>SUNAIR ONE ENERGY, S.L.</SociedadMercantilDestino>
    <DireccionEmisora>AV VILANOVA</DireccionEmisora>
    <DireccionDestino>ANTONI RUBIO 46, LOC, ALMACEN, REUS, 43206, TARRAGONA</DireccionDestino>
  </OtrosDatosFactura>
</MensajeFacturacion>