<?xml version="1.0" encoding="UTF-8"?><MensajeFacturacion xmlns="http://localhost/elegibilidad">
  <Cabecera>
    <CodigoREEEmpresaEmisora>0023</CodigoREEEmpresaEmisora>
    <CodigoREEEmpresaDestino>0815</CodigoREEEmpresaDestino>
    <CodigoDelProceso>F1</CodigoDelProceso>
    <CodigoDePaso>01</CodigoDePaso>
    <CodigoDeSolicitud>000007646305</CodigoDeSolicitud>
    <SecuencialDeSolicitud>00</SecuencialDeSolicitud>
    <FechaSolicitud>2018-02-13T02:04:59</FechaSolicitud>
    <CUPS>ES0031104497420004XS0F</CUPS>
  </Cabecera>
  <Facturas>
    <FacturaATR>
      <DatosGeneralesFacturaATR>
        <DireccionSuministro>
          <Pais>ESPAÑA</Pais>
          <Provincia>21</Provincia>
          <Municipio>000041</Municipio>
          <Poblacion>000001031</Poblacion>
          <TipoVia>CL</TipoVia>
          <CodPostal>21001</CodPostal>
          <Calle>CASTILLA</Calle>
          <NumeroFinca>00005</NumeroFinca>
          <Piso>LO</Piso>
          <Puerta>003</Puerta>
        </DireccionSuministro>
        <Cliente>
          <TipoIdentificador>NI</TipoIdentificador>
          <Identificador>B55567986</Identificador>
        </Cliente>
        <CodContrato>500000434262</CodContrato>
        <DatosGeneralesFactura>
          <CodigoFiscalFactura>S8801N01090387</CodigoFiscalFactura>
          <TipoFactura>N</TipoFactura>
          <MotivoFacturacion>01</MotivoFacturacion>
          <Expediente>
            <NumeroExpediente>0000000000000000</NumeroExpediente>
            <CodigoSolicitud>000000000000</CodigoSolicitud>
          </Expediente>
          <FechaFactura>2018-02-13</FechaFactura>
          <IdentificadorEmisora>B82846817</IdentificadorEmisora>
          <Comentarios>7646305                                                                                             </Comentarios>
          <ImporteTotalFactura>+0000000200.93</ImporteTotalFactura>
          <TipoMoneda>02</TipoMoneda>
        </DatosGeneralesFactura>
        <DatosFacturaATR>
          <FechaBOE>2017-12-27</FechaBOE>
          <TarifaATRFact>003</TarifaATRFact>
          <ModoControlPotencia>2</ModoControlPotencia>
          <MarcaMedidaConPerdidas>N</MarcaMedidaConPerdidas>
          <IndicativoCurvaCarga>02</IndicativoCurvaCarga>
          <Periodo>
            <FechaDesdeFactura>2018-01-15</FechaDesdeFactura>
            <FechaHastaFactura>2018-02-13</FechaHastaFactura>
            <NumeroDias>029</NumeroDias>
          </Periodo>
        </DatosFacturaATR>
      </DatosGeneralesFacturaATR>
      <Potencia>
        <TerminoPotencia>
          <FechaDesde>2018-01-15</FechaDesde>
          <FechaHasta>2018-02-13</FechaHasta>
          <Periodo>
            <PotenciaContratada>00000000025000</PotenciaContratada>
            <PotenciaMaxDemandada>00000000009000</PotenciaMaxDemandada>
            <PotenciaAFacturar>00000000021250</PotenciaAFacturar>
            <PrecioPotencia>00000.111585986</PrecioPotencia>
          </Periodo>
          <Periodo>
            <PotenciaContratada>00000000025000</PotenciaContratada>
            <PotenciaMaxDemandada>00000000016000</PotenciaMaxDemandada>
            <PotenciaAFacturar>00000000021250</PotenciaAFacturar>
            <PrecioPotencia>00000.066951589</PrecioPotencia>
          </Periodo>
          <Periodo>
            <PotenciaContratada>00000000025000</PotenciaContratada>
            <PotenciaMaxDemandada>00000000007000</PotenciaMaxDemandada>
            <PotenciaAFacturar>00000000021250</PotenciaAFacturar>
            <PrecioPotencia>00000.044634397</PrecioPotencia>
          </Periodo>
          <Periodo>
            <PotenciaContratada>00000000000000</PotenciaContratada>
            <PotenciaMaxDemandada>00000000000000</PotenciaMaxDemandada>
            <PotenciaAFacturar>00000000000000</PotenciaAFacturar>
            <PrecioPotencia>00000.000000000</PrecioPotencia>
          </Periodo>
          <Periodo>
            <PotenciaContratada>00000000000000</PotenciaContratada>
            <PotenciaMaxDemandada>00000000000000</PotenciaMaxDemandada>
            <PotenciaAFacturar>00000000000000</PotenciaAFacturar>
            <PrecioPotencia>00000.000000000</PrecioPotencia>
          </Periodo>
          <Periodo>
            <PotenciaContratada>00000000000000</PotenciaContratada>
            <PotenciaMaxDemandada>00000000000000</PotenciaMaxDemandada>
            <PotenciaAFacturar>00000000000000</PotenciaAFacturar>
            <PrecioPotencia>00000.000000000</PrecioPotencia>
          </Periodo>
        </TerminoPotencia>
        <PenalizacionNoICP>N</PenalizacionNoICP>
        <ImporteTotalTerminoPotencia>+0000000137.53</ImporteTotalTerminoPotencia>
      </Potencia>
      <EnergiaActiva>
        <TerminoEnergiaActiva>
          <FechaDesde>2018-01-15</FechaDesde>
          <FechaHasta>2018-02-13</FechaHasta>
          <Periodo>
            <ValorEnergiaActiva>+00000000180.00</ValorEnergiaActiva>
            <PrecioEnergia>00000.018762000</PrecioEnergia>
          </Periodo>
          <Periodo>
            <ValorEnergiaActiva>+00000001109.00</ValorEnergiaActiva>
            <PrecioEnergia>00000.012575000</PrecioEnergia>
          </Periodo>
          <Periodo>
            <ValorEnergiaActiva>+00000000195.00</ValorEnergiaActiva>
            <PrecioEnergia>00000.004670000</PrecioEnergia>
          </Periodo>
          <Periodo>
            <ValorEnergiaActiva>+00000000000.00</ValorEnergiaActiva>
            <PrecioEnergia>00000.000000000</PrecioEnergia>
          </Periodo>
          <Periodo>
            <ValorEnergiaActiva>+00000000000.00</ValorEnergiaActiva>
            <PrecioEnergia>00000.000000000</PrecioEnergia>
          </Periodo>
          <Periodo>
            <ValorEnergiaActiva>+00000000000.00</ValorEnergiaActiva>
            <PrecioEnergia>00000.000000000</PrecioEnergia>
          </Periodo>
        </TerminoEnergiaActiva>
        <ImporteTotalEnergiaActiva>+0000000018.23</ImporteTotalEnergiaActiva>
      </EnergiaActiva>
      <ImpuestoElectrico>
        <BaseImponible>+0000000000.00</BaseImponible>
        <Porcentaje>00000.00000000</Porcentaje>
        <Importe>+0000000000.00</Importe>
      </ImpuestoElectrico>
      <Alquileres>
        <PrecioDiarioAlquiler>
          <PrecioDia>00000.355068000</PrecioDia>
          <NumeroDias>029</NumeroDias>
        </PrecioDiarioAlquiler>
        <ImporteFacturacionAlquileres>+0000000010.30</ImporteFacturacionAlquileres>
      </Alquileres>
      <IVA>
        <BaseImponible>+0000000166.06</BaseImponible>
        <Porcentaje>0021.00</Porcentaje>
        <Importe>+0000000034.87</Importe>
      </IVA>
      <Medidas>
        <CodPM>ES0031104497420004XS1P</CodPM>
        <ModeloAparato>
          <TipoAparato>CA</TipoAparato>
          <MarcaAparato>199</MarcaAparato>
          <NumeroSerie>058519891</NumeroSerie>
          <TipoDHEdM>6</TipoDHEdM>
          <Integrador>
            <Magnitud>AE</Magnitud>
            <CodigoPeriodo>62</CodigoPeriodo>
            <ConstanteMultiplicadora>000001.000</ConstanteMultiplicadora>
            <NumeroRuedasEnteras>08</NumeroRuedasEnteras>
            <NumeroRuedasDecimales>00</NumeroRuedasDecimales>
            <ConsumoCalculado>+0000001010.00</ConsumoCalculado>
            <LecturaDesde>
              <Fecha>2018-01-15</Fecha>
              <Procedencia>20</Procedencia>
              <Lectura>0000012104.00</Lectura>
            </LecturaDesde>
            <LecturaHasta>
              <Fecha>2018-02-13</Fecha>
              <Procedencia>20</Procedencia>
              <Lectura>0000013114.00</Lectura>
            </LecturaHasta>
            <FechaHoraMaximetro>2018-02-13T00:00:00</FechaHoraMaximetro>
          </Integrador>
          <Integrador>
            <Magnitud>AE</Magnitud>
            <CodigoPeriodo>63</CodigoPeriodo>
            <ConstanteMultiplicadora>000001.000</ConstanteMultiplicadora>
            <NumeroRuedasEnteras>08</NumeroRuedasEnteras>
            <NumeroRuedasDecimales>00</NumeroRuedasDecimales>
            <ConsumoCalculado>+0000000169.00</ConsumoCalculado>
            <LecturaDesde>
              <Fecha>2018-01-15</Fecha>
              <Procedencia>20</Procedencia>
              <Lectura>0000003241.00</Lectura>
            </LecturaDesde>
            <LecturaHasta>
              <Fecha>2018-02-13</Fecha>
              <Procedencia>20</Procedencia>
              <Lectura>0000003410.00</Lectura>
            </LecturaHasta>
            <FechaHoraMaximetro>2018-02-13T00:00:00</FechaHoraMaximetro>
          </Integrador>
          <Integrador>
            <Magnitud>AE</Magnitud>
            <CodigoPeriodo>61</CodigoPeriodo>
            <ConstanteMultiplicadora>000001.000</ConstanteMultiplicadora>
            <NumeroRuedasEnteras>08</NumeroRuedasEnteras>
            <NumeroRuedasDecimales>00</NumeroRuedasDecimales>
            <ConsumoCalculado>+0000000166.00</ConsumoCalculado>
            <LecturaDesde>
              <Fecha>2018-01-15</Fecha>
              <Procedencia>20</Procedencia>
              <Lectura>0000004694.00</Lectura>
            </LecturaDesde>
            <LecturaHasta>
              <Fecha>2018-02-13</Fecha>
              <Procedencia>20</Procedencia>
              <Lectura>0000004860.00</Lectura>
            </LecturaHasta>
            <FechaHoraMaximetro>2018-02-13T00:00:00</FechaHoraMaximetro>
          </Integrador>
          <Integrador>
            <Magnitud>R1</Magnitud>
            <CodigoPeriodo>62</CodigoPeriodo>
            <ConstanteMultiplicadora>000001.000</ConstanteMultiplicadora>
            <NumeroRuedasEnteras>08</NumeroRuedasEnteras>
            <NumeroRuedasDecimales>00</NumeroRuedasDecimales>
            <ConsumoCalculado>+0000000000.00</ConsumoCalculado>
            <LecturaDesde>
              <Fecha>2018-01-15</Fecha>
              <Procedencia>20</Procedencia>
              <Lectura>0000000002.00</Lectura>
            </LecturaDesde>
            <LecturaHasta>
              <Fecha>2018-02-13</Fecha>
              <Procedencia>20</Procedencia>
              <Lectura>0000000002.00</Lectura>
            </LecturaHasta>
            <FechaHoraMaximetro>2018-02-13T00:00:00</FechaHoraMaximetro>
          </Integrador>
          <Integrador>
            <Magnitud>R1</Magnitud>
            <CodigoPeriodo>63</CodigoPeriodo>
            <ConstanteMultiplicadora>000001.000</ConstanteMultiplicadora>
            <NumeroRuedasEnteras>08</NumeroRuedasEnteras>
            <NumeroRuedasDecimales>00</NumeroRuedasDecimales>
            <ConsumoCalculado>+0000000000.00</ConsumoCalculado>
            <LecturaDesde>
              <Fecha>2018-01-15</Fecha>
              <Procedencia>20</Procedencia>
              <Lectura>0000000000.00</Lectura>
            </LecturaDesde>
            <LecturaHasta>
              <Fecha>2018-02-13</Fecha>
              <Procedencia>20</Procedencia>
              <Lectura>0000000000.00</Lectura>
            </LecturaHasta>
            <FechaHoraMaximetro>2018-02-13T00:00:00</FechaHoraMaximetro>
          </Integrador>
          <Integrador>
            <Magnitud>R1</Magnitud>
            <CodigoPeriodo>61</CodigoPeriodo>
            <ConstanteMultiplicadora>000001.000</ConstanteMultiplicadora>
            <NumeroRuedasEnteras>08</NumeroRuedasEnteras>
            <NumeroRuedasDecimales>00</NumeroRuedasDecimales>
            <ConsumoCalculado>+0000000000.00</ConsumoCalculado>
            <LecturaDesde>
              <Fecha>2018-01-15</Fecha>
              <Procedencia>20</Procedencia>
              <Lectura>0000000001.00</Lectura>
            </LecturaDesde>
            <LecturaHasta>
              <Fecha>2018-02-13</Fecha>
              <Procedencia>20</Procedencia>
              <Lectura>0000000001.00</Lectura>
            </LecturaHasta>
            <FechaHoraMaximetro>2018-02-13T00:00:00</FechaHoraMaximetro>
          </Integrador>
          <Integrador>
            <Magnitud>PM</Magnitud>
            <CodigoPeriodo>62</CodigoPeriodo>
            <ConstanteMultiplicadora>000001.000</ConstanteMultiplicadora>
            <NumeroRuedasEnteras>08</NumeroRuedasEnteras>
            <NumeroRuedasDecimales>00</NumeroRuedasDecimales>
            <ConsumoCalculado>+0000016000.00</ConsumoCalculado>
            <LecturaDesde>
              <Fecha>2018-01-15</Fecha>
              <Procedencia>20</Procedencia>
              <Lectura>0000000000.00</Lectura>
            </LecturaDesde>
            <LecturaHasta>
              <Fecha>2018-02-13</Fecha>
              <Procedencia>20</Procedencia>
              <Lectura>0000016000.00</Lectura>
            </LecturaHasta>
            <FechaHoraMaximetro>2018-02-13T00:00:00</FechaHoraMaximetro>
          </Integrador>
          <Integrador>
            <Magnitud>PM</Magnitud>
            <CodigoPeriodo>63</CodigoPeriodo>
            <ConstanteMultiplicadora>000001.000</ConstanteMultiplicadora>
            <NumeroRuedasEnteras>08</NumeroRuedasEnteras>
            <NumeroRuedasDecimales>00</NumeroRuedasDecimales>
            <ConsumoCalculado>+0000007000.00</ConsumoCalculado>
            <LecturaDesde>
              <Fecha>2018-01-15</Fecha>
              <Procedencia>20</Procedencia>
              <Lectura>0000000000.00</Lectura>
            </LecturaDesde>
            <LecturaHasta>
              <Fecha>2018-02-13</Fecha>
              <Procedencia>20</Procedencia>
              <Lectura>0000007000.00</Lectura>
            </LecturaHasta>
            <FechaHoraMaximetro>2018-02-13T00:00:00</FechaHoraMaximetro>
          </Integrador>
          <Integrador>
            <Magnitud>PM</Magnitud>
            <CodigoPeriodo>61</CodigoPeriodo>
            <ConstanteMultiplicadora>000001.000</ConstanteMultiplicadora>
            <NumeroRuedasEnteras>08</NumeroRuedasEnteras>
            <NumeroRuedasDecimales>00</NumeroRuedasDecimales>
            <ConsumoCalculado>+0000009000.00</ConsumoCalculado>
            <LecturaDesde>
              <Fecha>2018-01-15</Fecha>
              <Procedencia>20</Procedencia>
              <Lectura>0000000000.00</Lectura>
            </LecturaDesde>
            <LecturaHasta>
              <Fecha>2018-02-13</Fecha>
              <Procedencia>20</Procedencia>
              <Lectura>0000009000.00</Lectura>
            </LecturaHasta>
            <FechaHoraMaximetro>2018-02-13T00:00:00</FechaHoraMaximetro>
          </Integrador>
          <Integrador>
            <Magnitud>AE</Magnitud>
            <CodigoPeriodo>64</CodigoPeriodo>
            <ConstanteMultiplicadora>000001.000</ConstanteMultiplicadora>
            <NumeroRuedasEnteras>08</NumeroRuedasEnteras>
            <NumeroRuedasDecimales>00</NumeroRuedasDecimales>
            <ConsumoCalculado>+0000000014.00</ConsumoCalculado>
            <LecturaDesde>
              <Fecha>2018-01-15</Fecha>
              <Procedencia>20</Procedencia>
              <Lectura>0000000795.00</Lectura>
            </LecturaDesde>
            <LecturaHasta>
              <Fecha>2018-02-13</Fecha>
              <Procedencia>20</Procedencia>
              <Lectura>0000000809.00</Lectura>
            </LecturaHasta>
            <FechaHoraMaximetro>2018-02-13T00:00:00</FechaHoraMaximetro>
          </Integrador>
          <Integrador>
            <Magnitud>AE</Magnitud>
            <CodigoPeriodo>65</CodigoPeriodo>
            <ConstanteMultiplicadora>000001.000</ConstanteMultiplicadora>
            <NumeroRuedasEnteras>08</NumeroRuedasEnteras>
            <NumeroRuedasDecimales>00</NumeroRuedasDecimales>
            <ConsumoCalculado>+0000000099.00</ConsumoCalculado>
            <LecturaDesde>
              <Fecha>2018-01-15</Fecha>
              <Procedencia>20</Procedencia>
              <Lectura>0000002180.00</Lectura>
            </LecturaDesde>
            <LecturaHasta>
              <Fecha>2018-02-13</Fecha>
              <Procedencia>20</Procedencia>
              <Lectura>0000002279.00</Lectura>
            </LecturaHasta>
            <FechaHoraMaximetro>2018-02-13T00:00:00</FechaHoraMaximetro>
          </Integrador>
          <Integrador>
            <Magnitud>AE</Magnitud>
            <CodigoPeriodo>66</CodigoPeriodo>
            <ConstanteMultiplicadora>000001.000</ConstanteMultiplicadora>
            <NumeroRuedasEnteras>08</NumeroRuedasEnteras>
            <NumeroRuedasDecimales>00</NumeroRuedasDecimales>
            <ConsumoCalculado>+0000000026.00</ConsumoCalculado>
            <LecturaDesde>
              <Fecha>2018-01-15</Fecha>
              <Procedencia>20</Procedencia>
              <Lectura>0000000701.00</Lectura>
            </LecturaDesde>
            <LecturaHasta>
              <Fecha>2018-02-13</Fecha>
              <Procedencia>20</Procedencia>
              <Lectura>0000000727.00</Lectura>
            </LecturaHasta>
            <FechaHoraMaximetro>2018-02-13T00:00:00</FechaHoraMaximetro>
          </Integrador>
          <Integrador>
            <Magnitud>R1</Magnitud>
            <CodigoPeriodo>64</CodigoPeriodo>
            <ConstanteMultiplicadora>000001.000</ConstanteMultiplicadora>
            <NumeroRuedasEnteras>08</NumeroRuedasEnteras>
            <NumeroRuedasDecimales>00</NumeroRuedasDecimales>
            <ConsumoCalculado>+0000000000.00</ConsumoCalculado>
            <LecturaDesde>
              <Fecha>2018-01-15</Fecha>
              <Procedencia>20</Procedencia>
              <Lectura>0000000000.00</Lectura>
            </LecturaDesde>
            <LecturaHasta>
              <Fecha>2018-02-13</Fecha>
              <Procedencia>20</Procedencia>
              <Lectura>0000000000.00</Lectura>
            </LecturaHasta>
            <FechaHoraMaximetro>2018-02-13T00:00:00</FechaHoraMaximetro>
          </Integrador>
          <Integrador>
            <Magnitud>R1</Magnitud>
            <CodigoPeriodo>65</CodigoPeriodo>
            <ConstanteMultiplicadora>000001.000</ConstanteMultiplicadora>
            <NumeroRuedasEnteras>08</NumeroRuedasEnteras>
            <NumeroRuedasDecimales>00</NumeroRuedasDecimales>
            <ConsumoCalculado>+0000000000.00</ConsumoCalculado>
            <LecturaDesde>
              <Fecha>2018-01-15</Fecha>
              <Procedencia>20</Procedencia>
              <Lectura>0000000000.00</Lectura>
            </LecturaDesde>
            <LecturaHasta>
              <Fecha>2018-02-13</Fecha>
              <Procedencia>20</Procedencia>
              <Lectura>0000000000.00</Lectura>
            </LecturaHasta>
            <FechaHoraMaximetro>2018-02-13T00:00:00</FechaHoraMaximetro>
          </Integrador>
          <Integrador>
            <Magnitud>R1</Magnitud>
            <CodigoPeriodo>66</CodigoPeriodo>
            <ConstanteMultiplicadora>000001.000</ConstanteMultiplicadora>
            <NumeroRuedasEnteras>08</NumeroRuedasEnteras>
            <NumeroRuedasDecimales>00</NumeroRuedasDecimales>
            <ConsumoCalculado>+0000000000.00</ConsumoCalculado>
            <LecturaDesde>
              <Fecha>2018-01-15</Fecha>
              <Procedencia>20</Procedencia>
              <Lectura>0000000000.00</Lectura>
            </LecturaDesde>
            <LecturaHasta>
              <Fecha>2018-02-13</Fecha>
              <Procedencia>20</Procedencia>
              <Lectura>0000000000.00</Lectura>
            </LecturaHasta>
            <FechaHoraMaximetro>2018-02-13T00:00:00</FechaHoraMaximetro>
          </Integrador>
          <Integrador>
            <Magnitud>PM</Magnitud>
            <CodigoPeriodo>64</CodigoPeriodo>
            <ConstanteMultiplicadora>000001.000</ConstanteMultiplicadora>
            <NumeroRuedasEnteras>08</NumeroRuedasEnteras>
            <NumeroRuedasDecimales>00</NumeroRuedasDecimales>
            <ConsumoCalculado>+0000001000.00</ConsumoCalculado>
            <LecturaDesde>
              <Fecha>2018-01-15</Fecha>
              <Procedencia>20</Procedencia>
              <Lectura>0000000000.00</Lectura>
            </LecturaDesde>
            <LecturaHasta>
              <Fecha>2018-02-13</Fecha>
              <Procedencia>20</Procedencia>
              <Lectura>0000001000.00</Lectura>
            </LecturaHasta>
            <FechaHoraMaximetro>2018-02-13T00:00:00</FechaHoraMaximetro>
          </Integrador>
          <Integrador>
            <Magnitud>PM</Magnitud>
            <CodigoPeriodo>65</CodigoPeriodo>
            <ConstanteMultiplicadora>000001.000</ConstanteMultiplicadora>
            <NumeroRuedasEnteras>08</NumeroRuedasEnteras>
            <NumeroRuedasDecimales>00</NumeroRuedasDecimales>
            <ConsumoCalculado>+0000014000.00</ConsumoCalculado>
            <LecturaDesde>
              <Fecha>2018-01-15</Fecha>
              <Procedencia>20</Procedencia>
              <Lectura>0000000000.00</Lectura>
            </LecturaDesde>
            <LecturaHasta>
              <Fecha>2018-02-13</Fecha>
              <Procedencia>20</Procedencia>
              <Lectura>0000014000.00</Lectura>
            </LecturaHasta>
            <FechaHoraMaximetro>2018-02-13T00:00:00</FechaHoraMaximetro>
          </Integrador>
          <Integrador>
            <Magnitud>PM</Magnitud>
            <CodigoPeriodo>66</CodigoPeriodo>
            <ConstanteMultiplicadora>000001.000</ConstanteMultiplicadora>
            <NumeroRuedasEnteras>08</NumeroRuedasEnteras>
            <NumeroRuedasDecimales>00</NumeroRuedasDecimales>
            <ConsumoCalculado>+0000002000.00</ConsumoCalculado>
            <LecturaDesde>
              <Fecha>2018-01-15</Fecha>
              <Procedencia>20</Procedencia>
              <Lectura>0000000000.00</Lectura>
            </LecturaDesde>
            <LecturaHasta>
              <Fecha>2018-02-13</Fecha>
              <Procedencia>20</Procedencia>
              <Lectura>0000002000.00</Lectura>
            </LecturaHasta>
            <FechaHoraMaximetro>2018-02-13T00:00:00</FechaHoraMaximetro>
          </Integrador>
          <Integrador>
            <Magnitud>AE</Magnitud>
            <CodigoPeriodo>60</CodigoPeriodo>
            <ConstanteMultiplicadora>000001.000</ConstanteMultiplicadora>
            <NumeroRuedasEnteras>08</NumeroRuedasEnteras>
            <NumeroRuedasDecimales>00</NumeroRuedasDecimales>
            <ConsumoCalculado>+0000001482.00</ConsumoCalculado>
            <LecturaDesde>
              <Fecha>2018-01-15</Fecha>
              <Procedencia>20</Procedencia>
              <Lectura>0000023719.00</Lectura>
            </LecturaDesde>
            <LecturaHasta>
              <Fecha>2018-02-13</Fecha>
              <Procedencia>20</Procedencia>
              <Lectura>0000025201.00</Lectura>
            </LecturaHasta>
            <FechaHoraMaximetro>2018-02-13T00:00:00</FechaHoraMaximetro>
          </Integrador>
          <Integrador>
            <Magnitud>R1</Magnitud>
            <CodigoPeriodo>60</CodigoPeriodo>
            <ConstanteMultiplicadora>000001.000</ConstanteMultiplicadora>
            <NumeroRuedasEnteras>08</NumeroRuedasEnteras>
            <NumeroRuedasDecimales>00</NumeroRuedasDecimales>
            <ConsumoCalculado>+0000000000.00</ConsumoCalculado>
            <LecturaDesde>
              <Fecha>2018-01-15</Fecha>
              <Procedencia>20</Procedencia>
              <Lectura>0000000004.00</Lectura>
            </LecturaDesde>
            <LecturaHasta>
              <Fecha>2018-02-13</Fecha>
              <Procedencia>20</Procedencia>
              <Lectura>0000000004.00</Lectura>
            </LecturaHasta>
            <FechaHoraMaximetro>2018-02-13T00:00:00</FechaHoraMaximetro>
          </Integrador>
        </ModeloAparato>
      </Medidas>
    </FacturaATR>
    <RegistroFin>
      <ImporteTotal>+0000000006359.77</ImporteTotal>
      <SaldoTotalFacturacion>-0000000000083.41</SaldoTotalFacturacion>
      <TotalRecibos>00054</TotalRecibos>
      <TipoMoneda>02</TipoMoneda>
      <FechaValor>2018-02-13</FechaValor>
      <FechaLimitePago>2018-03-05</FechaLimitePago>
      <IdRemesa>00000000000000000007646305</IdRemesa>
    </RegistroFin>
  </Facturas>
  <OtrosDatosFactura>
    <SociedadMercantilEmisora>ENDESA DISTRIBUCION ELECTRICAS</SociedadMercantilEmisora>
    <SociedadMercantilDestino>SUNAIR ONE ENERGY, S.L.</SociedadMercantilDestino>
    <DireccionEmisora>AVDA. BORBOLLA, 5</DireccionEmisora>
    <DireccionDestino>P.I.AGRO REUS C/ IGNASI I</DireccionDestino>
  </OtrosDatosFactura>
</MensajeFacturacion>