<?xml version="1.0" encoding="UTF-8"?><MensajeFacturacion xmlns="http://localhost/elegibilidad">
  <Cabecera>
    <CodigoREEEmpresaEmisora>0023</CodigoREEEmpresaEmisora>
    <CodigoREEEmpresaDestino>0815</CodigoREEEmpresaDestino>
    <CodigoDelProceso>F1</CodigoDelProceso>
    <CodigoDePaso>01</CodigoDePaso>
    <CodigoDeSolicitud>000007646305</CodigoDeSolicitud>
    <SecuencialDeSolicitud>00</SecuencialDeSolicitud>
    <FechaSolicitud>2018-02-13T02:04:59</FechaSolicitud>
    <CUPS>ES0031104340069001NQ0F</CUPS>
  </Cabecera>
  <Facturas>
    <FacturaATR>
      <DatosGeneralesFacturaATR>
        <DireccionSuministro>
          <Pais>ESPAÑA</Pais>
          <Provincia>41</Provincia>
          <Municipio>000035</Municipio>
          <Poblacion>000001506</Poblacion>
          <TipoVia>CL</TipoVia>
          <CodPostal>41780</CodPostal>
          <Calle>PALOMAS, LAS</Calle>
          <NumeroFinca>00000</NumeroFinca>
          <TipoAclaradorFinca>NO</TipoAclaradorFinca>
          <AclaradorFinca>CT 74945</AclaradorFinca>
        </DireccionSuministro>
        <Cliente>
          <TipoIdentificador>NI</TipoIdentificador>
          <Identificador>B55567986</Identificador>
        </Cliente>
        <CodContrato>097113939092</CodContrato>
        <DatosGeneralesFactura>
          <CodigoFiscalFactura>S1801N07044310</CodigoFiscalFactura>
          <TipoFactura>N</TipoFactura>
          <MotivoFacturacion>01</MotivoFacturacion>
          <Expediente>
            <NumeroExpediente>0000000000000000</NumeroExpediente>
            <CodigoSolicitud>000000000000</CodigoSolicitud>
          </Expediente>
          <FechaFactura>2018-02-13</FechaFactura>
          <IdentificadorEmisora>B82846817</IdentificadorEmisora>
          <Comentarios>7646305                                                                                             </Comentarios>
          <ImporteTotalFactura>+0000000107.73</ImporteTotalFactura>
          <TipoMoneda>02</TipoMoneda>
        </DatosGeneralesFactura>
        <DatosFacturaATR>
          <FechaBOE>2017-12-27</FechaBOE>
          <TarifaATRFact>011</TarifaATRFact>
          <ModoControlPotencia>2</ModoControlPotencia>
          <MarcaMedidaConPerdidas>S</MarcaMedidaConPerdidas>
          <VAsTrafo>00000000160000</VAsTrafo>
          <PorcentajePerdidas>0004.00</PorcentajePerdidas>
          <IndicativoCurvaCarga>03</IndicativoCurvaCarga>
          <Periodo>
            <FechaDesdeFactura>2017-12-31</FechaDesdeFactura>
            <FechaHastaFactura>2018-01-31</FechaHastaFactura>
            <NumeroDias>031</NumeroDias>
          </Periodo>
        </DatosFacturaATR>
      </DatosGeneralesFacturaATR>
      <Potencia>
        <TerminoPotencia>
          <FechaDesde>2017-12-31</FechaDesde>
          <FechaHasta>2018-01-31</FechaHasta>
          <Periodo>
            <PotenciaContratada>00000000009860</PotenciaContratada>
            <PotenciaMaxDemandada>00000000004000</PotenciaMaxDemandada>
            <PotenciaAFacturar>00000000008381</PotenciaAFacturar>
            <PrecioPotencia>00000.162119090</PrecioPotencia>
          </Periodo>
          <Periodo>
            <PotenciaContratada>00000000009860</PotenciaContratada>
            <PotenciaMaxDemandada>00000000008000</PotenciaMaxDemandada>
            <PotenciaAFacturar>00000000008381</PotenciaAFacturar>
            <PrecioPotencia>00000.099974490</PrecioPotencia>
          </Periodo>
          <Periodo>
            <PotenciaContratada>00000000009860</PotenciaContratada>
            <PotenciaMaxDemandada>00000000006000</PotenciaMaxDemandada>
            <PotenciaAFacturar>00000000008381</PotenciaAFacturar>
            <PrecioPotencia>00000.022925290</PrecioPotencia>
          </Periodo>
          <Periodo>
            <PotenciaContratada>00000000000000</PotenciaContratada>
            <PotenciaMaxDemandada>00000000000000</PotenciaMaxDemandada>
            <PotenciaAFacturar>00000000000000</PotenciaAFacturar>
            <PrecioPotencia>00000.000000000</PrecioPotencia>
          </Periodo>
          <Periodo>
            <PotenciaContratada>00000000000000</PotenciaContratada>
            <PotenciaMaxDemandada>00000000000000</PotenciaMaxDemandada>
            <PotenciaAFacturar>00000000000000</PotenciaAFacturar>
            <PrecioPotencia>00000.000000000</PrecioPotencia>
          </Periodo>
          <Periodo>
            <PotenciaContratada>00000000000000</PotenciaContratada>
            <PotenciaMaxDemandada>00000000000000</PotenciaMaxDemandada>
            <PotenciaAFacturar>00000000000000</PotenciaAFacturar>
            <PrecioPotencia>00000.000000000</PrecioPotencia>
          </Periodo>
        </TerminoPotencia>
        <PenalizacionNoICP>N</PenalizacionNoICP>
        <ImporteTotalTerminoPotencia>+0000000074.05</ImporteTotalTerminoPotencia>
      </Potencia>
      <EnergiaActiva>
        <TerminoEnergiaActiva>
          <FechaDesde>2017-12-31</FechaDesde>
          <FechaHasta>2018-01-31</FechaHasta>
          <Periodo>
            <ValorEnergiaActiva>+00000000226.00</ValorEnergiaActiva>
            <PrecioEnergia>00000.014335000</PrecioEnergia>
          </Periodo>
          <Periodo>
            <ValorEnergiaActiva>+00000000571.00</ValorEnergiaActiva>
            <PrecioEnergia>00000.012754000</PrecioEnergia>
          </Periodo>
          <Periodo>
            <ValorEnergiaActiva>+00000000571.00</ValorEnergiaActiva>
            <PrecioEnergia>00000.007805000</PrecioEnergia>
          </Periodo>
          <Periodo>
            <ValorEnergiaActiva>+00000000000.00</ValorEnergiaActiva>
            <PrecioEnergia>00000.000000000</PrecioEnergia>
          </Periodo>
          <Periodo>
            <ValorEnergiaActiva>+00000000000.00</ValorEnergiaActiva>
            <PrecioEnergia>00000.000000000</PrecioEnergia>
          </Periodo>
          <Periodo>
            <ValorEnergiaActiva>+00000000000.00</ValorEnergiaActiva>
            <PrecioEnergia>00000.000000000</PrecioEnergia>
          </Periodo>
        </TerminoEnergiaActiva>
        <ImporteTotalEnergiaActiva>+0000000014.98</ImporteTotalEnergiaActiva>
      </EnergiaActiva>
      <ImpuestoElectrico>
        <BaseImponible>+0000000000.00</BaseImponible>
        <Porcentaje>00000.00000000</Porcentaje>
        <Importe>+0000000000.00</Importe>
      </ImpuestoElectrico>
      <IVA>
        <BaseImponible>+0000000089.03</BaseImponible>
        <Porcentaje>0021.00</Porcentaje>
        <Importe>+0000000018.70</Importe>
      </IVA>
      <Medidas>
        <CodPM>ES0031104340069001NQ2P</CodPM>
        <ModeloAparato>
          <TipoAparato>CA</TipoAparato>
          <MarcaAparato>199</MarcaAparato>
          <NumeroSerie>38303671</NumeroSerie>
          <TipoDHEdM>6</TipoDHEdM>
          <Integrador>
            <Magnitud>AE</Magnitud>
            <CodigoPeriodo>62</CodigoPeriodo>
            <ConstanteMultiplicadora>000001.000</ConstanteMultiplicadora>
            <NumeroRuedasEnteras>09</NumeroRuedasEnteras>
            <NumeroRuedasDecimales>00</NumeroRuedasDecimales>
            <ConsumoCalculado>+0000000124.00</ConsumoCalculado>
            <LecturaDesde>
              <Fecha>2017-12-31</Fecha>
              <Procedencia>20</Procedencia>
              <Lectura>0000006777.00</Lectura>
            </LecturaDesde>
            <LecturaHasta>
              <Fecha>2018-01-31</Fecha>
              <Procedencia>20</Procedencia>
              <Lectura>0000006901.00</Lectura>
            </LecturaHasta>
            <FechaHoraMaximetro>2018-01-31T00:00:00</FechaHoraMaximetro>
          </Integrador>
          <Integrador>
            <Magnitud>AE</Magnitud>
            <CodigoPeriodo>63</CodigoPeriodo>
            <ConstanteMultiplicadora>000001.000</ConstanteMultiplicadora>
            <NumeroRuedasEnteras>09</NumeroRuedasEnteras>
            <NumeroRuedasDecimales>00</NumeroRuedasDecimales>
            <ConsumoCalculado>+0000000016.00</ConsumoCalculado>
            <LecturaDesde>
              <Fecha>2017-12-31</Fecha>
              <Procedencia>20</Procedencia>
              <Lectura>0000001628.00</Lectura>
            </LecturaDesde>
            <LecturaHasta>
              <Fecha>2018-01-31</Fecha>
              <Procedencia>20</Procedencia>
              <Lectura>0000001644.00</Lectura>
            </LecturaHasta>
            <FechaHoraMaximetro>2018-01-31T00:00:00</FechaHoraMaximetro>
          </Integrador>
          <Integrador>
            <Magnitud>AE</Magnitud>
            <CodigoPeriodo>61</CodigoPeriodo>
            <ConstanteMultiplicadora>000001.000</ConstanteMultiplicadora>
            <NumeroRuedasEnteras>09</NumeroRuedasEnteras>
            <NumeroRuedasDecimales>00</NumeroRuedasDecimales>
            <ConsumoCalculado>+0000000014.00</ConsumoCalculado>
            <LecturaDesde>
              <Fecha>2017-12-31</Fecha>
              <Procedencia>20</Procedencia>
              <Lectura>0000004337.00</Lectura>
            </LecturaDesde>
            <LecturaHasta>
              <Fecha>2018-01-31</Fecha>
              <Procedencia>20</Procedencia>
              <Lectura>0000004351.00</Lectura>
            </LecturaHasta>
            <FechaHoraMaximetro>2018-01-31T00:00:00</FechaHoraMaximetro>
          </Integrador>
          <Integrador>
            <Magnitud>R1</Magnitud>
            <CodigoPeriodo>62</CodigoPeriodo>
            <ConstanteMultiplicadora>000001.000</ConstanteMultiplicadora>
            <NumeroRuedasEnteras>09</NumeroRuedasEnteras>
            <NumeroRuedasDecimales>00</NumeroRuedasDecimales>
            <ConsumoCalculado>+0000000002.00</ConsumoCalculado>
            <LecturaDesde>
              <Fecha>2017-12-31</Fecha>
              <Procedencia>20</Procedencia>
              <Lectura>0000000344.00</Lectura>
            </LecturaDesde>
            <LecturaHasta>
              <Fecha>2018-01-31</Fecha>
              <Procedencia>20</Procedencia>
              <Lectura>0000000346.00</Lectura>
            </LecturaHasta>
            <FechaHoraMaximetro>2018-01-31T00:00:00</FechaHoraMaximetro>
          </Integrador>
          <Integrador>
            <Magnitud>R1</Magnitud>
            <CodigoPeriodo>63</CodigoPeriodo>
            <ConstanteMultiplicadora>000001.000</ConstanteMultiplicadora>
            <NumeroRuedasEnteras>09</NumeroRuedasEnteras>
            <NumeroRuedasDecimales>00</NumeroRuedasDecimales>
            <ConsumoCalculado>+0000000000.00</ConsumoCalculado>
            <LecturaDesde>
              <Fecha>2017-12-31</Fecha>
              <Procedencia>20</Procedencia>
              <Lectura>0000000189.00</Lectura>
            </LecturaDesde>
            <LecturaHasta>
              <Fecha>2018-01-31</Fecha>
              <Procedencia>20</Procedencia>
              <Lectura>0000000189.00</Lectura>
            </LecturaHasta>
            <FechaHoraMaximetro>2018-01-31T00:00:00</FechaHoraMaximetro>
          </Integrador>
          <Integrador>
            <Magnitud>R1</Magnitud>
            <CodigoPeriodo>61</CodigoPeriodo>
            <ConstanteMultiplicadora>000001.000</ConstanteMultiplicadora>
            <NumeroRuedasEnteras>09</NumeroRuedasEnteras>
            <NumeroRuedasDecimales>00</NumeroRuedasDecimales>
            <ConsumoCalculado>+0000000003.00</ConsumoCalculado>
            <LecturaDesde>
              <Fecha>2017-12-31</Fecha>
              <Procedencia>20</Procedencia>
              <Lectura>0000000280.00</Lectura>
            </LecturaDesde>
            <LecturaHasta>
              <Fecha>2018-01-31</Fecha>
              <Procedencia>20</Procedencia>
              <Lectura>0000000283.00</Lectura>
            </LecturaHasta>
            <FechaHoraMaximetro>2018-01-31T00:00:00</FechaHoraMaximetro>
          </Integrador>
          <Integrador>
            <Magnitud>PM</Magnitud>
            <CodigoPeriodo>62</CodigoPeriodo>
            <ConstanteMultiplicadora>000001.000</ConstanteMultiplicadora>
            <NumeroRuedasEnteras>09</NumeroRuedasEnteras>
            <NumeroRuedasDecimales>00</NumeroRuedasDecimales>
            <ConsumoCalculado>+0000008000.00</ConsumoCalculado>
            <LecturaDesde>
              <Fecha>2017-12-31</Fecha>
              <Procedencia>20</Procedencia>
              <Lectura>0000000000.00</Lectura>
            </LecturaDesde>
            <LecturaHasta>
              <Fecha>2018-01-31</Fecha>
              <Procedencia>20</Procedencia>
              <Lectura>0000008000.00</Lectura>
            </LecturaHasta>
            <FechaHoraMaximetro>2018-01-31T00:00:00</FechaHoraMaximetro>
          </Integrador>
          <Integrador>
            <Magnitud>PM</Magnitud>
            <CodigoPeriodo>63</CodigoPeriodo>
            <ConstanteMultiplicadora>000001.000</ConstanteMultiplicadora>
            <NumeroRuedasEnteras>09</NumeroRuedasEnteras>
            <NumeroRuedasDecimales>00</NumeroRuedasDecimales>
            <ConsumoCalculado>+0000005000.00</ConsumoCalculado>
            <LecturaDesde>
              <Fecha>2017-12-31</Fecha>
              <Procedencia>20</Procedencia>
              <Lectura>0000000000.00</Lectura>
            </LecturaDesde>
            <LecturaHasta>
              <Fecha>2018-01-31</Fecha>
              <Procedencia>20</Procedencia>
              <Lectura>0000005000.00</Lectura>
            </LecturaHasta>
            <FechaHoraMaximetro>2018-01-31T00:00:00</FechaHoraMaximetro>
          </Integrador>
          <Integrador>
            <Magnitud>PM</Magnitud>
            <CodigoPeriodo>61</CodigoPeriodo>
            <ConstanteMultiplicadora>000001.000</ConstanteMultiplicadora>
            <NumeroRuedasEnteras>09</NumeroRuedasEnteras>
            <NumeroRuedasDecimales>00</NumeroRuedasDecimales>
            <ConsumoCalculado>+0000004000.00</ConsumoCalculado>
            <LecturaDesde>
              <Fecha>2017-12-31</Fecha>
              <Procedencia>20</Procedencia>
              <Lectura>0000000000.00</Lectura>
            </LecturaDesde>
            <LecturaHasta>
              <Fecha>2018-01-31</Fecha>
              <Procedencia>20</Procedencia>
              <Lectura>0000004000.00</Lectura>
            </LecturaHasta>
            <FechaHoraMaximetro>2018-01-31T00:00:00</FechaHoraMaximetro>
          </Integrador>
          <Integrador>
            <Magnitud>AE</Magnitud>
            <CodigoPeriodo>64</CodigoPeriodo>
            <ConstanteMultiplicadora>000001.000</ConstanteMultiplicadora>
            <NumeroRuedasEnteras>09</NumeroRuedasEnteras>
            <NumeroRuedasDecimales>00</NumeroRuedasDecimales>
            <ConsumoCalculado>+0000000000.00</ConsumoCalculado>
            <LecturaDesde>
              <Fecha>2017-12-31</Fecha>
              <Procedencia>20</Procedencia>
              <Lectura>0000000000.00</Lectura>
            </LecturaDesde>
            <LecturaHasta>
              <Fecha>2018-01-31</Fecha>
              <Procedencia>20</Procedencia>
              <Lectura>0000000000.00</Lectura>
            </LecturaHasta>
            <FechaHoraMaximetro>2018-01-31T00:00:00</FechaHoraMaximetro>
          </Integrador>
          <Integrador>
            <Magnitud>AE</Magnitud>
            <CodigoPeriodo>65</CodigoPeriodo>
            <ConstanteMultiplicadora>000001.000</ConstanteMultiplicadora>
            <NumeroRuedasEnteras>09</NumeroRuedasEnteras>
            <NumeroRuedasDecimales>00</NumeroRuedasDecimales>
            <ConsumoCalculado>+0000000004.00</ConsumoCalculado>
            <LecturaDesde>
              <Fecha>2017-12-31</Fecha>
              <Procedencia>20</Procedencia>
              <Lectura>0000000566.00</Lectura>
            </LecturaDesde>
            <LecturaHasta>
              <Fecha>2018-01-31</Fecha>
              <Procedencia>20</Procedencia>
              <Lectura>0000000570.00</Lectura>
            </LecturaHasta>
            <FechaHoraMaximetro>2018-01-31T00:00:00</FechaHoraMaximetro>
          </Integrador>
          <Integrador>
            <Magnitud>AE</Magnitud>
            <CodigoPeriodo>66</CodigoPeriodo>
            <ConstanteMultiplicadora>000001.000</ConstanteMultiplicadora>
            <NumeroRuedasEnteras>09</NumeroRuedasEnteras>
            <NumeroRuedasDecimales>00</NumeroRuedasDecimales>
            <ConsumoCalculado>+0000000013.00</ConsumoCalculado>
            <LecturaDesde>
              <Fecha>2017-12-31</Fecha>
              <Procedencia>20</Procedencia>
              <Lectura>0000002885.00</Lectura>
            </LecturaDesde>
            <LecturaHasta>
              <Fecha>2018-01-31</Fecha>
              <Procedencia>20</Procedencia>
              <Lectura>0000002898.00</Lectura>
            </LecturaHasta>
            <FechaHoraMaximetro>2018-01-31T00:00:00</FechaHoraMaximetro>
          </Integrador>
          <Integrador>
            <Magnitud>R1</Magnitud>
            <CodigoPeriodo>64</CodigoPeriodo>
            <ConstanteMultiplicadora>000001.000</ConstanteMultiplicadora>
            <NumeroRuedasEnteras>09</NumeroRuedasEnteras>
            <NumeroRuedasDecimales>00</NumeroRuedasDecimales>
            <ConsumoCalculado>+0000000000.00</ConsumoCalculado>
            <LecturaDesde>
              <Fecha>2017-12-31</Fecha>
              <Procedencia>20</Procedencia>
              <Lectura>0000000000.00</Lectura>
            </LecturaDesde>
            <LecturaHasta>
              <Fecha>2018-01-31</Fecha>
              <Procedencia>20</Procedencia>
              <Lectura>0000000000.00</Lectura>
            </LecturaHasta>
            <FechaHoraMaximetro>2018-01-31T00:00:00</FechaHoraMaximetro>
          </Integrador>
          <Integrador>
            <Magnitud>R1</Magnitud>
            <CodigoPeriodo>65</CodigoPeriodo>
            <ConstanteMultiplicadora>000001.000</ConstanteMultiplicadora>
            <NumeroRuedasEnteras>09</NumeroRuedasEnteras>
            <NumeroRuedasDecimales>00</NumeroRuedasDecimales>
            <ConsumoCalculado>+0000000002.00</ConsumoCalculado>
            <LecturaDesde>
              <Fecha>2017-12-31</Fecha>
              <Procedencia>20</Procedencia>
              <Lectura>0000000052.00</Lectura>
            </LecturaDesde>
            <LecturaHasta>
              <Fecha>2018-01-31</Fecha>
              <Procedencia>20</Procedencia>
              <Lectura>0000000054.00</Lectura>
            </LecturaHasta>
            <FechaHoraMaximetro>2018-01-31T00:00:00</FechaHoraMaximetro>
          </Integrador>
          <Integrador>
            <Magnitud>R1</Magnitud>
            <CodigoPeriodo>66</CodigoPeriodo>
            <ConstanteMultiplicadora>000001.000</ConstanteMultiplicadora>
            <NumeroRuedasEnteras>09</NumeroRuedasEnteras>
            <NumeroRuedasDecimales>00</NumeroRuedasDecimales>
            <ConsumoCalculado>+0000000000.00</ConsumoCalculado>
            <LecturaDesde>
              <Fecha>2017-12-31</Fecha>
              <Procedencia>20</Procedencia>
              <Lectura>0000000203.00</Lectura>
            </LecturaDesde>
            <LecturaHasta>
              <Fecha>2018-01-31</Fecha>
              <Procedencia>20</Procedencia>
              <Lectura>0000000203.00</Lectura>
            </LecturaHasta>
            <FechaHoraMaximetro>2018-01-31T00:00:00</FechaHoraMaximetro>
          </Integrador>
          <Integrador>
            <Magnitud>PM</Magnitud>
            <CodigoPeriodo>64</CodigoPeriodo>
            <ConstanteMultiplicadora>000001.000</ConstanteMultiplicadora>
            <NumeroRuedasEnteras>09</NumeroRuedasEnteras>
            <NumeroRuedasDecimales>00</NumeroRuedasDecimales>
            <ConsumoCalculado>+0000000000.00</ConsumoCalculado>
            <LecturaDesde>
              <Fecha>2017-12-31</Fecha>
              <Procedencia>20</Procedencia>
              <Lectura>0000000000.00</Lectura>
            </LecturaDesde>
            <LecturaHasta>
              <Fecha>2018-01-31</Fecha>
              <Procedencia>20</Procedencia>
              <Lectura>0000000000.00</Lectura>
            </LecturaHasta>
            <FechaHoraMaximetro>2018-01-31T00:00:00</FechaHoraMaximetro>
          </Integrador>
          <Integrador>
            <Magnitud>PM</Magnitud>
            <CodigoPeriodo>65</CodigoPeriodo>
            <ConstanteMultiplicadora>000001.000</ConstanteMultiplicadora>
            <NumeroRuedasEnteras>09</NumeroRuedasEnteras>
            <NumeroRuedasDecimales>00</NumeroRuedasDecimales>
            <ConsumoCalculado>+0000000000.00</ConsumoCalculado>
            <LecturaDesde>
              <Fecha>2017-12-31</Fecha>
              <Procedencia>20</Procedencia>
              <Lectura>0000000000.00</Lectura>
            </LecturaDesde>
            <LecturaHasta>
              <Fecha>2018-01-31</Fecha>
              <Procedencia>20</Procedencia>
              <Lectura>0000000000.00</Lectura>
            </LecturaHasta>
            <FechaHoraMaximetro>2018-01-31T00:00:00</FechaHoraMaximetro>
          </Integrador>
          <Integrador>
            <Magnitud>PM</Magnitud>
            <CodigoPeriodo>66</CodigoPeriodo>
            <ConstanteMultiplicadora>000001.000</ConstanteMultiplicadora>
            <NumeroRuedasEnteras>09</NumeroRuedasEnteras>
            <NumeroRuedasDecimales>00</NumeroRuedasDecimales>
            <ConsumoCalculado>+0000006000.00</ConsumoCalculado>
            <LecturaDesde>
              <Fecha>2017-12-31</Fecha>
              <Procedencia>20</Procedencia>
              <Lectura>0000000000.00</Lectura>
            </LecturaDesde>
            <LecturaHasta>
              <Fecha>2018-01-31</Fecha>
              <Procedencia>20</Procedencia>
              <Lectura>0000006000.00</Lectura>
            </LecturaHasta>
            <FechaHoraMaximetro>2018-01-31T00:00:00</FechaHoraMaximetro>
          </Integrador>
          <Integrador>
            <Magnitud>AE</Magnitud>
            <CodigoPeriodo>60</CodigoPeriodo>
            <ConstanteMultiplicadora>000001.000</ConstanteMultiplicadora>
            <NumeroRuedasEnteras>09</NumeroRuedasEnteras>
            <NumeroRuedasDecimales>00</NumeroRuedasDecimales>
            <ConsumoCalculado>+0000000172.00</ConsumoCalculado>
            <LecturaDesde>
              <Fecha>2017-12-31</Fecha>
              <Procedencia>20</Procedencia>
              <Lectura>0000016194.00</Lectura>
            </LecturaDesde>
            <LecturaHasta>
              <Fecha>2018-01-31</Fecha>
              <Procedencia>20</Procedencia>
              <Lectura>0000016366.00</Lectura>
            </LecturaHasta>
            <FechaHoraMaximetro>2018-01-31T00:00:00</FechaHoraMaximetro>
          </Integrador>
          <Integrador>
            <Magnitud>R1</Magnitud>
            <CodigoPeriodo>60</CodigoPeriodo>
            <ConstanteMultiplicadora>000001.000</ConstanteMultiplicadora>
            <NumeroRuedasEnteras>09</NumeroRuedasEnteras>
            <NumeroRuedasDecimales>00</NumeroRuedasDecimales>
            <ConsumoCalculado>+0000000006.00</ConsumoCalculado>
            <LecturaDesde>
              <Fecha>2017-12-31</Fecha>
              <Procedencia>20</Procedencia>
              <Lectura>0000001070.00</Lectura>
            </LecturaDesde>
            <LecturaHasta>
              <Fecha>2018-01-31</Fecha>
              <Procedencia>20</Procedencia>
              <Lectura>0000001076.00</Lectura>
            </LecturaHasta>
            <FechaHoraMaximetro>2018-01-31T00:00:00</FechaHoraMaximetro>
          </Integrador>
        </ModeloAparato>
      </Medidas>
    </FacturaATR>
    <RegistroFin>
      <ImporteTotal>+0000000006359.77</ImporteTotal>
      <SaldoTotalFacturacion>-0000000000083.41</SaldoTotalFacturacion>
      <TotalRecibos>00054</TotalRecibos>
      <TipoMoneda>02</TipoMoneda>
      <FechaValor>2018-02-13</FechaValor>
      <FechaLimitePago>2018-03-05</FechaLimitePago>
      <IdRemesa>00000000000000000007646305</IdRemesa>
    </RegistroFin>
  </Facturas>
  <OtrosDatosFactura>
    <SociedadMercantilEmisora>ENDESA DISTRIBUCION ELECTRICAS</SociedadMercantilEmisora>
    <SociedadMercantilDestino>SUNAIR ONE ENERGY, S.L.</SociedadMercantilDestino>
    <DireccionEmisora>AVDA. BORBOLLA, 5</DireccionEmisora>
    <DireccionDestino>P.I.AGRO REUS C/ IGNASI I</DireccionDestino>
  </OtrosDatosFactura>
</MensajeFacturacion>