<?xml version="1.0" encoding="UTF-8"?><MensajeFacturacion xmlns="http://localhost/elegibilidad">
  <Cabecera>
    <CodigoREEEmpresaEmisora>0024</CodigoREEEmpresaEmisora>
    <CodigoREEEmpresaDestino>0980</CodigoREEEmpresaDestino>
    <CodigoDelProceso>F1</CodigoDelProceso>
    <CodigoDePaso>01</CodigoDePaso>
    <CodigoDeSolicitud>000002511244</CodigoDeSolicitud>
    <SecuencialDeSolicitud>00</SecuencialDeSolicitud>
    <FechaSolicitud>2018-02-12T03:31:28</FechaSolicitud>
    <CUPS>ES0031406005880024AH0F</CUPS>
  </Cabecera>
  <Facturas>
    <FacturaATR>
      <DatosGeneralesFacturaATR>
        <DireccionSuministro>
          <Pais>ESPAÑA</Pais>
          <Provincia>17</Provincia>
          <Municipio>000095</Municipio>
          <Poblacion>000000628</Poblacion>
          <TipoVia>AV</TipoVia>
          <CodPostal>17310</CodPostal>
          <Calle>MISTRAL</Calle>
          <NumeroFinca>00002</NumeroFinca>
          <Piso>005</Piso>
          <Puerta>003</Puerta>
        </DireccionSuministro>
        <Cliente>
          <TipoIdentificador>NI</TipoIdentificador>
          <Identificador>B55641708</Identificador>
        </Cliente>
        <CodContrato>000511035441</CodContrato>
        <DatosGeneralesFactura>
          <CodigoFiscalFactura>F2801N03404455</CodigoFiscalFactura>
          <TipoFactura>N</TipoFactura>
          <MotivoFacturacion>01</MotivoFacturacion>
          <Expediente>
            <NumeroExpediente>0000000000000000</NumeroExpediente>
            <CodigoSolicitud>000000000000</CodigoSolicitud>
          </Expediente>
          <FechaFactura>2018-02-12</FechaFactura>
          <IdentificadorEmisora>B82846817</IdentificadorEmisora>
          <Comentarios>2511244                                                                                             </Comentarios>
          <ImporteTotalFactura>+0000000028.52</ImporteTotalFactura>
          <TipoMoneda>02</TipoMoneda>
        </DatosGeneralesFactura>
        <DatosFacturaATR>
          <FechaBOE>2017-12-27</FechaBOE>
          <TarifaATRFact>001</TarifaATRFact>
          <ModoControlPotencia>1</ModoControlPotencia>
          <MarcaMedidaConPerdidas>N</MarcaMedidaConPerdidas>
          <IndicativoCurvaCarga>01</IndicativoCurvaCarga>
          <PeriodoCCH>
            <FechaDesdeCCH>2018-01-10</FechaDesdeCCH>
            <FechaHastaCCH>2018-02-11</FechaHastaCCH>
          </PeriodoCCH>
          <Periodo>
            <FechaDesdeFactura>2018-01-10</FechaDesdeFactura>
            <FechaHastaFactura>2018-02-11</FechaHastaFactura>
            <NumeroDias>032</NumeroDias>
          </Periodo>
        </DatosFacturaATR>
      </DatosGeneralesFacturaATR>
      <Potencia>
        <TerminoPotencia>
          <FechaDesde>2018-01-10</FechaDesde>
          <FechaHasta>2018-02-11</FechaHasta>
          <Periodo>
            <PotenciaContratada>00000000004400</PotenciaContratada>
            <PotenciaMaxDemandada>00000000004400</PotenciaMaxDemandada>
            <PotenciaAFacturar>00000000004400</PotenciaAFacturar>
            <PrecioPotencia>00000.104229000</PrecioPotencia>
          </Periodo>
          <Periodo>
            <PotenciaContratada>00000000000000</PotenciaContratada>
            <PotenciaMaxDemandada>00000000000000</PotenciaMaxDemandada>
            <PotenciaAFacturar>00000000000000</PotenciaAFacturar>
            <PrecioPotencia>00000.000000000</PrecioPotencia>
          </Periodo>
          <Periodo>
            <PotenciaContratada>00000000000000</PotenciaContratada>
            <PotenciaMaxDemandada>00000000000000</PotenciaMaxDemandada>
            <PotenciaAFacturar>00000000000000</PotenciaAFacturar>
            <PrecioPotencia>00000.000000000</PrecioPotencia>
          </Periodo>
          <Periodo>
            <PotenciaContratada>00000000000000</PotenciaContratada>
            <PotenciaMaxDemandada>00000000000000</PotenciaMaxDemandada>
            <PotenciaAFacturar>00000000000000</PotenciaAFacturar>
            <PrecioPotencia>00000.000000000</PrecioPotencia>
          </Periodo>
          <Periodo>
            <PotenciaContratada>00000000000000</PotenciaContratada>
            <PotenciaMaxDemandada>00000000000000</PotenciaMaxDemandada>
            <PotenciaAFacturar>00000000000000</PotenciaAFacturar>
            <PrecioPotencia>00000.000000000</PrecioPotencia>
          </Periodo>
          <Periodo>
            <PotenciaContratada>00000000000000</PotenciaContratada>
            <PotenciaMaxDemandada>00000000000000</PotenciaMaxDemandada>
            <PotenciaAFacturar>00000000000000</PotenciaAFacturar>
            <PrecioPotencia>00000.000000000</PrecioPotencia>
          </Periodo>
        </TerminoPotencia>
        <PenalizacionNoICP>N</PenalizacionNoICP>
        <ImporteTotalTerminoPotencia>+0000000014.68</ImporteTotalTerminoPotencia>
      </Potencia>
      <EnergiaActiva>
        <TerminoEnergiaActiva>
          <FechaDesde>2018-01-10</FechaDesde>
          <FechaHasta>2018-02-11</FechaHasta>
          <Periodo>
            <ValorEnergiaActiva>+00000000202.00</ValorEnergiaActiva>
            <PrecioEnergia>00000.044027000</PrecioEnergia>
          </Periodo>
          <Periodo>
            <ValorEnergiaActiva>+00000000000.00</ValorEnergiaActiva>
            <PrecioEnergia>00000.000000000</PrecioEnergia>
          </Periodo>
          <Periodo>
            <ValorEnergiaActiva>+00000000000.00</ValorEnergiaActiva>
            <PrecioEnergia>00000.000000000</PrecioEnergia>
          </Periodo>
          <Periodo>
            <ValorEnergiaActiva>+00000000000.00</ValorEnergiaActiva>
            <PrecioEnergia>00000.000000000</PrecioEnergia>
          </Periodo>
          <Periodo>
            <ValorEnergiaActiva>+00000000000.00</ValorEnergiaActiva>
            <PrecioEnergia>00000.000000000</PrecioEnergia>
          </Periodo>
          <Periodo>
            <ValorEnergiaActiva>+00000000000.00</ValorEnergiaActiva>
            <PrecioEnergia>00000.000000000</PrecioEnergia>
          </Periodo>
        </TerminoEnergiaActiva>
        <ImporteTotalEnergiaActiva>+0000000008.89</ImporteTotalEnergiaActiva>
      </EnergiaActiva>
      <ImpuestoElectrico>
        <BaseImponible>+0000000000.00</BaseImponible>
        <Porcentaje>00000.00000000</Porcentaje>
        <Importe>+0000000000.00</Importe>
      </ImpuestoElectrico>
      <IVA>
        <BaseImponible>+0000000023.57</BaseImponible>
        <Porcentaje>0021.00</Porcentaje>
        <Importe>+0000000004.95</Importe>
      </IVA>
      <Medidas>
        <CodPM>ES0031406005880024AH1P</CodPM>
        <ModeloAparato>
          <TipoAparato>TG</TipoAparato>
          <MarcaAparato>199</MarcaAparato>
          <NumeroSerie>201067318</NumeroSerie>
          <TipoDHEdM>1</TipoDHEdM>
          <Integrador>
            <Magnitud>AE</Magnitud>
            <CodigoPeriodo>10</CodigoPeriodo>
            <ConstanteMultiplicadora>000001.000</ConstanteMultiplicadora>
            <NumeroRuedasEnteras>06</NumeroRuedasEnteras>
            <NumeroRuedasDecimales>00</NumeroRuedasDecimales>
            <ConsumoCalculado>+0000000202.00</ConsumoCalculado>
            <LecturaDesde>
              <Fecha>2018-01-10</Fecha>
              <Procedencia>60</Procedencia>
              <Lectura>0000008527.00</Lectura>
            </LecturaDesde>
            <LecturaHasta>
              <Fecha>2018-02-11</Fecha>
              <Procedencia>60</Procedencia>
              <Lectura>0000008729.00</Lectura>
            </LecturaHasta>
          </Integrador>
        </ModeloAparato>
      </Medidas>
    </FacturaATR>
    <RegistroFin>
      <ImporteTotal>+0000000000409.94</ImporteTotal>
      <SaldoTotalFacturacion>+0000000000000.00</SaldoTotalFacturacion>
      <TotalRecibos>00011</TotalRecibos>
      <TipoMoneda>02</TipoMoneda>
      <FechaValor>2018-02-12</FechaValor>
      <FechaLimitePago>2018-03-05</FechaLimitePago>
      <IdRemesa>00000000000000000002511244</IdRemesa>
    </RegistroFin>
  </Facturas>
  <OtrosDatosFactura>
    <SociedadMercantilEmisora>ENDESA DISTRIBUCION ELECTRICA S.L *</SociedadMercantilEmisora>
    <SociedadMercantilDestino>SUNAIR ONE HOME S.L.</SociedadMercantilDestino>
    <DireccionEmisora>AV VILANOVA</DireccionEmisora>
    <DireccionDestino>IGNASI IGLESIAS, NÂº 69 P</DireccionDestino>
  </OtrosDatosFactura>
</MensajeFacturacion>