<?xml version="1.0" encoding="UTF-8"?><MensajeFacturacion xmlns="http://localhost/elegibilidad">
  <Cabecera>
    <CodigoREEEmpresaEmisora>0024</CodigoREEEmpresaEmisora>
    <CodigoREEEmpresaDestino>0815</CodigoREEEmpresaDestino>
    <CodigoDelProceso>F1</CodigoDelProceso>
    <CodigoDePaso>01</CodigoDePaso>
    <CodigoDeSolicitud>000002512501</CodigoDeSolicitud>
    <SecuencialDeSolicitud>00</SecuencialDeSolicitud>
    <FechaSolicitud>2018-02-13T01:48:58</FechaSolicitud>
    <CUPS>ES0031405976747002YS0F</CUPS>
  </Cabecera>
  <Facturas>
    <FacturaATR>
      <DatosGeneralesFacturaATR>
        <DireccionSuministro>
          <Pais>ESPAÑA</Pais>
          <Provincia>08</Provincia>
          <Municipio>000019</Municipio>
          <Poblacion>000000034</Poblacion>
          <TipoVia>PE</TipoVia>
          <CodPostal>08009</CodPostal>
          <Calle>SANT JOAN</Calle>
          <NumeroFinca>00026</NumeroFinca>
          <Piso>BA</Piso>
        </DireccionSuministro>
        <Cliente>
          <TipoIdentificador>NI</TipoIdentificador>
          <Identificador>B55567986</Identificador>
        </Cliente>
        <CodContrato>000504741793</CodContrato>
        <DatosGeneralesFactura>
          <CodigoFiscalFactura>F3801N07483038</CodigoFiscalFactura>
          <TipoFactura>N</TipoFactura>
          <MotivoFacturacion>01</MotivoFacturacion>
          <Expediente>
            <NumeroExpediente>0000000000000000</NumeroExpediente>
            <CodigoSolicitud>000000000000</CodigoSolicitud>
          </Expediente>
          <FechaFactura>2018-02-13</FechaFactura>
          <IdentificadorEmisora>B82846817</IdentificadorEmisora>
          <Comentarios>2512501                                                                                             </Comentarios>
          <ImporteTotalFactura>+0000000301.33</ImporteTotalFactura>
          <TipoMoneda>02</TipoMoneda>
        </DatosGeneralesFactura>
        <DatosFacturaATR>
          <FechaBOE>2017-12-27</FechaBOE>
          <TarifaATRFact>003</TarifaATRFact>
          <ModoControlPotencia>2</ModoControlPotencia>
          <MarcaMedidaConPerdidas>N</MarcaMedidaConPerdidas>
          <IndicativoCurvaCarga>02</IndicativoCurvaCarga>
          <Periodo>
            <FechaDesdeFactura>2018-01-11</FechaDesdeFactura>
            <FechaHastaFactura>2018-02-13</FechaHastaFactura>
            <NumeroDias>033</NumeroDias>
          </Periodo>
        </DatosFacturaATR>
      </DatosGeneralesFacturaATR>
      <Potencia>
        <TerminoPotencia>
          <FechaDesde>2018-01-11</FechaDesde>
          <FechaHasta>2018-02-13</FechaHasta>
          <Periodo>
            <PotenciaContratada>00000000027000</PotenciaContratada>
            <PotenciaMaxDemandada>00000000009000</PotenciaMaxDemandada>
            <PotenciaAFacturar>00000000022950</PotenciaAFacturar>
            <PrecioPotencia>00000.111585986</PrecioPotencia>
          </Periodo>
          <Periodo>
            <PotenciaContratada>00000000027000</PotenciaContratada>
            <PotenciaMaxDemandada>00000000019000</PotenciaMaxDemandada>
            <PotenciaAFacturar>00000000022950</PotenciaAFacturar>
            <PrecioPotencia>00000.066951589</PrecioPotencia>
          </Periodo>
          <Periodo>
            <PotenciaContratada>00000000040000</PotenciaContratada>
            <PotenciaMaxDemandada>00000000019000</PotenciaMaxDemandada>
            <PotenciaAFacturar>00000000034000</PotenciaAFacturar>
            <PrecioPotencia>00000.044634397</PrecioPotencia>
          </Periodo>
          <Periodo>
            <PotenciaContratada>00000000000000</PotenciaContratada>
            <PotenciaMaxDemandada>00000000000000</PotenciaMaxDemandada>
            <PotenciaAFacturar>00000000000000</PotenciaAFacturar>
            <PrecioPotencia>00000.000000000</PrecioPotencia>
          </Periodo>
          <Periodo>
            <PotenciaContratada>00000000000000</PotenciaContratada>
            <PotenciaMaxDemandada>00000000000000</PotenciaMaxDemandada>
            <PotenciaAFacturar>00000000000000</PotenciaAFacturar>
            <PrecioPotencia>00000.000000000</PrecioPotencia>
          </Periodo>
          <Periodo>
            <PotenciaContratada>00000000000000</PotenciaContratada>
            <PotenciaMaxDemandada>00000000000000</PotenciaMaxDemandada>
            <PotenciaAFacturar>00000000000000</PotenciaAFacturar>
            <PrecioPotencia>00000.000000000</PrecioPotencia>
          </Periodo>
        </TerminoPotencia>
        <PenalizacionNoICP>N</PenalizacionNoICP>
        <ImporteTotalTerminoPotencia>+0000000185.30</ImporteTotalTerminoPotencia>
      </Potencia>
      <EnergiaActiva>
        <TerminoEnergiaActiva>
          <FechaDesde>2018-01-11</FechaDesde>
          <FechaHasta>2018-02-13</FechaHasta>
          <Periodo>
            <ValorEnergiaActiva>+00000000216.00</ValorEnergiaActiva>
            <PrecioEnergia>00000.018762000</PrecioEnergia>
          </Periodo>
          <Periodo>
            <ValorEnergiaActiva>+00000003043.00</ValorEnergiaActiva>
            <PrecioEnergia>00000.012575000</PrecioEnergia>
          </Periodo>
          <Periodo>
            <ValorEnergiaActiva>+00000001133.00</ValorEnergiaActiva>
            <PrecioEnergia>00000.004670000</PrecioEnergia>
          </Periodo>
          <Periodo>
            <ValorEnergiaActiva>+00000000000.00</ValorEnergiaActiva>
            <PrecioEnergia>00000.000000000</PrecioEnergia>
          </Periodo>
          <Periodo>
            <ValorEnergiaActiva>+00000000000.00</ValorEnergiaActiva>
            <PrecioEnergia>00000.000000000</PrecioEnergia>
          </Periodo>
          <Periodo>
            <ValorEnergiaActiva>+00000000000.00</ValorEnergiaActiva>
            <PrecioEnergia>00000.000000000</PrecioEnergia>
          </Periodo>
        </TerminoEnergiaActiva>
        <ImporteTotalEnergiaActiva>+0000000047.61</ImporteTotalEnergiaActiva>
      </EnergiaActiva>
      <ImpuestoElectrico>
        <BaseImponible>+0000000000.00</BaseImponible>
        <Porcentaje>00000.00000000</Porcentaje>
        <Importe>+0000000000.00</Importe>
      </ImpuestoElectrico>
      <Alquileres>
        <PrecioDiarioAlquiler>
          <PrecioDia>00000.488548000</PrecioDia>
          <NumeroDias>033</NumeroDias>
        </PrecioDiarioAlquiler>
        <ImporteFacturacionAlquileres>+0000000016.12</ImporteFacturacionAlquileres>
      </Alquileres>
      <IVA>
        <BaseImponible>+0000000249.03</BaseImponible>
        <Porcentaje>0021.00</Porcentaje>
        <Importe>+0000000052.30</Importe>
      </IVA>
      <Medidas>
        <CodPM>ES0031405976747002YS1P</CodPM>
        <ModeloAparato>
          <TipoAparato>CA</TipoAparato>
          <MarcaAparato>132</MarcaAparato>
          <NumeroSerie>002508280</NumeroSerie>
          <TipoDHEdM>6</TipoDHEdM>
          <Integrador>
            <Magnitud>AE</Magnitud>
            <CodigoPeriodo>62</CodigoPeriodo>
            <ConstanteMultiplicadora>000001.000</ConstanteMultiplicadora>
            <NumeroRuedasEnteras>07</NumeroRuedasEnteras>
            <NumeroRuedasDecimales>00</NumeroRuedasDecimales>
            <ConsumoCalculado>+0000002944.00</ConsumoCalculado>
            <LecturaDesde>
              <Fecha>2018-01-11</Fecha>
              <Procedencia>20</Procedencia>
              <Lectura>0000223446.00</Lectura>
            </LecturaDesde>
            <LecturaHasta>
              <Fecha>2018-02-13</Fecha>
              <Procedencia>20</Procedencia>
              <Lectura>0000226390.00</Lectura>
            </LecturaHasta>
            <FechaHoraMaximetro>2018-02-13T00:00:00</FechaHoraMaximetro>
          </Integrador>
          <Integrador>
            <Magnitud>AE</Magnitud>
            <CodigoPeriodo>63</CodigoPeriodo>
            <ConstanteMultiplicadora>000001.000</ConstanteMultiplicadora>
            <NumeroRuedasEnteras>07</NumeroRuedasEnteras>
            <NumeroRuedasDecimales>00</NumeroRuedasDecimales>
            <ConsumoCalculado>+0000001066.00</ConsumoCalculado>
            <LecturaDesde>
              <Fecha>2018-01-11</Fecha>
              <Procedencia>20</Procedencia>
              <Lectura>0000125998.00</Lectura>
            </LecturaDesde>
            <LecturaHasta>
              <Fecha>2018-02-13</Fecha>
              <Procedencia>20</Procedencia>
              <Lectura>0000127064.00</Lectura>
            </LecturaHasta>
            <FechaHoraMaximetro>2018-02-13T00:00:00</FechaHoraMaximetro>
          </Integrador>
          <Integrador>
            <Magnitud>AE</Magnitud>
            <CodigoPeriodo>61</CodigoPeriodo>
            <ConstanteMultiplicadora>000001.000</ConstanteMultiplicadora>
            <NumeroRuedasEnteras>07</NumeroRuedasEnteras>
            <NumeroRuedasDecimales>00</NumeroRuedasDecimales>
            <ConsumoCalculado>+0000000184.00</ConsumoCalculado>
            <LecturaDesde>
              <Fecha>2018-01-11</Fecha>
              <Procedencia>20</Procedencia>
              <Lectura>0000092513.00</Lectura>
            </LecturaDesde>
            <LecturaHasta>
              <Fecha>2018-02-13</Fecha>
              <Procedencia>20</Procedencia>
              <Lectura>0000092697.00</Lectura>
            </LecturaHasta>
            <FechaHoraMaximetro>2018-02-13T00:00:00</FechaHoraMaximetro>
          </Integrador>
          <Integrador>
            <Magnitud>R1</Magnitud>
            <CodigoPeriodo>62</CodigoPeriodo>
            <ConstanteMultiplicadora>000001.000</ConstanteMultiplicadora>
            <NumeroRuedasEnteras>07</NumeroRuedasEnteras>
            <NumeroRuedasDecimales>00</NumeroRuedasDecimales>
            <ConsumoCalculado>+0000000063.00</ConsumoCalculado>
            <LecturaDesde>
              <Fecha>2018-01-11</Fecha>
              <Procedencia>20</Procedencia>
              <Lectura>0000033347.00</Lectura>
            </LecturaDesde>
            <LecturaHasta>
              <Fecha>2018-02-13</Fecha>
              <Procedencia>20</Procedencia>
              <Lectura>0000033410.00</Lectura>
            </LecturaHasta>
            <FechaHoraMaximetro>2018-02-13T00:00:00</FechaHoraMaximetro>
          </Integrador>
          <Integrador>
            <Magnitud>R1</Magnitud>
            <CodigoPeriodo>63</CodigoPeriodo>
            <ConstanteMultiplicadora>000001.000</ConstanteMultiplicadora>
            <NumeroRuedasEnteras>07</NumeroRuedasEnteras>
            <NumeroRuedasDecimales>00</NumeroRuedasDecimales>
            <ConsumoCalculado>+0000000100.00</ConsumoCalculado>
            <LecturaDesde>
              <Fecha>2018-01-11</Fecha>
              <Procedencia>20</Procedencia>
              <Lectura>0000030675.00</Lectura>
            </LecturaDesde>
            <LecturaHasta>
              <Fecha>2018-02-13</Fecha>
              <Procedencia>20</Procedencia>
              <Lectura>0000030775.00</Lectura>
            </LecturaHasta>
            <FechaHoraMaximetro>2018-02-13T00:00:00</FechaHoraMaximetro>
          </Integrador>
          <Integrador>
            <Magnitud>R1</Magnitud>
            <CodigoPeriodo>61</CodigoPeriodo>
            <ConstanteMultiplicadora>000001.000</ConstanteMultiplicadora>
            <NumeroRuedasEnteras>07</NumeroRuedasEnteras>
            <NumeroRuedasDecimales>00</NumeroRuedasDecimales>
            <ConsumoCalculado>+0000000043.00</ConsumoCalculado>
            <LecturaDesde>
              <Fecha>2018-01-11</Fecha>
              <Procedencia>20</Procedencia>
              <Lectura>0000016209.00</Lectura>
            </LecturaDesde>
            <LecturaHasta>
              <Fecha>2018-02-13</Fecha>
              <Procedencia>20</Procedencia>
              <Lectura>0000016252.00</Lectura>
            </LecturaHasta>
            <FechaHoraMaximetro>2018-02-13T00:00:00</FechaHoraMaximetro>
          </Integrador>
          <Integrador>
            <Magnitud>PM</Magnitud>
            <CodigoPeriodo>62</CodigoPeriodo>
            <ConstanteMultiplicadora>000001.000</ConstanteMultiplicadora>
            <NumeroRuedasEnteras>07</NumeroRuedasEnteras>
            <NumeroRuedasDecimales>00</NumeroRuedasDecimales>
            <ConsumoCalculado>+0000019000.00</ConsumoCalculado>
            <LecturaDesde>
              <Fecha>2018-01-11</Fecha>
              <Procedencia>20</Procedencia>
              <Lectura>0000000000.00</Lectura>
            </LecturaDesde>
            <LecturaHasta>
              <Fecha>2018-02-13</Fecha>
              <Procedencia>20</Procedencia>
              <Lectura>0000019000.00</Lectura>
            </LecturaHasta>
            <FechaHoraMaximetro>2018-02-13T00:00:00</FechaHoraMaximetro>
          </Integrador>
          <Integrador>
            <Magnitud>PM</Magnitud>
            <CodigoPeriodo>63</CodigoPeriodo>
            <ConstanteMultiplicadora>000001.000</ConstanteMultiplicadora>
            <NumeroRuedasEnteras>07</NumeroRuedasEnteras>
            <NumeroRuedasDecimales>00</NumeroRuedasDecimales>
            <ConsumoCalculado>+0000019000.00</ConsumoCalculado>
            <LecturaDesde>
              <Fecha>2018-01-11</Fecha>
              <Procedencia>20</Procedencia>
              <Lectura>0000000000.00</Lectura>
            </LecturaDesde>
            <LecturaHasta>
              <Fecha>2018-02-13</Fecha>
              <Procedencia>20</Procedencia>
              <Lectura>0000019000.00</Lectura>
            </LecturaHasta>
            <FechaHoraMaximetro>2018-02-13T00:00:00</FechaHoraMaximetro>
          </Integrador>
          <Integrador>
            <Magnitud>PM</Magnitud>
            <CodigoPeriodo>61</CodigoPeriodo>
            <ConstanteMultiplicadora>000001.000</ConstanteMultiplicadora>
            <NumeroRuedasEnteras>07</NumeroRuedasEnteras>
            <NumeroRuedasDecimales>00</NumeroRuedasDecimales>
            <ConsumoCalculado>+0000009000.00</ConsumoCalculado>
            <LecturaDesde>
              <Fecha>2018-01-11</Fecha>
              <Procedencia>20</Procedencia>
              <Lectura>0000000000.00</Lectura>
            </LecturaDesde>
            <LecturaHasta>
              <Fecha>2018-02-13</Fecha>
              <Procedencia>20</Procedencia>
              <Lectura>0000009000.00</Lectura>
            </LecturaHasta>
            <FechaHoraMaximetro>2018-02-13T00:00:00</FechaHoraMaximetro>
          </Integrador>
          <Integrador>
            <Magnitud>AE</Magnitud>
            <CodigoPeriodo>64</CodigoPeriodo>
            <ConstanteMultiplicadora>000001.000</ConstanteMultiplicadora>
            <NumeroRuedasEnteras>07</NumeroRuedasEnteras>
            <NumeroRuedasDecimales>00</NumeroRuedasDecimales>
            <ConsumoCalculado>+0000000032.00</ConsumoCalculado>
            <LecturaDesde>
              <Fecha>2018-01-11</Fecha>
              <Procedencia>20</Procedencia>
              <Lectura>0000006697.00</Lectura>
            </LecturaDesde>
            <LecturaHasta>
              <Fecha>2018-02-13</Fecha>
              <Procedencia>20</Procedencia>
              <Lectura>0000006729.00</Lectura>
            </LecturaHasta>
            <FechaHoraMaximetro>2018-02-13T00:00:00</FechaHoraMaximetro>
          </Integrador>
          <Integrador>
            <Magnitud>AE</Magnitud>
            <CodigoPeriodo>65</CodigoPeriodo>
            <ConstanteMultiplicadora>000001.000</ConstanteMultiplicadora>
            <NumeroRuedasEnteras>07</NumeroRuedasEnteras>
            <NumeroRuedasDecimales>00</NumeroRuedasDecimales>
            <ConsumoCalculado>+0000000099.00</ConsumoCalculado>
            <LecturaDesde>
              <Fecha>2018-01-11</Fecha>
              <Procedencia>20</Procedencia>
              <Lectura>0000018684.00</Lectura>
            </LecturaDesde>
            <LecturaHasta>
              <Fecha>2018-02-13</Fecha>
              <Procedencia>20</Procedencia>
              <Lectura>0000018783.00</Lectura>
            </LecturaHasta>
            <FechaHoraMaximetro>2018-02-13T00:00:00</FechaHoraMaximetro>
          </Integrador>
          <Integrador>
            <Magnitud>AE</Magnitud>
            <CodigoPeriodo>66</CodigoPeriodo>
            <ConstanteMultiplicadora>000001.000</ConstanteMultiplicadora>
            <NumeroRuedasEnteras>07</NumeroRuedasEnteras>
            <NumeroRuedasDecimales>00</NumeroRuedasDecimales>
            <ConsumoCalculado>+0000000067.00</ConsumoCalculado>
            <LecturaDesde>
              <Fecha>2018-01-11</Fecha>
              <Procedencia>20</Procedencia>
              <Lectura>0000013505.00</Lectura>
            </LecturaDesde>
            <LecturaHasta>
              <Fecha>2018-02-13</Fecha>
              <Procedencia>20</Procedencia>
              <Lectura>0000013572.00</Lectura>
            </LecturaHasta>
            <FechaHoraMaximetro>2018-02-13T00:00:00</FechaHoraMaximetro>
          </Integrador>
          <Integrador>
            <Magnitud>R1</Magnitud>
            <CodigoPeriodo>64</CodigoPeriodo>
            <ConstanteMultiplicadora>000001.000</ConstanteMultiplicadora>
            <NumeroRuedasEnteras>07</NumeroRuedasEnteras>
            <NumeroRuedasDecimales>00</NumeroRuedasDecimales>
            <ConsumoCalculado>+0000000019.00</ConsumoCalculado>
            <LecturaDesde>
              <Fecha>2018-01-11</Fecha>
              <Procedencia>20</Procedencia>
              <Lectura>0000003478.00</Lectura>
            </LecturaDesde>
            <LecturaHasta>
              <Fecha>2018-02-13</Fecha>
              <Procedencia>20</Procedencia>
              <Lectura>0000003497.00</Lectura>
            </LecturaHasta>
            <FechaHoraMaximetro>2018-02-13T00:00:00</FechaHoraMaximetro>
          </Integrador>
          <Integrador>
            <Magnitud>R1</Magnitud>
            <CodigoPeriodo>65</CodigoPeriodo>
            <ConstanteMultiplicadora>000001.000</ConstanteMultiplicadora>
            <NumeroRuedasEnteras>07</NumeroRuedasEnteras>
            <NumeroRuedasDecimales>00</NumeroRuedasDecimales>
            <ConsumoCalculado>+0000000057.00</ConsumoCalculado>
            <LecturaDesde>
              <Fecha>2018-01-11</Fecha>
              <Procedencia>20</Procedencia>
              <Lectura>0000010247.00</Lectura>
            </LecturaDesde>
            <LecturaHasta>
              <Fecha>2018-02-13</Fecha>
              <Procedencia>20</Procedencia>
              <Lectura>0000010304.00</Lectura>
            </LecturaHasta>
            <FechaHoraMaximetro>2018-02-13T00:00:00</FechaHoraMaximetro>
          </Integrador>
          <Integrador>
            <Magnitud>R1</Magnitud>
            <CodigoPeriodo>66</CodigoPeriodo>
            <ConstanteMultiplicadora>000001.000</ConstanteMultiplicadora>
            <NumeroRuedasEnteras>07</NumeroRuedasEnteras>
            <NumeroRuedasDecimales>00</NumeroRuedasDecimales>
            <ConsumoCalculado>+0000000040.00</ConsumoCalculado>
            <LecturaDesde>
              <Fecha>2018-01-11</Fecha>
              <Procedencia>20</Procedencia>
              <Lectura>0000007478.00</Lectura>
            </LecturaDesde>
            <LecturaHasta>
              <Fecha>2018-02-13</Fecha>
              <Procedencia>20</Procedencia>
              <Lectura>0000007518.00</Lectura>
            </LecturaHasta>
            <FechaHoraMaximetro>2018-02-13T00:00:00</FechaHoraMaximetro>
          </Integrador>
          <Integrador>
            <Magnitud>PM</Magnitud>
            <CodigoPeriodo>64</CodigoPeriodo>
            <ConstanteMultiplicadora>000001.000</ConstanteMultiplicadora>
            <NumeroRuedasEnteras>07</NumeroRuedasEnteras>
            <NumeroRuedasDecimales>00</NumeroRuedasDecimales>
            <ConsumoCalculado>+0000001000.00</ConsumoCalculado>
            <LecturaDesde>
              <Fecha>2018-01-11</Fecha>
              <Procedencia>20</Procedencia>
              <Lectura>0000000000.00</Lectura>
            </LecturaDesde>
            <LecturaHasta>
              <Fecha>2018-02-13</Fecha>
              <Procedencia>20</Procedencia>
              <Lectura>0000001000.00</Lectura>
            </LecturaHasta>
            <FechaHoraMaximetro>2018-02-13T00:00:00</FechaHoraMaximetro>
          </Integrador>
          <Integrador>
            <Magnitud>PM</Magnitud>
            <CodigoPeriodo>65</CodigoPeriodo>
            <ConstanteMultiplicadora>000001.000</ConstanteMultiplicadora>
            <NumeroRuedasEnteras>07</NumeroRuedasEnteras>
            <NumeroRuedasDecimales>00</NumeroRuedasDecimales>
            <ConsumoCalculado>+0000001000.00</ConsumoCalculado>
            <LecturaDesde>
              <Fecha>2018-01-11</Fecha>
              <Procedencia>20</Procedencia>
              <Lectura>0000000000.00</Lectura>
            </LecturaDesde>
            <LecturaHasta>
              <Fecha>2018-02-13</Fecha>
              <Procedencia>20</Procedencia>
              <Lectura>0000001000.00</Lectura>
            </LecturaHasta>
            <FechaHoraMaximetro>2018-02-13T00:00:00</FechaHoraMaximetro>
          </Integrador>
          <Integrador>
            <Magnitud>PM</Magnitud>
            <CodigoPeriodo>66</CodigoPeriodo>
            <ConstanteMultiplicadora>000001.000</ConstanteMultiplicadora>
            <NumeroRuedasEnteras>07</NumeroRuedasEnteras>
            <NumeroRuedasDecimales>00</NumeroRuedasDecimales>
            <ConsumoCalculado>+0000001000.00</ConsumoCalculado>
            <LecturaDesde>
              <Fecha>2018-01-11</Fecha>
              <Procedencia>20</Procedencia>
              <Lectura>0000000000.00</Lectura>
            </LecturaDesde>
            <LecturaHasta>
              <Fecha>2018-02-13</Fecha>
              <Procedencia>20</Procedencia>
              <Lectura>0000001000.00</Lectura>
            </LecturaHasta>
            <FechaHoraMaximetro>2018-02-13T00:00:00</FechaHoraMaximetro>
          </Integrador>
          <Integrador>
            <Magnitud>AE</Magnitud>
            <CodigoPeriodo>60</CodigoPeriodo>
            <ConstanteMultiplicadora>000001.000</ConstanteMultiplicadora>
            <NumeroRuedasEnteras>07</NumeroRuedasEnteras>
            <NumeroRuedasDecimales>00</NumeroRuedasDecimales>
            <ConsumoCalculado>+0000004391.00</ConsumoCalculado>
            <LecturaDesde>
              <Fecha>2018-01-11</Fecha>
              <Procedencia>20</Procedencia>
              <Lectura>0000480846.00</Lectura>
            </LecturaDesde>
            <LecturaHasta>
              <Fecha>2018-02-13</Fecha>
              <Procedencia>20</Procedencia>
              <Lectura>0000485237.00</Lectura>
            </LecturaHasta>
            <FechaHoraMaximetro>2018-02-13T00:00:00</FechaHoraMaximetro>
          </Integrador>
          <Integrador>
            <Magnitud>R1</Magnitud>
            <CodigoPeriodo>60</CodigoPeriodo>
            <ConstanteMultiplicadora>000001.000</ConstanteMultiplicadora>
            <NumeroRuedasEnteras>07</NumeroRuedasEnteras>
            <NumeroRuedasDecimales>00</NumeroRuedasDecimales>
            <ConsumoCalculado>+0000000320.00</ConsumoCalculado>
            <LecturaDesde>
              <Fecha>2018-01-11</Fecha>
              <Procedencia>20</Procedencia>
              <Lectura>0000101437.00</Lectura>
            </LecturaDesde>
            <LecturaHasta>
              <Fecha>2018-02-13</Fecha>
              <Procedencia>20</Procedencia>
              <Lectura>0000101757.00</Lectura>
            </LecturaHasta>
            <FechaHoraMaximetro>2018-02-13T00:00:00</FechaHoraMaximetro>
          </Integrador>
        </ModeloAparato>
      </Medidas>
    </FacturaATR>
    <RegistroFin>
      <ImporteTotal>+0000000007035.75</ImporteTotal>
      <SaldoTotalFacturacion>-0000000000188.50</SaldoTotalFacturacion>
      <TotalRecibos>00038</TotalRecibos>
      <TipoMoneda>02</TipoMoneda>
      <FechaValor>2018-02-13</FechaValor>
      <FechaLimitePago>2018-03-05</FechaLimitePago>
      <IdRemesa>00000000000000000002512501</IdRemesa>
    </RegistroFin>
  </Facturas>
  <OtrosDatosFactura>
    <SociedadMercantilEmisora>ENDESA DISTRIBUCION ELECTRICA S.L *</SociedadMercantilEmisora>
    <SociedadMercantilDestino>SUNAIR ONE ENERGY, S.L.</SociedadMercantilDestino>
    <DireccionEmisora>AV VILANOVA</DireccionEmisora>
    <DireccionDestino>ANTONI RUBIO 46, LOC, ALMACEN, REUS, 43206, TARRAGONA</DireccionDestino>
  </OtrosDatosFactura>
</MensajeFacturacion>