<?xml version="1.0" encoding="UTF-8"?><MensajeFacturacion xmlns="http://localhost/elegibilidad">
  <Cabecera>
    <CodigoREEEmpresaEmisora>0363</CodigoREEEmpresaEmisora>
    <CodigoREEEmpresaDestino>0980</CodigoREEEmpresaDestino>
    <CodigoDelProceso>F1</CodigoDelProceso>
    <CodigoDePaso>01</CodigoDePaso>
    <CodigoDeSolicitud>000002618177</CodigoDeSolicitud>
    <SecuencialDeSolicitud>00</SecuencialDeSolicitud>
    <FechaSolicitud>2018-02-12T01:39:38</FechaSolicitud>
    <CUPS>ES0031601196602001TM0F</CUPS>
  </Cabecera>
  <Facturas>
    <FacturaATR>
      <DatosGeneralesFacturaATR>
        <DireccionSuministro>
          <Pais>ESPAÑA</Pais>
          <Provincia>38</Provincia>
          <Municipio>000038</Municipio>
          <Poblacion>000000001</Poblacion>
          <TipoVia>CL</TipoVia>
          <CodPostal>38001</CodPostal>
          <Calle>DOCTOR FRANCISCO TRUJILLO</Calle>
          <NumeroFinca>00031</NumeroFinca>
          <TipoAclaradorFinca>NO</TipoAclaradorFinca>
        </DireccionSuministro>
        <Cliente>
          <TipoIdentificador>NI</TipoIdentificador>
          <Identificador>B55641708</Identificador>
        </Cliente>
        <CodContrato>000530551143</CodContrato>
        <DatosGeneralesFactura>
          <CodigoFiscalFactura>U3801N01487135</CodigoFiscalFactura>
          <TipoFactura>N</TipoFactura>
          <MotivoFacturacion>01</MotivoFacturacion>
          <Expediente>
            <NumeroExpediente>0000000000000000</NumeroExpediente>
            <CodigoSolicitud>000000000000</CodigoSolicitud>
          </Expediente>
          <FechaFactura>2018-02-12</FechaFactura>
          <IdentificadorEmisora>B82846817</IdentificadorEmisora>
          <Comentarios>2618177                                                                                             </Comentarios>
          <ImporteTotalFactura>+0000000076.66</ImporteTotalFactura>
          <TipoMoneda>02</TipoMoneda>
        </DatosGeneralesFactura>
        <DatosFacturaATR>
          <FechaBOE>2017-12-27</FechaBOE>
          <TarifaATRFact>006</TarifaATRFact>
          <ModoControlPotencia>1</ModoControlPotencia>
          <MarcaMedidaConPerdidas>N</MarcaMedidaConPerdidas>
          <IndicativoCurvaCarga>01</IndicativoCurvaCarga>
          <PeriodoCCH>
            <FechaDesdeCCH>2018-01-08</FechaDesdeCCH>
            <FechaHastaCCH>2018-02-07</FechaHastaCCH>
          </PeriodoCCH>
          <Periodo>
            <FechaDesdeFactura>2018-01-08</FechaDesdeFactura>
            <FechaHastaFactura>2018-02-07</FechaHastaFactura>
            <NumeroDias>030</NumeroDias>
          </Periodo>
        </DatosFacturaATR>
      </DatosGeneralesFacturaATR>
      <Potencia>
        <TerminoPotencia>
          <FechaDesde>2018-01-08</FechaDesde>
          <FechaHasta>2018-02-07</FechaHasta>
          <Periodo>
            <PotenciaContratada>00000000013856</PotenciaContratada>
            <PotenciaMaxDemandada>00000000013856</PotenciaMaxDemandada>
            <PotenciaAFacturar>00000000013856</PotenciaAFacturar>
            <PrecioPotencia>00000.121766000</PrecioPotencia>
          </Periodo>
          <Periodo>
            <PotenciaContratada>00000000000000</PotenciaContratada>
            <PotenciaMaxDemandada>00000000000000</PotenciaMaxDemandada>
            <PotenciaAFacturar>00000000000000</PotenciaAFacturar>
            <PrecioPotencia>00000.000000000</PrecioPotencia>
          </Periodo>
          <Periodo>
            <PotenciaContratada>00000000000000</PotenciaContratada>
            <PotenciaMaxDemandada>00000000000000</PotenciaMaxDemandada>
            <PotenciaAFacturar>00000000000000</PotenciaAFacturar>
            <PrecioPotencia>00000.000000000</PrecioPotencia>
          </Periodo>
          <Periodo>
            <PotenciaContratada>00000000000000</PotenciaContratada>
            <PotenciaMaxDemandada>00000000000000</PotenciaMaxDemandada>
            <PotenciaAFacturar>00000000000000</PotenciaAFacturar>
            <PrecioPotencia>00000.000000000</PrecioPotencia>
          </Periodo>
          <Periodo>
            <PotenciaContratada>00000000000000</PotenciaContratada>
            <PotenciaMaxDemandada>00000000000000</PotenciaMaxDemandada>
            <PotenciaAFacturar>00000000000000</PotenciaAFacturar>
            <PrecioPotencia>00000.000000000</PrecioPotencia>
          </Periodo>
          <Periodo>
            <PotenciaContratada>00000000000000</PotenciaContratada>
            <PotenciaMaxDemandada>00000000000000</PotenciaMaxDemandada>
            <PotenciaAFacturar>00000000000000</PotenciaAFacturar>
            <PrecioPotencia>00000.000000000</PrecioPotencia>
          </Periodo>
        </TerminoPotencia>
        <PenalizacionNoICP>N</PenalizacionNoICP>
        <ImporteTotalTerminoPotencia>+0000000050.62</ImporteTotalTerminoPotencia>
      </Potencia>
      <EnergiaActiva>
        <TerminoEnergiaActiva>
          <FechaDesde>2018-01-08</FechaDesde>
          <FechaHasta>2018-02-07</FechaHasta>
          <Periodo>
            <ValorEnergiaActiva>+00000000223.00</ValorEnergiaActiva>
            <PrecioEnergia>00000.074568000</PrecioEnergia>
          </Periodo>
          <Periodo>
            <ValorEnergiaActiva>+00000000439.00</ValorEnergiaActiva>
            <PrecioEnergia>00000.013192000</PrecioEnergia>
          </Periodo>
          <Periodo>
            <ValorEnergiaActiva>+00000000000.00</ValorEnergiaActiva>
            <PrecioEnergia>00000.000000000</PrecioEnergia>
          </Periodo>
          <Periodo>
            <ValorEnergiaActiva>+00000000000.00</ValorEnergiaActiva>
            <PrecioEnergia>00000.000000000</PrecioEnergia>
          </Periodo>
          <Periodo>
            <ValorEnergiaActiva>+00000000000.00</ValorEnergiaActiva>
            <PrecioEnergia>00000.000000000</PrecioEnergia>
          </Periodo>
          <Periodo>
            <ValorEnergiaActiva>+00000000000.00</ValorEnergiaActiva>
            <PrecioEnergia>00000.000000000</PrecioEnergia>
          </Periodo>
        </TerminoEnergiaActiva>
        <ImporteTotalEnergiaActiva>+0000000022.42</ImporteTotalEnergiaActiva>
      </EnergiaActiva>
      <ImpuestoElectrico>
        <BaseImponible>+0000000000.00</BaseImponible>
        <Porcentaje>00000.00000000</Porcentaje>
        <Importe>+0000000000.00</Importe>
      </ImpuestoElectrico>
      <Alquileres>
        <PrecioDiarioAlquiler>
          <PrecioDia>00000.044712000</PrecioDia>
          <NumeroDias>030</NumeroDias>
        </PrecioDiarioAlquiler>
        <ImporteFacturacionAlquileres>+0000000001.34</ImporteFacturacionAlquileres>
      </Alquileres>
      <IVA>
        <BaseImponible>+0000000001.34</BaseImponible>
        <Porcentaje>0007.00</Porcentaje>
        <Importe>+0000000000.09</Importe>
      </IVA>
      <IVAReducido>
        <BaseImponible>+0000000073.04</BaseImponible>
        <Porcentaje>0003.00</Porcentaje>
        <Importe>+0000000002.19</Importe>
      </IVAReducido>
      <Medidas>
        <CodPM>ES0031601196602001TM1P</CodPM>
        <ModeloAparato>
          <TipoAparato>TG</TipoAparato>
          <MarcaAparato>199</MarcaAparato>
          <NumeroSerie>000105423</NumeroSerie>
          <TipoDHEdM>2</TipoDHEdM>
          <Integrador>
            <Magnitud>AE</Magnitud>
            <CodigoPeriodo>22</CodigoPeriodo>
            <ConstanteMultiplicadora>000001.000</ConstanteMultiplicadora>
            <NumeroRuedasEnteras>06</NumeroRuedasEnteras>
            <NumeroRuedasDecimales>00</NumeroRuedasDecimales>
            <ConsumoCalculado>+0000000439.00</ConsumoCalculado>
            <LecturaDesde>
              <Fecha>2018-01-08</Fecha>
              <Procedencia>60</Procedencia>
              <Lectura>0000002951.00</Lectura>
            </LecturaDesde>
            <LecturaHasta>
              <Fecha>2018-02-07</Fecha>
              <Procedencia>60</Procedencia>
              <Lectura>0000003390.00</Lectura>
            </LecturaHasta>
          </Integrador>
          <Integrador>
            <Magnitud>AE</Magnitud>
            <CodigoPeriodo>21</CodigoPeriodo>
            <ConstanteMultiplicadora>000001.000</ConstanteMultiplicadora>
            <NumeroRuedasEnteras>06</NumeroRuedasEnteras>
            <NumeroRuedasDecimales>00</NumeroRuedasDecimales>
            <ConsumoCalculado>+0000000223.00</ConsumoCalculado>
            <LecturaDesde>
              <Fecha>2018-01-08</Fecha>
              <Procedencia>60</Procedencia>
              <Lectura>0000031999.00</Lectura>
            </LecturaDesde>
            <LecturaHasta>
              <Fecha>2018-02-07</Fecha>
              <Procedencia>60</Procedencia>
              <Lectura>0000032222.00</Lectura>
            </LecturaHasta>
          </Integrador>
        </ModeloAparato>
      </Medidas>
    </FacturaATR>
    <RegistroFin>
      <ImporteTotal>+0000000000138.44</ImporteTotal>
      <SaldoTotalFacturacion>+0000000000000.00</SaldoTotalFacturacion>
      <TotalRecibos>00004</TotalRecibos>
      <TipoMoneda>02</TipoMoneda>
      <FechaValor>2018-02-12</FechaValor>
      <FechaLimitePago>2018-03-05</FechaLimitePago>
      <IdRemesa>00000000000000000002618177</IdRemesa>
    </RegistroFin>
  </Facturas>
  <OtrosDatosFactura>
    <SociedadMercantilEmisora>ENDESA DISTRIBUCION ELECTRICA SLU</SociedadMercantilEmisora>
    <SociedadMercantilDestino>SUNAIR ONE HOME S.L.</SociedadMercantilDestino>
    <DireccionEmisora>AV VILANOVA</DireccionEmisora>
    <DireccionDestino>IGNASI IGLESIAS, NÂº 69</DireccionDestino>
  </OtrosDatosFactura>
</MensajeFacturacion>