<?xml version="1.0" encoding="UTF-8"?><MensajeFacturacion xmlns="http://localhost/elegibilidad">
  <Cabecera>
    <CodigoREEEmpresaEmisora>0023</CodigoREEEmpresaEmisora>
    <CodigoREEEmpresaDestino>0815</CodigoREEEmpresaDestino>
    <CodigoDelProceso>F1</CodigoDelProceso>
    <CodigoDePaso>01</CodigoDePaso>
    <CodigoDeSolicitud>000007646305</CodigoDeSolicitud>
    <SecuencialDeSolicitud>00</SecuencialDeSolicitud>
    <FechaSolicitud>2018-02-13T02:04:59</FechaSolicitud>
    <CUPS>ES0031102011227002QV0F</CUPS>
  </Cabecera>
  <Facturas>
    <FacturaATR>
      <DatosGeneralesFacturaATR>
        <DireccionSuministro>
          <Pais>ESPAÑA</Pais>
          <Provincia>11</Provincia>
          <Municipio>000020</Municipio>
          <Poblacion>000000392</Poblacion>
          <TipoVia>CL</TipoVia>
          <CodPostal>11401</CodPostal>
          <Calle>MARIA ANTONIA JESUS TIRADO</Calle>
          <NumeroFinca>00000</NumeroFinca>
          <AclaradorFinca>BINGO</AclaradorFinca>
        </DireccionSuministro>
        <Cliente>
          <TipoIdentificador>NI</TipoIdentificador>
          <Identificador>B55567986</Identificador>
        </Cliente>
        <CodContrato>097113076977</CodContrato>
        <DatosGeneralesFactura>
          <CodigoFiscalFactura>S6801N01065266</CodigoFiscalFactura>
          <TipoFactura>N</TipoFactura>
          <MotivoFacturacion>01</MotivoFacturacion>
          <Expediente>
            <NumeroExpediente>0000000000000000</NumeroExpediente>
            <CodigoSolicitud>000000000000</CodigoSolicitud>
          </Expediente>
          <FechaFactura>2018-02-13</FechaFactura>
          <IdentificadorEmisora>B82846817</IdentificadorEmisora>
          <Comentarios>7646305                                                                                             </Comentarios>
          <ImporteTotalFactura>+0000001016.38</ImporteTotalFactura>
          <TipoMoneda>02</TipoMoneda>
        </DatosGeneralesFactura>
        <DatosFacturaATR>
          <FechaBOE>2016-12-29</FechaBOE>
          <TarifaATRFact>003</TarifaATRFact>
          <ModoControlPotencia>2</ModoControlPotencia>
          <MarcaMedidaConPerdidas>N</MarcaMedidaConPerdidas>
          <IndicativoCurvaCarga>02</IndicativoCurvaCarga>
          <Periodo>
            <FechaDesdeFactura>2017-11-30</FechaDesdeFactura>
            <FechaHastaFactura>2017-12-31</FechaHastaFactura>
            <NumeroDias>031</NumeroDias>
          </Periodo>
        </DatosFacturaATR>
      </DatosGeneralesFacturaATR>
      <Potencia>
        <TerminoPotencia>
          <FechaDesde>2017-11-30</FechaDesde>
          <FechaHasta>2017-12-31</FechaHasta>
          <Periodo>
            <PotenciaContratada>00000000077700</PotenciaContratada>
            <PotenciaMaxDemandada>00000000073000</PotenciaMaxDemandada>
            <PotenciaAFacturar>00000000073000</PotenciaAFacturar>
            <PrecioPotencia>00000.111585986</PrecioPotencia>
          </Periodo>
          <Periodo>
            <PotenciaContratada>00000000077700</PotenciaContratada>
            <PotenciaMaxDemandada>00000000096000</PotenciaMaxDemandada>
            <PotenciaAFacturar>00000000124830</PotenciaAFacturar>
            <PrecioPotencia>00000.066951589</PrecioPotencia>
          </Periodo>
          <Periodo>
            <PotenciaContratada>00000000077700</PotenciaContratada>
            <PotenciaMaxDemandada>00000000076000</PotenciaMaxDemandada>
            <PotenciaAFacturar>00000000076000</PotenciaAFacturar>
            <PrecioPotencia>00000.044634397</PrecioPotencia>
          </Periodo>
          <Periodo>
            <PotenciaContratada>00000000000000</PotenciaContratada>
            <PotenciaMaxDemandada>00000000000000</PotenciaMaxDemandada>
            <PotenciaAFacturar>00000000000000</PotenciaAFacturar>
            <PrecioPotencia>00000.000000000</PrecioPotencia>
          </Periodo>
          <Periodo>
            <PotenciaContratada>00000000000000</PotenciaContratada>
            <PotenciaMaxDemandada>00000000000000</PotenciaMaxDemandada>
            <PotenciaAFacturar>00000000000000</PotenciaAFacturar>
            <PrecioPotencia>00000.000000000</PrecioPotencia>
          </Periodo>
          <Periodo>
            <PotenciaContratada>00000000000000</PotenciaContratada>
            <PotenciaMaxDemandada>00000000000000</PotenciaMaxDemandada>
            <PotenciaAFacturar>00000000000000</PotenciaAFacturar>
            <PrecioPotencia>00000.000000000</PrecioPotencia>
          </Periodo>
        </TerminoPotencia>
        <PenalizacionNoICP>N</PenalizacionNoICP>
        <ImporteTotalTerminoPotencia>+0000000616.76</ImporteTotalTerminoPotencia>
      </Potencia>
      <EnergiaActiva>
        <TerminoEnergiaActiva>
          <FechaDesde>2017-11-30</FechaDesde>
          <FechaHasta>2017-12-31</FechaHasta>
          <Periodo>
            <ValorEnergiaActiva>+00000003934.00</ValorEnergiaActiva>
            <PrecioEnergia>00000.018762000</PrecioEnergia>
          </Periodo>
          <Periodo>
            <ValorEnergiaActiva>+00000010174.00</ValorEnergiaActiva>
            <PrecioEnergia>00000.012575000</PrecioEnergia>
          </Periodo>
          <Periodo>
            <ValorEnergiaActiva>+00000004598.00</ValorEnergiaActiva>
            <PrecioEnergia>00000.004670000</PrecioEnergia>
          </Periodo>
          <Periodo>
            <ValorEnergiaActiva>+00000000000.00</ValorEnergiaActiva>
            <PrecioEnergia>00000.000000000</PrecioEnergia>
          </Periodo>
          <Periodo>
            <ValorEnergiaActiva>+00000000000.00</ValorEnergiaActiva>
            <PrecioEnergia>00000.000000000</PrecioEnergia>
          </Periodo>
          <Periodo>
            <ValorEnergiaActiva>+00000000000.00</ValorEnergiaActiva>
            <PrecioEnergia>00000.000000000</PrecioEnergia>
          </Periodo>
        </TerminoEnergiaActiva>
        <ImporteTotalEnergiaActiva>+0000000223.22</ImporteTotalEnergiaActiva>
      </EnergiaActiva>
      <ImpuestoElectrico>
        <BaseImponible>+0000000000.00</BaseImponible>
        <Porcentaje>00000.00000000</Porcentaje>
        <Importe>+0000000000.00</Importe>
      </ImpuestoElectrico>
      <IVA>
        <BaseImponible>+0000000839.98</BaseImponible>
        <Porcentaje>0021.00</Porcentaje>
        <Importe>+0000000176.40</Importe>
      </IVA>
      <Medidas>
        <CodPM>ES0031102011227002QV0F</CodPM>
        <ModeloAparato>
          <TipoAparato>CG</TipoAparato>
          <MarcaAparato>199</MarcaAparato>
          <NumeroSerie>048304899</NumeroSerie>
          <TipoDHEdM>6</TipoDHEdM>
          <Integrador>
            <Magnitud>AE</Magnitud>
            <CodigoPeriodo>62</CodigoPeriodo>
            <ConstanteMultiplicadora>000001.000</ConstanteMultiplicadora>
            <NumeroRuedasEnteras>09</NumeroRuedasEnteras>
            <NumeroRuedasDecimales>00</NumeroRuedasDecimales>
            <ConsumoCalculado>+0000006632.00</ConsumoCalculado>
            <LecturaDesde>
              <Fecha>2017-11-30</Fecha>
              <Procedencia>20</Procedencia>
              <Lectura>0000331399.00</Lectura>
            </LecturaDesde>
            <LecturaHasta>
              <Fecha>2017-12-31</Fecha>
              <Procedencia>40</Procedencia>
              <Lectura>0000338031.00</Lectura>
            </LecturaHasta>
            <FechaHoraMaximetro>2017-12-22T00:00:00</FechaHoraMaximetro>
          </Integrador>
          <Integrador>
            <Magnitud>AE</Magnitud>
            <CodigoPeriodo>63</CodigoPeriodo>
            <ConstanteMultiplicadora>000001.000</ConstanteMultiplicadora>
            <NumeroRuedasEnteras>09</NumeroRuedasEnteras>
            <NumeroRuedasDecimales>00</NumeroRuedasDecimales>
            <ConsumoCalculado>+0000002208.00</ConsumoCalculado>
            <LecturaDesde>
              <Fecha>2017-11-30</Fecha>
              <Procedencia>20</Procedencia>
              <Lectura>0000115641.00</Lectura>
            </LecturaDesde>
            <LecturaHasta>
              <Fecha>2017-12-31</Fecha>
              <Procedencia>40</Procedencia>
              <Lectura>0000117849.00</Lectura>
            </LecturaHasta>
            <FechaHoraMaximetro>2017-12-19T11:00:00</FechaHoraMaximetro>
          </Integrador>
          <Integrador>
            <Magnitud>AE</Magnitud>
            <CodigoPeriodo>61</CodigoPeriodo>
            <ConstanteMultiplicadora>000001.000</ConstanteMultiplicadora>
            <NumeroRuedasEnteras>09</NumeroRuedasEnteras>
            <NumeroRuedasDecimales>00</NumeroRuedasDecimales>
            <ConsumoCalculado>+0000002210.00</ConsumoCalculado>
            <LecturaDesde>
              <Fecha>2017-11-30</Fecha>
              <Procedencia>20</Procedencia>
              <Lectura>0000099501.00</Lectura>
            </LecturaDesde>
            <LecturaHasta>
              <Fecha>2017-12-31</Fecha>
              <Procedencia>40</Procedencia>
              <Lectura>0000101711.00</Lectura>
            </LecturaHasta>
            <FechaHoraMaximetro>2017-12-04T20:00:00</FechaHoraMaximetro>
          </Integrador>
          <Integrador>
            <Magnitud>R1</Magnitud>
            <CodigoPeriodo>62</CodigoPeriodo>
            <ConstanteMultiplicadora>000001.000</ConstanteMultiplicadora>
            <NumeroRuedasEnteras>09</NumeroRuedasEnteras>
            <NumeroRuedasDecimales>00</NumeroRuedasDecimales>
            <ConsumoCalculado>+0000000515.00</ConsumoCalculado>
            <LecturaDesde>
              <Fecha>2017-11-30</Fecha>
              <Procedencia>20</Procedencia>
              <Lectura>0000019208.00</Lectura>
            </LecturaDesde>
            <LecturaHasta>
              <Fecha>2017-12-31</Fecha>
              <Procedencia>40</Procedencia>
              <Lectura>0000019723.00</Lectura>
            </LecturaHasta>
            <FechaHoraMaximetro>2017-12-22T00:00:00</FechaHoraMaximetro>
          </Integrador>
          <Integrador>
            <Magnitud>R1</Magnitud>
            <CodigoPeriodo>63</CodigoPeriodo>
            <ConstanteMultiplicadora>000001.000</ConstanteMultiplicadora>
            <NumeroRuedasEnteras>09</NumeroRuedasEnteras>
            <NumeroRuedasDecimales>00</NumeroRuedasDecimales>
            <ConsumoCalculado>+0000000130.00</ConsumoCalculado>
            <LecturaDesde>
              <Fecha>2017-11-30</Fecha>
              <Procedencia>20</Procedencia>
              <Lectura>0000005136.00</Lectura>
            </LecturaDesde>
            <LecturaHasta>
              <Fecha>2017-12-31</Fecha>
              <Procedencia>40</Procedencia>
              <Lectura>0000005266.00</Lectura>
            </LecturaHasta>
            <FechaHoraMaximetro>2017-12-19T11:00:00</FechaHoraMaximetro>
          </Integrador>
          <Integrador>
            <Magnitud>R1</Magnitud>
            <CodigoPeriodo>61</CodigoPeriodo>
            <ConstanteMultiplicadora>000001.000</ConstanteMultiplicadora>
            <NumeroRuedasEnteras>09</NumeroRuedasEnteras>
            <NumeroRuedasDecimales>00</NumeroRuedasDecimales>
            <ConsumoCalculado>+0000000125.00</ConsumoCalculado>
            <LecturaDesde>
              <Fecha>2017-11-30</Fecha>
              <Procedencia>20</Procedencia>
              <Lectura>0000005049.00</Lectura>
            </LecturaDesde>
            <LecturaHasta>
              <Fecha>2017-12-31</Fecha>
              <Procedencia>40</Procedencia>
              <Lectura>0000005174.00</Lectura>
            </LecturaHasta>
            <FechaHoraMaximetro>2017-12-04T20:00:00</FechaHoraMaximetro>
          </Integrador>
          <Integrador>
            <Magnitud>PM</Magnitud>
            <CodigoPeriodo>62</CodigoPeriodo>
            <ConstanteMultiplicadora>000001.000</ConstanteMultiplicadora>
            <NumeroRuedasEnteras>09</NumeroRuedasEnteras>
            <NumeroRuedasDecimales>00</NumeroRuedasDecimales>
            <ConsumoCalculado>+0000096000.00</ConsumoCalculado>
            <LecturaDesde>
              <Fecha>2017-11-30</Fecha>
              <Procedencia>20</Procedencia>
              <Lectura>0000000000.00</Lectura>
            </LecturaDesde>
            <LecturaHasta>
              <Fecha>2017-12-31</Fecha>
              <Procedencia>40</Procedencia>
              <Lectura>0000096000.00</Lectura>
            </LecturaHasta>
            <FechaHoraMaximetro>2017-12-22T00:00:00</FechaHoraMaximetro>
          </Integrador>
          <Integrador>
            <Magnitud>PM</Magnitud>
            <CodigoPeriodo>63</CodigoPeriodo>
            <ConstanteMultiplicadora>000001.000</ConstanteMultiplicadora>
            <NumeroRuedasEnteras>09</NumeroRuedasEnteras>
            <NumeroRuedasDecimales>00</NumeroRuedasDecimales>
            <ConsumoCalculado>+0000072000.00</ConsumoCalculado>
            <LecturaDesde>
              <Fecha>2017-11-30</Fecha>
              <Procedencia>20</Procedencia>
              <Lectura>0000000000.00</Lectura>
            </LecturaDesde>
            <LecturaHasta>
              <Fecha>2017-12-31</Fecha>
              <Procedencia>40</Procedencia>
              <Lectura>0000072000.00</Lectura>
            </LecturaHasta>
            <FechaHoraMaximetro>2017-12-19T11:00:00</FechaHoraMaximetro>
          </Integrador>
          <Integrador>
            <Magnitud>PM</Magnitud>
            <CodigoPeriodo>61</CodigoPeriodo>
            <ConstanteMultiplicadora>000001.000</ConstanteMultiplicadora>
            <NumeroRuedasEnteras>09</NumeroRuedasEnteras>
            <NumeroRuedasDecimales>00</NumeroRuedasDecimales>
            <ConsumoCalculado>+0000073000.00</ConsumoCalculado>
            <LecturaDesde>
              <Fecha>2017-11-30</Fecha>
              <Procedencia>20</Procedencia>
              <Lectura>0000000000.00</Lectura>
            </LecturaDesde>
            <LecturaHasta>
              <Fecha>2017-12-31</Fecha>
              <Procedencia>40</Procedencia>
              <Lectura>0000073000.00</Lectura>
            </LecturaHasta>
            <FechaHoraMaximetro>2017-12-04T20:00:00</FechaHoraMaximetro>
          </Integrador>
          <Integrador>
            <Magnitud>AE</Magnitud>
            <CodigoPeriodo>64</CodigoPeriodo>
            <ConstanteMultiplicadora>000001.000</ConstanteMultiplicadora>
            <NumeroRuedasEnteras>09</NumeroRuedasEnteras>
            <NumeroRuedasDecimales>00</NumeroRuedasDecimales>
            <ConsumoCalculado>+0000001724.00</ConsumoCalculado>
            <LecturaDesde>
              <Fecha>2017-11-30</Fecha>
              <Procedencia>20</Procedencia>
              <Lectura>0000037346.00</Lectura>
            </LecturaDesde>
            <LecturaHasta>
              <Fecha>2017-12-31</Fecha>
              <Procedencia>40</Procedencia>
              <Lectura>0000039070.00</Lectura>
            </LecturaHasta>
            <FechaHoraMaximetro>2017-12-23T03:00:00</FechaHoraMaximetro>
          </Integrador>
          <Integrador>
            <Magnitud>AE</Magnitud>
            <CodigoPeriodo>65</CodigoPeriodo>
            <ConstanteMultiplicadora>000001.000</ConstanteMultiplicadora>
            <NumeroRuedasEnteras>09</NumeroRuedasEnteras>
            <NumeroRuedasDecimales>00</NumeroRuedasDecimales>
            <ConsumoCalculado>+0000003542.00</ConsumoCalculado>
            <LecturaDesde>
              <Fecha>2017-11-30</Fecha>
              <Procedencia>20</Procedencia>
              <Lectura>0000142515.00</Lectura>
            </LecturaDesde>
            <LecturaHasta>
              <Fecha>2017-12-31</Fecha>
              <Procedencia>40</Procedencia>
              <Lectura>0000146057.00</Lectura>
            </LecturaHasta>
            <FechaHoraMaximetro>2017-12-03T16:00:00</FechaHoraMaximetro>
          </Integrador>
          <Integrador>
            <Magnitud>AE</Magnitud>
            <CodigoPeriodo>66</CodigoPeriodo>
            <ConstanteMultiplicadora>000001.000</ConstanteMultiplicadora>
            <NumeroRuedasEnteras>09</NumeroRuedasEnteras>
            <NumeroRuedasDecimales>00</NumeroRuedasDecimales>
            <ConsumoCalculado>+0000002390.00</ConsumoCalculado>
            <LecturaDesde>
              <Fecha>2017-11-30</Fecha>
              <Procedencia>20</Procedencia>
              <Lectura>0000073224.00</Lectura>
            </LecturaDesde>
            <LecturaHasta>
              <Fecha>2017-12-31</Fecha>
              <Procedencia>40</Procedencia>
              <Lectura>0000075614.00</Lectura>
            </LecturaHasta>
            <FechaHoraMaximetro>2017-12-03T18:00:00</FechaHoraMaximetro>
          </Integrador>
          <Integrador>
            <Magnitud>R1</Magnitud>
            <CodigoPeriodo>64</CodigoPeriodo>
            <ConstanteMultiplicadora>000001.000</ConstanteMultiplicadora>
            <NumeroRuedasEnteras>09</NumeroRuedasEnteras>
            <NumeroRuedasDecimales>00</NumeroRuedasDecimales>
            <ConsumoCalculado>+0000000111.00</ConsumoCalculado>
            <LecturaDesde>
              <Fecha>2017-11-30</Fecha>
              <Procedencia>20</Procedencia>
              <Lectura>0000001810.00</Lectura>
            </LecturaDesde>
            <LecturaHasta>
              <Fecha>2017-12-31</Fecha>
              <Procedencia>40</Procedencia>
              <Lectura>0000001921.00</Lectura>
            </LecturaHasta>
            <FechaHoraMaximetro>2017-12-23T03:00:00</FechaHoraMaximetro>
          </Integrador>
          <Integrador>
            <Magnitud>R1</Magnitud>
            <CodigoPeriodo>65</CodigoPeriodo>
            <ConstanteMultiplicadora>000001.000</ConstanteMultiplicadora>
            <NumeroRuedasEnteras>09</NumeroRuedasEnteras>
            <NumeroRuedasDecimales>00</NumeroRuedasDecimales>
            <ConsumoCalculado>+0000000220.00</ConsumoCalculado>
            <LecturaDesde>
              <Fecha>2017-11-30</Fecha>
              <Procedencia>20</Procedencia>
              <Lectura>0000008177.00</Lectura>
            </LecturaDesde>
            <LecturaHasta>
              <Fecha>2017-12-31</Fecha>
              <Procedencia>40</Procedencia>
              <Lectura>0000008397.00</Lectura>
            </LecturaHasta>
            <FechaHoraMaximetro>2017-12-03T16:00:00</FechaHoraMaximetro>
          </Integrador>
          <Integrador>
            <Magnitud>R1</Magnitud>
            <CodigoPeriodo>66</CodigoPeriodo>
            <ConstanteMultiplicadora>000001.000</ConstanteMultiplicadora>
            <NumeroRuedasEnteras>09</NumeroRuedasEnteras>
            <NumeroRuedasDecimales>00</NumeroRuedasDecimales>
            <ConsumoCalculado>+0000000160.00</ConsumoCalculado>
            <LecturaDesde>
              <Fecha>2017-11-30</Fecha>
              <Procedencia>20</Procedencia>
              <Lectura>0000003278.00</Lectura>
            </LecturaDesde>
            <LecturaHasta>
              <Fecha>2017-12-31</Fecha>
              <Procedencia>40</Procedencia>
              <Lectura>0000003438.00</Lectura>
            </LecturaHasta>
            <FechaHoraMaximetro>2017-12-03T18:00:00</FechaHoraMaximetro>
          </Integrador>
          <Integrador>
            <Magnitud>PM</Magnitud>
            <CodigoPeriodo>64</CodigoPeriodo>
            <ConstanteMultiplicadora>000001.000</ConstanteMultiplicadora>
            <NumeroRuedasEnteras>09</NumeroRuedasEnteras>
            <NumeroRuedasDecimales>00</NumeroRuedasDecimales>
            <ConsumoCalculado>+0000071000.00</ConsumoCalculado>
            <LecturaDesde>
              <Fecha>2017-11-30</Fecha>
              <Procedencia>20</Procedencia>
              <Lectura>0000000000.00</Lectura>
            </LecturaDesde>
            <LecturaHasta>
              <Fecha>2017-12-31</Fecha>
              <Procedencia>40</Procedencia>
              <Lectura>0000071000.00</Lectura>
            </LecturaHasta>
            <FechaHoraMaximetro>2017-12-23T03:00:00</FechaHoraMaximetro>
          </Integrador>
          <Integrador>
            <Magnitud>PM</Magnitud>
            <CodigoPeriodo>65</CodigoPeriodo>
            <ConstanteMultiplicadora>000001.000</ConstanteMultiplicadora>
            <NumeroRuedasEnteras>09</NumeroRuedasEnteras>
            <NumeroRuedasDecimales>00</NumeroRuedasDecimales>
            <ConsumoCalculado>+0000079000.00</ConsumoCalculado>
            <LecturaDesde>
              <Fecha>2017-11-30</Fecha>
              <Procedencia>20</Procedencia>
              <Lectura>0000000000.00</Lectura>
            </LecturaDesde>
            <LecturaHasta>
              <Fecha>2017-12-31</Fecha>
              <Procedencia>40</Procedencia>
              <Lectura>0000079000.00</Lectura>
            </LecturaHasta>
            <FechaHoraMaximetro>2017-12-03T16:00:00</FechaHoraMaximetro>
          </Integrador>
          <Integrador>
            <Magnitud>PM</Magnitud>
            <CodigoPeriodo>66</CodigoPeriodo>
            <ConstanteMultiplicadora>000001.000</ConstanteMultiplicadora>
            <NumeroRuedasEnteras>09</NumeroRuedasEnteras>
            <NumeroRuedasDecimales>00</NumeroRuedasDecimales>
            <ConsumoCalculado>+0000076000.00</ConsumoCalculado>
            <LecturaDesde>
              <Fecha>2017-11-30</Fecha>
              <Procedencia>20</Procedencia>
              <Lectura>0000000000.00</Lectura>
            </LecturaDesde>
            <LecturaHasta>
              <Fecha>2017-12-31</Fecha>
              <Procedencia>40</Procedencia>
              <Lectura>0000076000.00</Lectura>
            </LecturaHasta>
            <FechaHoraMaximetro>2017-12-03T18:00:00</FechaHoraMaximetro>
          </Integrador>
        </ModeloAparato>
      </Medidas>
    </FacturaATR>
    <RegistroFin>
      <ImporteTotal>+0000000006359.77</ImporteTotal>
      <SaldoTotalFacturacion>-0000000000083.41</SaldoTotalFacturacion>
      <TotalRecibos>00054</TotalRecibos>
      <TipoMoneda>02</TipoMoneda>
      <FechaValor>2018-02-13</FechaValor>
      <FechaLimitePago>2018-03-05</FechaLimitePago>
      <IdRemesa>00000000000000000007646305</IdRemesa>
    </RegistroFin>
  </Facturas>
  <OtrosDatosFactura>
    <SociedadMercantilEmisora>ENDESA DISTRIBUCION ELECTRICAS</SociedadMercantilEmisora>
    <SociedadMercantilDestino>SUNAIR ONE ENERGY, S.L.</SociedadMercantilDestino>
    <DireccionEmisora>AVDA. BORBOLLA, 5</DireccionEmisora>
    <DireccionDestino>P.I.AGRO REUS C/ IGNASI I</DireccionDestino>
  </OtrosDatosFactura>
</MensajeFacturacion>