<?xml version="1.0" encoding="UTF-8"?><MensajeFacturacion xmlns="http://localhost/elegibilidad">
  <Cabecera>
    <CodigoREEEmpresaEmisora>0363</CodigoREEEmpresaEmisora>
    <CodigoREEEmpresaDestino>0815</CodigoREEEmpresaDestino>
    <CodigoDelProceso>F1</CodigoDelProceso>
    <CodigoDePaso>01</CodigoDePaso>
    <CodigoDeSolicitud>000002618601</CodigoDeSolicitud>
    <SecuencialDeSolicitud>00</SecuencialDeSolicitud>
    <FechaSolicitud>2018-02-13T01:32:52</FechaSolicitud>
    <CUPS>ES0031607515626001EA0F</CUPS>
  </Cabecera>
  <Facturas>
    <FacturaATR>
      <DatosGeneralesFacturaATR>
        <DireccionSuministro>
          <Pais>ESPAÑA</Pais>
          <Provincia>38</Provincia>
          <Municipio>000038</Municipio>
          <Poblacion>000000001</Poblacion>
          <TipoVia>CL</TipoVia>
          <CodPostal>38003</CodPostal>
          <Calle>JOSE HERNANDEZ ALFONSO</Calle>
          <NumeroFinca>00000</NumeroFinca>
          <AclaradorFinca>SOC.COOP.MDO</AclaradorFinca>
        </DireccionSuministro>
        <Cliente>
          <TipoIdentificador>NI</TipoIdentificador>
          <Identificador>B55567986</Identificador>
        </Cliente>
        <CodContrato>000530200570</CodContrato>
        <DatosGeneralesFactura>
          <CodigoFiscalFactura>U6801N00105382</CodigoFiscalFactura>
          <TipoFactura>N</TipoFactura>
          <MotivoFacturacion>01</MotivoFacturacion>
          <Expediente>
            <NumeroExpediente>0000000000000000</NumeroExpediente>
            <CodigoSolicitud>000000000000</CodigoSolicitud>
          </Expediente>
          <FechaFactura>2018-02-13</FechaFactura>
          <IdentificadorEmisora>B82846817</IdentificadorEmisora>
          <Comentarios>2618601                                                                                             </Comentarios>
          <ImporteTotalFactura>+0000004385.27</ImporteTotalFactura>
          <TipoMoneda>02</TipoMoneda>
        </DatosGeneralesFactura>
        <DatosFacturaATR>
          <FechaBOE>2017-12-27</FechaBOE>
          <TarifaATRFact>011</TarifaATRFact>
          <ModoControlPotencia>2</ModoControlPotencia>
          <MarcaMedidaConPerdidas>N</MarcaMedidaConPerdidas>
          <IndicativoCurvaCarga>03</IndicativoCurvaCarga>
          <Periodo>
            <FechaDesdeFactura>2017-12-31</FechaDesdeFactura>
            <FechaHastaFactura>2018-01-31</FechaHastaFactura>
            <NumeroDias>031</NumeroDias>
          </Periodo>
        </DatosFacturaATR>
      </DatosGeneralesFacturaATR>
      <Potencia>
        <TerminoPotencia>
          <FechaDesde>2017-12-31</FechaDesde>
          <FechaHasta>2018-01-31</FechaHasta>
          <Periodo>
            <PotenciaContratada>00000000260000</PotenciaContratada>
            <PotenciaMaxDemandada>00000000255000</PotenciaMaxDemandada>
            <PotenciaAFacturar>00000000255000</PotenciaAFacturar>
            <PrecioPotencia>00000.162119090</PrecioPotencia>
          </Periodo>
          <Periodo>
            <PotenciaContratada>00000000260000</PotenciaContratada>
            <PotenciaMaxDemandada>00000000313000</PotenciaMaxDemandada>
            <PotenciaAFacturar>00000000393000</PotenciaAFacturar>
            <PrecioPotencia>00000.099974490</PrecioPotencia>
          </Periodo>
          <Periodo>
            <PotenciaContratada>00000000260000</PotenciaContratada>
            <PotenciaMaxDemandada>00000000300000</PotenciaMaxDemandada>
            <PotenciaAFacturar>00000000354000</PotenciaAFacturar>
            <PrecioPotencia>00000.022925290</PrecioPotencia>
          </Periodo>
          <Periodo>
            <PotenciaContratada>00000000000000</PotenciaContratada>
            <PotenciaMaxDemandada>00000000000000</PotenciaMaxDemandada>
            <PotenciaAFacturar>00000000000000</PotenciaAFacturar>
            <PrecioPotencia>00000.000000000</PrecioPotencia>
          </Periodo>
          <Periodo>
            <PotenciaContratada>00000000000000</PotenciaContratada>
            <PotenciaMaxDemandada>00000000000000</PotenciaMaxDemandada>
            <PotenciaAFacturar>00000000000000</PotenciaAFacturar>
            <PrecioPotencia>00000.000000000</PrecioPotencia>
          </Periodo>
          <Periodo>
            <PotenciaContratada>00000000000000</PotenciaContratada>
            <PotenciaMaxDemandada>00000000000000</PotenciaMaxDemandada>
            <PotenciaAFacturar>00000000000000</PotenciaAFacturar>
            <PrecioPotencia>00000.000000000</PrecioPotencia>
          </Periodo>
        </TerminoPotencia>
        <PenalizacionNoICP>N</PenalizacionNoICP>
        <ImporteTotalTerminoPotencia>+0000002751.12</ImporteTotalTerminoPotencia>
      </Potencia>
      <EnergiaActiva>
        <TerminoEnergiaActiva>
          <FechaDesde>2017-12-31</FechaDesde>
          <FechaHasta>2018-01-31</FechaHasta>
          <Periodo>
            <ValorEnergiaActiva>+00000021180.00</ValorEnergiaActiva>
            <PrecioEnergia>00000.014335000</PrecioEnergia>
          </Periodo>
          <Periodo>
            <ValorEnergiaActiva>+00000058925.00</ValorEnergiaActiva>
            <PrecioEnergia>00000.012754000</PrecioEnergia>
          </Periodo>
          <Periodo>
            <ValorEnergiaActiva>+00000057819.00</ValorEnergiaActiva>
            <PrecioEnergia>00000.007805000</PrecioEnergia>
          </Periodo>
          <Periodo>
            <ValorEnergiaActiva>+00000000000.00</ValorEnergiaActiva>
            <PrecioEnergia>00000.000000000</PrecioEnergia>
          </Periodo>
          <Periodo>
            <ValorEnergiaActiva>+00000000000.00</ValorEnergiaActiva>
            <PrecioEnergia>00000.000000000</PrecioEnergia>
          </Periodo>
          <Periodo>
            <ValorEnergiaActiva>+00000000000.00</ValorEnergiaActiva>
            <PrecioEnergia>00000.000000000</PrecioEnergia>
          </Periodo>
        </TerminoEnergiaActiva>
        <ImporteTotalEnergiaActiva>+0000001506.42</ImporteTotalEnergiaActiva>
      </EnergiaActiva>
      <ImpuestoElectrico>
        <BaseImponible>+0000000000.00</BaseImponible>
        <Porcentaje>00000.00000000</Porcentaje>
        <Importe>+0000000000.00</Importe>
      </ImpuestoElectrico>
      <IVA>
        <BaseImponible>+0000000000.00</BaseImponible>
        <Porcentaje>0000.00</Porcentaje>
        <Importe>+0000000000.00</Importe>
      </IVA>
      <IVAReducido>
        <BaseImponible>+0000004257.54</BaseImponible>
        <Porcentaje>0003.00</Porcentaje>
        <Importe>+0000000127.73</Importe>
      </IVAReducido>
      <Medidas>
        <CodPM>ES0031607515626001EA1P</CodPM>
        <ModeloAparato>
          <TipoAparato>CG</TipoAparato>
          <MarcaAparato>026</MarcaAparato>
          <NumeroSerie>501705754</NumeroSerie>
          <TipoDHEdM>4</TipoDHEdM>
          <Integrador>
            <Magnitud>AE</Magnitud>
            <CodigoPeriodo>42</CodigoPeriodo>
            <ConstanteMultiplicadora>000001.000</ConstanteMultiplicadora>
            <NumeroRuedasEnteras>08</NumeroRuedasEnteras>
            <NumeroRuedasDecimales>00</NumeroRuedasDecimales>
            <ConsumoCalculado>+0000058925.00</ConsumoCalculado>
            <LecturaDesde>
              <Fecha>2017-12-31</Fecha>
              <Procedencia>40</Procedencia>
              <Lectura>0000352571.00</Lectura>
            </LecturaDesde>
            <LecturaHasta>
              <Fecha>2018-01-31</Fecha>
              <Procedencia>40</Procedencia>
              <Lectura>0000411496.00</Lectura>
            </LecturaHasta>
            <FechaHoraMaximetro>2018-01-21T11:00:00</FechaHoraMaximetro>
          </Integrador>
          <Integrador>
            <Magnitud>AE</Magnitud>
            <CodigoPeriodo>43</CodigoPeriodo>
            <ConstanteMultiplicadora>000001.000</ConstanteMultiplicadora>
            <NumeroRuedasEnteras>08</NumeroRuedasEnteras>
            <NumeroRuedasDecimales>00</NumeroRuedasDecimales>
            <ConsumoCalculado>+0000057819.00</ConsumoCalculado>
            <LecturaDesde>
              <Fecha>2017-12-31</Fecha>
              <Procedencia>40</Procedencia>
              <Lectura>0000326165.00</Lectura>
            </LecturaDesde>
            <LecturaHasta>
              <Fecha>2018-01-31</Fecha>
              <Procedencia>40</Procedencia>
              <Lectura>0000383984.00</Lectura>
            </LecturaHasta>
            <FechaHoraMaximetro>2018-01-05T13:00:00</FechaHoraMaximetro>
          </Integrador>
          <Integrador>
            <Magnitud>AE</Magnitud>
            <CodigoPeriodo>41</CodigoPeriodo>
            <ConstanteMultiplicadora>000001.000</ConstanteMultiplicadora>
            <NumeroRuedasEnteras>08</NumeroRuedasEnteras>
            <NumeroRuedasDecimales>00</NumeroRuedasDecimales>
            <ConsumoCalculado>+0000021180.00</ConsumoCalculado>
            <LecturaDesde>
              <Fecha>2017-12-31</Fecha>
              <Procedencia>40</Procedencia>
              <Lectura>0000220311.00</Lectura>
            </LecturaDesde>
            <LecturaHasta>
              <Fecha>2018-01-31</Fecha>
              <Procedencia>40</Procedencia>
              <Lectura>0000241491.00</Lectura>
            </LecturaHasta>
            <FechaHoraMaximetro>2018-01-05T18:00:00</FechaHoraMaximetro>
          </Integrador>
          <Integrador>
            <Magnitud>R1</Magnitud>
            <CodigoPeriodo>42</CodigoPeriodo>
            <ConstanteMultiplicadora>000001.000</ConstanteMultiplicadora>
            <NumeroRuedasEnteras>08</NumeroRuedasEnteras>
            <NumeroRuedasDecimales>00</NumeroRuedasDecimales>
            <ConsumoCalculado>+0000012001.00</ConsumoCalculado>
            <LecturaDesde>
              <Fecha>2017-12-31</Fecha>
              <Procedencia>40</Procedencia>
              <Lectura>0000087273.00</Lectura>
            </LecturaDesde>
            <LecturaHasta>
              <Fecha>2018-01-31</Fecha>
              <Procedencia>40</Procedencia>
              <Lectura>0000099274.00</Lectura>
            </LecturaHasta>
            <FechaHoraMaximetro>2018-01-21T11:00:00</FechaHoraMaximetro>
          </Integrador>
          <Integrador>
            <Magnitud>R1</Magnitud>
            <CodigoPeriodo>43</CodigoPeriodo>
            <ConstanteMultiplicadora>000001.000</ConstanteMultiplicadora>
            <NumeroRuedasEnteras>08</NumeroRuedasEnteras>
            <NumeroRuedasDecimales>00</NumeroRuedasDecimales>
            <ConsumoCalculado>+0000007888.00</ConsumoCalculado>
            <LecturaDesde>
              <Fecha>2017-12-31</Fecha>
              <Procedencia>40</Procedencia>
              <Lectura>0000069790.00</Lectura>
            </LecturaDesde>
            <LecturaHasta>
              <Fecha>2018-01-31</Fecha>
              <Procedencia>40</Procedencia>
              <Lectura>0000077678.00</Lectura>
            </LecturaHasta>
            <FechaHoraMaximetro>2018-01-05T13:00:00</FechaHoraMaximetro>
          </Integrador>
          <Integrador>
            <Magnitud>R1</Magnitud>
            <CodigoPeriodo>41</CodigoPeriodo>
            <ConstanteMultiplicadora>000001.000</ConstanteMultiplicadora>
            <NumeroRuedasEnteras>08</NumeroRuedasEnteras>
            <NumeroRuedasDecimales>00</NumeroRuedasDecimales>
            <ConsumoCalculado>+0000002868.00</ConsumoCalculado>
            <LecturaDesde>
              <Fecha>2017-12-31</Fecha>
              <Procedencia>40</Procedencia>
              <Lectura>0000059060.00</Lectura>
            </LecturaDesde>
            <LecturaHasta>
              <Fecha>2018-01-31</Fecha>
              <Procedencia>40</Procedencia>
              <Lectura>0000061928.00</Lectura>
            </LecturaHasta>
            <FechaHoraMaximetro>2018-01-05T18:00:00</FechaHoraMaximetro>
          </Integrador>
          <Integrador>
            <Magnitud>PM</Magnitud>
            <CodigoPeriodo>42</CodigoPeriodo>
            <ConstanteMultiplicadora>000001.000</ConstanteMultiplicadora>
            <NumeroRuedasEnteras>08</NumeroRuedasEnteras>
            <NumeroRuedasDecimales>00</NumeroRuedasDecimales>
            <ConsumoCalculado>+0000313000.00</ConsumoCalculado>
            <LecturaDesde>
              <Fecha>2017-12-31</Fecha>
              <Procedencia>40</Procedencia>
              <Lectura>0000000000.00</Lectura>
            </LecturaDesde>
            <LecturaHasta>
              <Fecha>2018-01-31</Fecha>
              <Procedencia>40</Procedencia>
              <Lectura>0000313000.00</Lectura>
            </LecturaHasta>
            <FechaHoraMaximetro>2018-01-21T11:00:00</FechaHoraMaximetro>
          </Integrador>
          <Integrador>
            <Magnitud>PM</Magnitud>
            <CodigoPeriodo>43</CodigoPeriodo>
            <ConstanteMultiplicadora>000001.000</ConstanteMultiplicadora>
            <NumeroRuedasEnteras>08</NumeroRuedasEnteras>
            <NumeroRuedasDecimales>00</NumeroRuedasDecimales>
            <ConsumoCalculado>+0000300000.00</ConsumoCalculado>
            <LecturaDesde>
              <Fecha>2017-12-31</Fecha>
              <Procedencia>40</Procedencia>
              <Lectura>0000000000.00</Lectura>
            </LecturaDesde>
            <LecturaHasta>
              <Fecha>2018-01-31</Fecha>
              <Procedencia>40</Procedencia>
              <Lectura>0000300000.00</Lectura>
            </LecturaHasta>
            <FechaHoraMaximetro>2018-01-05T13:00:00</FechaHoraMaximetro>
          </Integrador>
          <Integrador>
            <Magnitud>PM</Magnitud>
            <CodigoPeriodo>41</CodigoPeriodo>
            <ConstanteMultiplicadora>000001.000</ConstanteMultiplicadora>
            <NumeroRuedasEnteras>08</NumeroRuedasEnteras>
            <NumeroRuedasDecimales>00</NumeroRuedasDecimales>
            <ConsumoCalculado>+0000255000.00</ConsumoCalculado>
            <LecturaDesde>
              <Fecha>2017-12-31</Fecha>
              <Procedencia>40</Procedencia>
              <Lectura>0000000000.00</Lectura>
            </LecturaDesde>
            <LecturaHasta>
              <Fecha>2018-01-31</Fecha>
              <Procedencia>40</Procedencia>
              <Lectura>0000255000.00</Lectura>
            </LecturaHasta>
            <FechaHoraMaximetro>2018-01-05T18:00:00</FechaHoraMaximetro>
          </Integrador>
        </ModeloAparato>
      </Medidas>
    </FacturaATR>
    <RegistroFin>
      <ImporteTotal>+0000000004950.53</ImporteTotal>
      <SaldoTotalFacturacion>+0000000000000.00</SaldoTotalFacturacion>
      <TotalRecibos>00004</TotalRecibos>
      <TipoMoneda>02</TipoMoneda>
      <FechaValor>2018-02-13</FechaValor>
      <FechaLimitePago>2018-03-05</FechaLimitePago>
      <IdRemesa>00000000000000000002618601</IdRemesa>
    </RegistroFin>
  </Facturas>
  <OtrosDatosFactura>
    <SociedadMercantilEmisora>ENDESA DISTRIBUCION ELECTRICA SLU</SociedadMercantilEmisora>
    <SociedadMercantilDestino>SUNAIR ONE ENERGY, S.L.</SociedadMercantilDestino>
    <DireccionEmisora>AV VILANOVA</DireccionEmisora>
    <DireccionDestino>P.I.AGRO REUS C/ IGNASI I</DireccionDestino>
  </OtrosDatosFactura>
</MensajeFacturacion>