<?xml version="1.0" encoding="ISO-8859-1"?><MensajeSaldoLecturasFacturacion xmlns="http://localhost/elegibilidad"><Cabecera><CodigoREEEmpresaEmisora>0021</CodigoREEEmpresaEmisora><CodigoREEEmpresaDestino>0980</CodigoREEEmpresaDestino><CodigoDelProceso>Q1</CodigoDelProceso><CodigoDePaso>01</CodigoDePaso><CodigoDeSolicitud>201802092309</CodigoDeSolicitud><SecuencialDeSolicitud>30</SecuencialDeSolicitud><FechaSolicitud>2018-02-09T00:00:00</FechaSolicitud><CUPS>ES0021000008764529GP0P</CUPS></Cabecera><Medidas><CodPM>ES0021000008764529GP0P</CodPM><ModeloAparato><TipoAparato>TG</TipoAparato><MarcaAparato>101</MarcaAparato><NumeroSerie>0165047848</NumeroSerie><TipoDHEdM>1</TipoDHEdM><Integrador><Magnitud>AE</Magnitud><CodigoPeriodo>10</CodigoPeriodo><ConstanteMultiplicadora>1</ConstanteMultiplicadora><NumeroRuedasEnteras>6</NumeroRuedasEnteras><NumeroRuedasDecimales>0</NumeroRuedasDecimales><ConsumoCalculado>255</ConsumoCalculado><LecturaDesde><Fecha>2018-01-07</Fecha><Procedencia>10</Procedencia><Lectura>5470</Lectura></LecturaDesde><LecturaHasta><Fecha>2018-02-06</Fecha><Procedencia>10</Procedencia><Lectura>5725</Lectura></LecturaHasta></Integrador></ModeloAparato></Medidas></MensajeSaldoLecturasFacturacion>