<?xml version="1.0" encoding="ISO-8859-1"?><MensajeSaldoLecturasFacturacion xmlns="http://localhost/elegibilidad"><Cabecera><CodigoREEEmpresaEmisora>0021</CodigoREEEmpresaEmisora><CodigoREEEmpresaDestino>0980</CodigoREEEmpresaDestino><CodigoDelProceso>Q1</CodigoDelProceso><CodigoDePaso>01</CodigoDePaso><CodigoDeSolicitud>201802092329</CodigoDeSolicitud><SecuencialDeSolicitud>30</SecuencialDeSolicitud><FechaSolicitud>2018-02-09T00:00:00</FechaSolicitud><CUPS>ES0021000008847175DS0P</CUPS></Cabecera><Medidas><CodPM>ES0021000008847175DS0P</CodPM><ModeloAparato><TipoAparato>TG</TipoAparato><MarcaAparato>069</MarcaAparato><NumeroSerie>0032317477</NumeroSerie><TipoDHEdM>1</TipoDHEdM><Integrador><Magnitud>AE</Magnitud><CodigoPeriodo>10</CodigoPeriodo><ConstanteMultiplicadora>1</ConstanteMultiplicadora><NumeroRuedasEnteras>6</NumeroRuedasEnteras><NumeroRuedasDecimales>0</NumeroRuedasDecimales><ConsumoCalculado>237</ConsumoCalculado><LecturaDesde><Fecha>2018-01-10</Fecha><Procedencia>10</Procedencia><Lectura>3596</Lectura></LecturaDesde><LecturaHasta><Fecha>2018-02-08</Fecha><Procedencia>10</Procedencia><Lectura>3833</Lectura></LecturaHasta></Integrador></ModeloAparato></Medidas></MensajeSaldoLecturasFacturacion>