<?xml version="1.0" encoding="ISO-8859-1"?><MensajeSaldoLecturasFacturacion xmlns="http://localhost/elegibilidad"><Cabecera><CodigoREEEmpresaEmisora>0021</CodigoREEEmpresaEmisora><CodigoREEEmpresaDestino>0980</CodigoREEEmpresaDestino><CodigoDelProceso>Q1</CodigoDelProceso><CodigoDePaso>01</CodigoDePaso><CodigoDeSolicitud>201802092299</CodigoDeSolicitud><SecuencialDeSolicitud>30</SecuencialDeSolicitud><FechaSolicitud>2018-02-09T00:00:00</FechaSolicitud><CUPS>ES0021000008517138NM0P</CUPS></Cabecera><Medidas><CodPM>ES0021000008517138NM0P</CodPM><ModeloAparato><TipoAparato>TG</TipoAparato><MarcaAparato>101</MarcaAparato><NumeroSerie>0145890363</NumeroSerie><TipoDHEdM>2</TipoDHEdM><Integrador><Magnitud>AE</Magnitud><CodigoPeriodo>22</CodigoPeriodo><ConstanteMultiplicadora>1</ConstanteMultiplicadora><NumeroRuedasEnteras>6</NumeroRuedasEnteras><NumeroRuedasDecimales>0</NumeroRuedasDecimales><ConsumoCalculado>368</ConsumoCalculado><LecturaDesde><Fecha>2018-01-01</Fecha><Procedencia>10</Procedencia><Lectura>9377</Lectura></LecturaDesde><LecturaHasta><Fecha>2018-01-29</Fecha><Procedencia>10</Procedencia><Lectura>9745</Lectura></LecturaHasta></Integrador><Integrador><Magnitud>AE</Magnitud><CodigoPeriodo>21</CodigoPeriodo><ConstanteMultiplicadora>1</ConstanteMultiplicadora><NumeroRuedasEnteras>6</NumeroRuedasEnteras><NumeroRuedasDecimales>0</NumeroRuedasDecimales><ConsumoCalculado>267</ConsumoCalculado><LecturaDesde><Fecha>2018-01-01</Fecha><Procedencia>10</Procedencia><Lectura>7753</Lectura></LecturaDesde><LecturaHasta><Fecha>2018-01-29</Fecha><Procedencia>10</Procedencia><Lectura>8020</Lectura></LecturaHasta></Integrador></ModeloAparato></Medidas></MensajeSaldoLecturasFacturacion>