<?xml version="1.0" encoding="ISO-8859-1"?><MensajeSaldoLecturasFacturacion xmlns="http://localhost/elegibilidad"><Cabecera><CodigoREEEmpresaEmisora>0021</CodigoREEEmpresaEmisora><CodigoREEEmpresaDestino>0980</CodigoREEEmpresaDestino><CodigoDelProceso>Q1</CodigoDelProceso><CodigoDePaso>01</CodigoDePaso><CodigoDeSolicitud>201802092311</CodigoDeSolicitud><SecuencialDeSolicitud>30</SecuencialDeSolicitud><FechaSolicitud>2018-02-09T00:00:00</FechaSolicitud><CUPS>ES0021000008850296FP0P</CUPS></Cabecera><Medidas><CodPM>ES0021000008850296FP0P</CodPM><ModeloAparato><TipoAparato>TG</TipoAparato><MarcaAparato>051</MarcaAparato><NumeroSerie>0000131955</NumeroSerie><TipoDHEdM>1</TipoDHEdM><Integrador><Magnitud>AE</Magnitud><CodigoPeriodo>10</CodigoPeriodo><ConstanteMultiplicadora>1</ConstanteMultiplicadora><NumeroRuedasEnteras>6</NumeroRuedasEnteras><NumeroRuedasDecimales>0</NumeroRuedasDecimales><ConsumoCalculado>230</ConsumoCalculado><LecturaDesde><Fecha>2018-01-07</Fecha><Procedencia>10</Procedencia><Lectura>5589</Lectura></LecturaDesde><LecturaHasta><Fecha>2018-02-06</Fecha><Procedencia>10</Procedencia><Lectura>5819</Lectura></LecturaHasta></Integrador></ModeloAparato></Medidas></MensajeSaldoLecturasFacturacion>