<?xml version="1.0" encoding="ISO-8859-1"?><MensajeSaldoLecturasFacturacion xmlns="http://localhost/elegibilidad"><Cabecera><CodigoREEEmpresaEmisora>0021</CodigoREEEmpresaEmisora><CodigoREEEmpresaDestino>0980</CodigoREEEmpresaDestino><CodigoDelProceso>Q1</CodigoDelProceso><CodigoDePaso>01</CodigoDePaso><CodigoDeSolicitud>201802092361</CodigoDeSolicitud><SecuencialDeSolicitud>30</SecuencialDeSolicitud><FechaSolicitud>2018-02-09T00:00:00</FechaSolicitud><CUPS>ES0021000010358917AJ0P</CUPS></Cabecera><Medidas><CodPM>ES0021000010358917AJ0P</CodPM><ModeloAparato><TipoAparato>TG</TipoAparato><MarcaAparato>101</MarcaAparato><NumeroSerie>0145891366</NumeroSerie><TipoDHEdM>1</TipoDHEdM><Integrador><Magnitud>AE</Magnitud><CodigoPeriodo>10</CodigoPeriodo><ConstanteMultiplicadora>1</ConstanteMultiplicadora><NumeroRuedasEnteras>6</NumeroRuedasEnteras><NumeroRuedasDecimales>0</NumeroRuedasDecimales><ConsumoCalculado>247</ConsumoCalculado><LecturaDesde><Fecha>2018-01-03</Fecha><Procedencia>10</Procedencia><Lectura>8343</Lectura></LecturaDesde><LecturaHasta><Fecha>2018-02-04</Fecha><Procedencia>10</Procedencia><Lectura>8590</Lectura></LecturaHasta></Integrador></ModeloAparato></Medidas></MensajeSaldoLecturasFacturacion>