<?xml version="1.0" encoding="ISO-8859-1"?><MensajeSaldoLecturasFacturacion xmlns="http://localhost/elegibilidad"><Cabecera><CodigoREEEmpresaEmisora>0021</CodigoREEEmpresaEmisora><CodigoREEEmpresaDestino>0980</CodigoREEEmpresaDestino><CodigoDelProceso>Q1</CodigoDelProceso><CodigoDePaso>01</CodigoDePaso><CodigoDeSolicitud>201802092359</CodigoDeSolicitud><SecuencialDeSolicitud>30</SecuencialDeSolicitud><FechaSolicitud>2018-02-09T00:00:00</FechaSolicitud><CUPS>ES0021000000896713GD0P</CUPS></Cabecera><Medidas><CodPM>ES0021000000896713GD0P</CodPM><ModeloAparato><TipoAparato>TG</TipoAparato><MarcaAparato>101</MarcaAparato><NumeroSerie>0175211523</NumeroSerie><TipoDHEdM>2</TipoDHEdM><Integrador><Magnitud>AE</Magnitud><CodigoPeriodo>22</CodigoPeriodo><ConstanteMultiplicadora>1</ConstanteMultiplicadora><NumeroRuedasEnteras>6</NumeroRuedasEnteras><NumeroRuedasDecimales>0</NumeroRuedasDecimales><ConsumoCalculado>207</ConsumoCalculado><LecturaDesde><Fecha>2018-01-03</Fecha><Procedencia>10</Procedencia><Lectura>533</Lectura></LecturaDesde><LecturaHasta><Fecha>2018-02-05</Fecha><Procedencia>10</Procedencia><Lectura>740</Lectura></LecturaHasta></Integrador><Integrador><Magnitud>AE</Magnitud><CodigoPeriodo>21</CodigoPeriodo><ConstanteMultiplicadora>1</ConstanteMultiplicadora><NumeroRuedasEnteras>6</NumeroRuedasEnteras><NumeroRuedasDecimales>0</NumeroRuedasDecimales><ConsumoCalculado>88</ConsumoCalculado><LecturaDesde><Fecha>2018-01-03</Fecha><Procedencia>10</Procedencia><Lectura>204</Lectura></LecturaDesde><LecturaHasta><Fecha>2018-02-05</Fecha><Procedencia>10</Procedencia><Lectura>292</Lectura></LecturaHasta></Integrador></ModeloAparato></Medidas></MensajeSaldoLecturasFacturacion>