<?xml version="1.0" encoding="ISO-8859-1"?><MensajeSaldoLecturasFacturacion xmlns="http://localhost/elegibilidad"><Cabecera><CodigoREEEmpresaEmisora>0021</CodigoREEEmpresaEmisora><CodigoREEEmpresaDestino>0980</CodigoREEEmpresaDestino><CodigoDelProceso>Q1</CodigoDelProceso><CodigoDePaso>01</CodigoDePaso><CodigoDeSolicitud>201802092325</CodigoDeSolicitud><SecuencialDeSolicitud>30</SecuencialDeSolicitud><FechaSolicitud>2018-02-09T00:00:00</FechaSolicitud><CUPS>ES0021000008511905ZQ0P</CUPS></Cabecera><Medidas><CodPM>ES0021000008511905ZQ0P</CodPM><ModeloAparato><TipoAparato>TG</TipoAparato><MarcaAparato>132</MarcaAparato><NumeroSerie>0043338671</NumeroSerie><TipoDHEdM>1</TipoDHEdM><Integrador><Magnitud>AE</Magnitud><CodigoPeriodo>10</CodigoPeriodo><ConstanteMultiplicadora>1</ConstanteMultiplicadora><NumeroRuedasEnteras>6</NumeroRuedasEnteras><NumeroRuedasDecimales>0</NumeroRuedasDecimales><ConsumoCalculado>275</ConsumoCalculado><LecturaDesde><Fecha>2018-01-01</Fecha><Procedencia>10</Procedencia><Lectura>12137</Lectura></LecturaDesde><LecturaHasta><Fecha>2018-01-29</Fecha><Procedencia>10</Procedencia><Lectura>12412</Lectura></LecturaHasta></Integrador></ModeloAparato></Medidas></MensajeSaldoLecturasFacturacion>