<?xml version="1.0" encoding="UTF-8" standalone="yes"?><MensajeSaldoLecturasFacturacion xmlns="http://localhost/elegibilidad"><Cabecera><CodigoREEEmpresaEmisora>0363</CodigoREEEmpresaEmisora><CodigoREEEmpresaDestino>0815</CodigoREEEmpresaDestino><CodigoDelProceso>Q1</CodigoDelProceso><CodigoDePaso>01</CodigoDePaso><CodigoDeSolicitud>201802131407</CodigoDeSolicitud><SecuencialDeSolicitud>01</SecuencialDeSolicitud><FechaSolicitud>2018-02-13T14:07:08.202+01:00</FechaSolicitud><CUPS>ES0031601099273001MJ0F</CUPS></Cabecera><Medidas><CodPM>ES0031601099273001MJ0F</CodPM><ModeloAparato><TipoAparato>CG</TipoAparato><MarcaAparato>003</MarcaAparato><NumeroSerie>000000000000000000</NumeroSerie><TipoDHEdM>6</TipoDHEdM><Integrador><Magnitud>AE</Magnitud><CodigoPeriodo>62</CodigoPeriodo><ConstanteMultiplicadora>1.000</ConstanteMultiplicadora><NumeroRuedasEnteras>9</NumeroRuedasEnteras><NumeroRuedasDecimales>0</NumeroRuedasDecimales><ConsumoCalculado>43392.00</ConsumoCalculado><LecturaDesde><Fecha>2018-01-01+01:00</Fecha><Procedencia>20</Procedencia><Lectura>163401.00</Lectura></LecturaDesde><LecturaHasta><Fecha>2018-01-31+01:00</Fecha><Procedencia>10</Procedencia><Lectura>166993.00</Lectura></LecturaHasta><Ajuste><CodigoMotivoAjuste>99</CodigoMotivoAjuste><AjustePorIntegrador>39800.00</AjustePorIntegrador><Comentarios>Ajuste Otros Motivos</Comentarios></Ajuste></Integrador><Integrador><Magnitud>R1</Magnitud><CodigoPeriodo>66</CodigoPeriodo><ConstanteMultiplicadora>1.000</ConstanteMultiplicadora><NumeroRuedasEnteras>9</NumeroRuedasEnteras><NumeroRuedasDecimales>0</NumeroRuedasDecimales><ConsumoCalculado>-17209.00</ConsumoCalculado><LecturaDesde><Fecha>2018-01-01+01:00</Fecha><Procedencia>20</Procedencia><Lectura>48182.00</Lectura></LecturaDesde><LecturaHasta><Fecha>2018-01-31+01:00</Fecha><Procedencia>10</Procedencia><Lectura>49373.00</Lectura></LecturaHasta><Ajuste><CodigoMotivoAjuste>99</CodigoMotivoAjuste><AjustePorIntegrador>-18400.00</AjustePorIntegrador><Comentarios>Ajuste Otros Motivos</Comentarios></Ajuste></Integrador><Integrador><Magnitud>R1</Magnitud><CodigoPeriodo>63</CodigoPeriodo><ConstanteMultiplicadora>1.000</ConstanteMultiplicadora><NumeroRuedasEnteras>9</NumeroRuedasEnteras><NumeroRuedasDecimales>0</NumeroRuedasDecimales><ConsumoCalculado>20464.00</ConsumoCalculado><LecturaDesde><Fecha>2018-01-01+01:00</Fecha><Procedencia>20</Procedencia><Lectura>110106.00</Lectura></LecturaDesde><LecturaHasta><Fecha>2018-01-31+01:00</Fecha><Procedencia>10</Procedencia><Lectura>112270.00</Lectura></LecturaHasta><Ajuste><CodigoMotivoAjuste>99</CodigoMotivoAjuste><AjustePorIntegrador>18300.00</AjustePorIntegrador><Comentarios>Ajuste Otros Motivos</Comentarios></Ajuste></Integrador><Integrador><Magnitud>AE</Magnitud><CodigoPeriodo>64</CodigoPeriodo><ConstanteMultiplicadora>1.000</ConstanteMultiplicadora><NumeroRuedasEnteras>9</NumeroRuedasEnteras><NumeroRuedasDecimales>0</NumeroRuedasDecimales><ConsumoCalculado>-8525.00</ConsumoCalculado><LecturaDesde><Fecha>2018-01-01+01:00</Fecha><Procedencia>20</Procedencia><Lectura>9599.00</Lectura></LecturaDesde><LecturaHasta><Fecha>2018-01-31+01:00</Fecha><Procedencia>10</Procedencia><Lectura>10374.00</Lectura></LecturaHasta><Ajuste><CodigoMotivoAjuste>99</CodigoMotivoAjuste><AjustePorIntegrador>-9300.00</AjustePorIntegrador><Comentarios>Ajuste Otros Motivos</Comentarios></Ajuste></Integrador><Integrador><Magnitud>AE</Magnitud><CodigoPeriodo>61</CodigoPeriodo><ConstanteMultiplicadora>1.000</ConstanteMultiplicadora><NumeroRuedasEnteras>9</NumeroRuedasEnteras><NumeroRuedasDecimales>0</NumeroRuedasDecimales><ConsumoCalculado>12036.00</ConsumoCalculado><LecturaDesde><Fecha>2018-01-01+01:00</Fecha><Procedencia>20</Procedencia><Lectura>46506.00</Lectura></LecturaDesde><LecturaHasta><Fecha>2018-01-31+01:00</Fecha><Procedencia>10</Procedencia><Lectura>49342.00</Lectura></LecturaHasta><Ajuste><CodigoMotivoAjuste>99</CodigoMotivoAjuste><AjustePorIntegrador>9200.00</AjustePorIntegrador><Comentarios>Ajuste Otros Motivos</Comentarios></Ajuste></Integrador><Integrador><Magnitud>R1</Magnitud><CodigoPeriodo>62</CodigoPeriodo><ConstanteMultiplicadora>1.000</ConstanteMultiplicadora><NumeroRuedasEnteras>9</NumeroRuedasEnteras><NumeroRuedasDecimales>0</NumeroRuedasDecimales><ConsumoCalculado>28678.00</ConsumoCalculado><LecturaDesde><Fecha>2018-01-01+01:00</Fecha><Procedencia>20</Procedencia><Lectura>101942.00</Lectura></LecturaDesde><LecturaHasta><Fecha>2018-01-31+01:00</Fecha><Procedencia>10</Procedencia><Lectura>104020.00</Lectura></LecturaHasta><Ajuste><CodigoMotivoAjuste>99</CodigoMotivoAjuste><AjustePorIntegrador>26600.00</AjustePorIntegrador><Comentarios>Ajuste Otros Motivos</Comentarios></Ajuste></Integrador><Integrador><Magnitud>R1</Magnitud><CodigoPeriodo>65</CodigoPeriodo><ConstanteMultiplicadora>1.000</ConstanteMultiplicadora><NumeroRuedasEnteras>9</NumeroRuedasEnteras><NumeroRuedasDecimales>0</NumeroRuedasDecimales><ConsumoCalculado>-26139.00</ConsumoCalculado><LecturaDesde><Fecha>2018-01-01+01:00</Fecha><Procedencia>20</Procedencia><Lectura>35751.00</Lectura></LecturaDesde><LecturaHasta><Fecha>2018-01-31+01:00</Fecha><Procedencia>10</Procedencia><Lectura>36512.00</Lectura></LecturaHasta><Ajuste><CodigoMotivoAjuste>99</CodigoMotivoAjuste><AjustePorIntegrador>-26900.00</AjustePorIntegrador><Comentarios>Ajuste Otros Motivos</Comentarios></Ajuste></Integrador><Integrador><Magnitud>AE</Magnitud><CodigoPeriodo>63</CodigoPeriodo><ConstanteMultiplicadora>1.000</ConstanteMultiplicadora><NumeroRuedasEnteras>9</NumeroRuedasEnteras><NumeroRuedasDecimales>0</NumeroRuedasDecimales><ConsumoCalculado>30677.00</ConsumoCalculado><LecturaDesde><Fecha>2018-01-01+01:00</Fecha><Procedencia>20</Procedencia><Lectura>161828.00</Lectura></LecturaDesde><LecturaHasta><Fecha>2018-01-31+01:00</Fecha><Procedencia>10</Procedencia><Lectura>165005.00</Lectura></LecturaHasta><Ajuste><CodigoMotivoAjuste>99</CodigoMotivoAjuste><AjustePorIntegrador>27500.00</AjustePorIntegrador><Comentarios>Ajuste Otros Motivos</Comentarios></Ajuste></Integrador><Integrador><Magnitud>AE</Magnitud><CodigoPeriodo>66</CodigoPeriodo><ConstanteMultiplicadora>1.000</ConstanteMultiplicadora><NumeroRuedasEnteras>9</NumeroRuedasEnteras><NumeroRuedasDecimales>0</NumeroRuedasDecimales><ConsumoCalculado>-25495.00</ConsumoCalculado><LecturaDesde><Fecha>2018-01-01+01:00</Fecha><Procedencia>20</Procedencia><Lectura>69347.00</Lectura></LecturaDesde><LecturaHasta><Fecha>2018-01-31+01:00</Fecha><Procedencia>10</Procedencia><Lectura>71052.00</Lectura></LecturaHasta><Ajuste><CodigoMotivoAjuste>99</CodigoMotivoAjuste><AjustePorIntegrador>-27200.00</AjustePorIntegrador><Comentarios>Ajuste Otros Motivos</Comentarios></Ajuste></Integrador><Integrador><Magnitud>R1</Magnitud><CodigoPeriodo>61</CodigoPeriodo><ConstanteMultiplicadora>1.000</ConstanteMultiplicadora><NumeroRuedasEnteras>9</NumeroRuedasEnteras><NumeroRuedasDecimales>0</NumeroRuedasDecimales><ConsumoCalculado>8088.00</ConsumoCalculado><LecturaDesde><Fecha>2018-01-01+01:00</Fecha><Procedencia>20</Procedencia><Lectura>28086.00</Lectura></LecturaDesde><LecturaHasta><Fecha>2018-01-31+01:00</Fecha><Procedencia>10</Procedencia><Lectura>29874.00</Lectura></LecturaHasta><Ajuste><CodigoMotivoAjuste>99</CodigoMotivoAjuste><AjustePorIntegrador>6300.00</AjustePorIntegrador><Comentarios>Ajuste Otros Motivos</Comentarios></Ajuste></Integrador><Integrador><Magnitud>R1</Magnitud><CodigoPeriodo>64</CodigoPeriodo><ConstanteMultiplicadora>1.000</ConstanteMultiplicadora><NumeroRuedasEnteras>9</NumeroRuedasEnteras><NumeroRuedasDecimales>0</NumeroRuedasDecimales><ConsumoCalculado>-5490.00</ConsumoCalculado><LecturaDesde><Fecha>2018-01-01+01:00</Fecha><Procedencia>20</Procedencia><Lectura>6195.00</Lectura></LecturaDesde><LecturaHasta><Fecha>2018-01-31+01:00</Fecha><Procedencia>10</Procedencia><Lectura>6705.00</Lectura></LecturaHasta><Ajuste><CodigoMotivoAjuste>99</CodigoMotivoAjuste><AjustePorIntegrador>-6000.00</AjustePorIntegrador><Comentarios>Ajuste Otros Motivos</Comentarios></Ajuste></Integrador><Integrador><Magnitud>AE</Magnitud><CodigoPeriodo>65</CodigoPeriodo><ConstanteMultiplicadora>1.000</ConstanteMultiplicadora><NumeroRuedasEnteras>9</NumeroRuedasEnteras><NumeroRuedasDecimales>0</NumeroRuedasDecimales><ConsumoCalculado>-38691.00</ConsumoCalculado><LecturaDesde><Fecha>2018-01-01+01:00</Fecha><Procedencia>20</Procedencia><Lectura>53879.00</Lectura></LecturaDesde><LecturaHasta><Fecha>2018-01-31+01:00</Fecha><Procedencia>10</Procedencia><Lectura>55088.00</Lectura></LecturaHasta><Ajuste><CodigoMotivoAjuste>99</CodigoMotivoAjuste><AjustePorIntegrador>-39900.00</AjustePorIntegrador><Comentarios>Ajuste Otros Motivos</Comentarios></Ajuste></Integrador></ModeloAparato></Medidas></MensajeSaldoLecturasFacturacion>