<?xml version="1.0" encoding="ISO-8859-1"?><MensajeSaldoLecturasFacturacion xmlns="http://localhost/elegibilidad"><Cabecera><CodigoREEEmpresaEmisora>0022</CodigoREEEmpresaEmisora><CodigoREEEmpresaDestino>0815</CodigoREEEmpresaDestino><CodigoDelProceso>Q1</CodigoDelProceso><CodigoDePaso>01</CodigoDePaso><CodigoDeSolicitud>201802120449</CodigoDeSolicitud><SecuencialDeSolicitud>01</SecuencialDeSolicitud><FechaSolicitud>2018-02-12T04:49:52</FechaSolicitud><CUPS>ES0022000008137677XB1P</CUPS></Cabecera><Medidas><CodPM>ES0022000008137677XB1P</CodPM><ModeloAparato><TipoAparato>CG</TipoAparato><MarcaAparato>105</MarcaAparato><NumeroSerie>0086616388</NumeroSerie><TipoDHEdM>6</TipoDHEdM><Integrador><Magnitud>AE</Magnitud><CodigoPeriodo>66</CodigoPeriodo><ConstanteMultiplicadora>1.000</ConstanteMultiplicadora><NumeroRuedasEnteras>08</NumeroRuedasEnteras><NumeroRuedasDecimales>00</NumeroRuedasDecimales><ConsumoCalculado>104925.00</ConsumoCalculado><LecturaDesde><Fecha>2017-12-31</Fecha><Procedencia>10</Procedencia><Lectura>10971434.00</Lectura></LecturaDesde><LecturaHasta><Fecha>2018-01-31</Fecha><Procedencia>10</Procedencia><Lectura>11076359.00</Lectura></LecturaHasta></Integrador><Integrador><Magnitud>AE</Magnitud><CodigoPeriodo>61</CodigoPeriodo><ConstanteMultiplicadora>1.000</ConstanteMultiplicadora><NumeroRuedasEnteras>08</NumeroRuedasEnteras><NumeroRuedasDecimales>00</NumeroRuedasDecimales><ConsumoCalculado>51566.00</ConsumoCalculado><LecturaDesde><Fecha>2017-12-31</Fecha><Procedencia>10</Procedencia><Lectura>2484219.00</Lectura></LecturaDesde><LecturaHasta><Fecha>2018-01-31</Fecha><Procedencia>10</Procedencia><Lectura>2535785.00</Lectura></LecturaHasta></Integrador><Integrador><Magnitud>AE</Magnitud><CodigoPeriodo>62</CodigoPeriodo><ConstanteMultiplicadora>1.000</ConstanteMultiplicadora><NumeroRuedasEnteras>08</NumeroRuedasEnteras><NumeroRuedasDecimales>00</NumeroRuedasDecimales><ConsumoCalculado>83865.00</ConsumoCalculado><LecturaDesde><Fecha>2017-12-31</Fecha><Procedencia>10</Procedencia><Lectura>3394870.00</Lectura></LecturaDesde><LecturaHasta><Fecha>2018-01-31</Fecha><Procedencia>10</Procedencia><Lectura>3478735.00</Lectura></LecturaHasta></Integrador><Integrador><Magnitud>AE</Magnitud><CodigoPeriodo>63</CodigoPeriodo><ConstanteMultiplicadora>1.000</ConstanteMultiplicadora><NumeroRuedasEnteras>08</NumeroRuedasEnteras><NumeroRuedasDecimales>00</NumeroRuedasDecimales><ConsumoCalculado>0.00</ConsumoCalculado><LecturaDesde><Fecha>2017-12-31</Fecha><Procedencia>10</Procedencia><Lectura>1879321.00</Lectura></LecturaDesde><LecturaHasta><Fecha>2018-01-31</Fecha><Procedencia>10</Procedencia><Lectura>1879321.00</Lectura></LecturaHasta></Integrador><Integrador><Magnitud>AE</Magnitud><CodigoPeriodo>64</CodigoPeriodo><ConstanteMultiplicadora>1.000</ConstanteMultiplicadora><NumeroRuedasEnteras>08</NumeroRuedasEnteras><NumeroRuedasDecimales>00</NumeroRuedasDecimales><ConsumoCalculado>0.00</ConsumoCalculado><LecturaDesde><Fecha>2017-12-31</Fecha><Procedencia>10</Procedencia><Lectura>3121078.00</Lectura></LecturaDesde><LecturaHasta><Fecha>2018-01-31</Fecha><Procedencia>10</Procedencia><Lectura>3121078.00</Lectura></LecturaHasta></Integrador><Integrador><Magnitud>AE</Magnitud><CodigoPeriodo>65</CodigoPeriodo><ConstanteMultiplicadora>1.000</ConstanteMultiplicadora><NumeroRuedasEnteras>08</NumeroRuedasEnteras><NumeroRuedasDecimales>00</NumeroRuedasDecimales><ConsumoCalculado>0.00</ConsumoCalculado><LecturaDesde><Fecha>2017-12-31</Fecha><Procedencia>10</Procedencia><Lectura>4138407.00</Lectura></LecturaDesde><LecturaHasta><Fecha>2018-01-31</Fecha><Procedencia>10</Procedencia><Lectura>4138407.00</Lectura></LecturaHasta></Integrador><Integrador><Magnitud>EP</Magnitud><CodigoPeriodo>63</CodigoPeriodo><ConstanteMultiplicadora>1.000</ConstanteMultiplicadora><NumeroRuedasEnteras>08</NumeroRuedasEnteras><NumeroRuedasDecimales>00</NumeroRuedasDecimales><ConsumoCalculado>0.00</ConsumoCalculado><LecturaDesde><Fecha>2017-12-31</Fecha><Procedencia>99</Procedencia><Lectura>0.00</Lectura></LecturaDesde><LecturaHasta><Fecha>2018-01-31</Fecha><Procedencia>99</Procedencia><Lectura>0.00</Lectura></LecturaHasta></Integrador><Integrador><Magnitud>EP</Magnitud><CodigoPeriodo>61</CodigoPeriodo><ConstanteMultiplicadora>1.000</ConstanteMultiplicadora><NumeroRuedasEnteras>08</NumeroRuedasEnteras><NumeroRuedasDecimales>00</NumeroRuedasDecimales><ConsumoCalculado>168000.00</ConsumoCalculado><LecturaDesde><Fecha>2017-12-31</Fecha><Procedencia>10</Procedencia><Lectura>188000.00</Lectura></LecturaDesde><LecturaHasta><Fecha>2018-01-31</Fecha><Procedencia>10</Procedencia><Lectura>168000.00</Lectura></LecturaHasta></Integrador><Integrador><Magnitud>EP</Magnitud><CodigoPeriodo>62</CodigoPeriodo><ConstanteMultiplicadora>1.000</ConstanteMultiplicadora><NumeroRuedasEnteras>08</NumeroRuedasEnteras><NumeroRuedasDecimales>00</NumeroRuedasDecimales><ConsumoCalculado>179000.00</ConsumoCalculado><LecturaDesde><Fecha>2017-12-31</Fecha><Procedencia>10</Procedencia><Lectura>50000.00</Lectura></LecturaDesde><LecturaHasta><Fecha>2018-01-31</Fecha><Procedencia>10</Procedencia><Lectura>179000.00</Lectura></LecturaHasta></Integrador><Integrador><Magnitud>EP</Magnitud><CodigoPeriodo>64</CodigoPeriodo><ConstanteMultiplicadora>1.000</ConstanteMultiplicadora><NumeroRuedasEnteras>08</NumeroRuedasEnteras><NumeroRuedasDecimales>00</NumeroRuedasDecimales><ConsumoCalculado>0.00</ConsumoCalculado><LecturaDesde><Fecha>2017-12-31</Fecha><Procedencia>99</Procedencia><Lectura>0.00</Lectura></LecturaDesde><LecturaHasta><Fecha>2018-01-31</Fecha><Procedencia>99</Procedencia><Lectura>0.00</Lectura></LecturaHasta></Integrador><Integrador><Magnitud>EP</Magnitud><CodigoPeriodo>65</CodigoPeriodo><ConstanteMultiplicadora>1.000</ConstanteMultiplicadora><NumeroRuedasEnteras>08</NumeroRuedasEnteras><NumeroRuedasDecimales>00</NumeroRuedasDecimales><ConsumoCalculado>0.00</ConsumoCalculado><LecturaDesde><Fecha>2017-12-31</Fecha><Procedencia>99</Procedencia><Lectura>0.00</Lectura></LecturaDesde><LecturaHasta><Fecha>2018-01-31</Fecha><Procedencia>99</Procedencia><Lectura>0.00</Lectura></LecturaHasta></Integrador><Integrador><Magnitud>EP</Magnitud><CodigoPeriodo>66</CodigoPeriodo><ConstanteMultiplicadora>1.000</ConstanteMultiplicadora><NumeroRuedasEnteras>08</NumeroRuedasEnteras><NumeroRuedasDecimales>00</NumeroRuedasDecimales><ConsumoCalculado>7000.00</ConsumoCalculado><LecturaDesde><Fecha>2017-12-31</Fecha><Procedencia>10</Procedencia><Lectura>0.00</Lectura></LecturaDesde><LecturaHasta><Fecha>2018-01-31</Fecha><Procedencia>10</Procedencia><Lectura>7000.00</Lectura></LecturaHasta></Integrador><Integrador><Magnitud>R1</Magnitud><CodigoPeriodo>61</CodigoPeriodo><ConstanteMultiplicadora>1.000</ConstanteMultiplicadora><NumeroRuedasEnteras>08</NumeroRuedasEnteras><NumeroRuedasDecimales>00</NumeroRuedasDecimales><ConsumoCalculado>5892.00</ConsumoCalculado><LecturaDesde><Fecha>2017-12-31</Fecha><Procedencia>10</Procedencia><Lectura>637476.00</Lectura></LecturaDesde><LecturaHasta><Fecha>2018-01-31</Fecha><Procedencia>10</Procedencia><Lectura>643368.00</Lectura></LecturaHasta></Integrador><Integrador><Magnitud>R1</Magnitud><CodigoPeriodo>62</CodigoPeriodo><ConstanteMultiplicadora>1.000</ConstanteMultiplicadora><NumeroRuedasEnteras>08</NumeroRuedasEnteras><NumeroRuedasDecimales>00</NumeroRuedasDecimales><ConsumoCalculado>9757.00</ConsumoCalculado><LecturaDesde><Fecha>2017-12-31</Fecha><Procedencia>10</Procedencia><Lectura>815358.00</Lectura></LecturaDesde><LecturaHasta><Fecha>2018-01-31</Fecha><Procedencia>10</Procedencia><Lectura>825115.00</Lectura></LecturaHasta></Integrador><Integrador><Magnitud>R1</Magnitud><CodigoPeriodo>63</CodigoPeriodo><ConstanteMultiplicadora>1.000</ConstanteMultiplicadora><NumeroRuedasEnteras>08</NumeroRuedasEnteras><NumeroRuedasDecimales>00</NumeroRuedasDecimales><ConsumoCalculado>0.00</ConsumoCalculado><LecturaDesde><Fecha>2017-12-31</Fecha><Procedencia>10</Procedencia><Lectura>469068.00</Lectura></LecturaDesde><LecturaHasta><Fecha>2018-01-31</Fecha><Procedencia>10</Procedencia><Lectura>469068.00</Lectura></LecturaHasta></Integrador><Integrador><Magnitud>R1</Magnitud><CodigoPeriodo>64</CodigoPeriodo><ConstanteMultiplicadora>1.000</ConstanteMultiplicadora><NumeroRuedasEnteras>08</NumeroRuedasEnteras><NumeroRuedasDecimales>00</NumeroRuedasDecimales><ConsumoCalculado>0.00</ConsumoCalculado><LecturaDesde><Fecha>2017-12-31</Fecha><Procedencia>10</Procedencia><Lectura>765805.00</Lectura></LecturaDesde><LecturaHasta><Fecha>2018-01-31</Fecha><Procedencia>10</Procedencia><Lectura>765805.00</Lectura></LecturaHasta></Integrador><Integrador><Magnitud>R1</Magnitud><CodigoPeriodo>65</CodigoPeriodo><ConstanteMultiplicadora>1.000</ConstanteMultiplicadora><NumeroRuedasEnteras>08</NumeroRuedasEnteras><NumeroRuedasDecimales>00</NumeroRuedasDecimales><ConsumoCalculado>0.00</ConsumoCalculado><LecturaDesde><Fecha>2017-12-31</Fecha><Procedencia>10</Procedencia><Lectura>1053500.00</Lectura></LecturaDesde><LecturaHasta><Fecha>2018-01-31</Fecha><Procedencia>10</Procedencia><Lectura>1053500.00</Lectura></LecturaHasta></Integrador></ModeloAparato></Medidas></MensajeSaldoLecturasFacturacion>