<?xml version="1.0" encoding="ISO-8859-1"?><MensajeFacturacion Firmar="NO" xmlns="http://localhost/elegibilidad"><Cabecera><CodigoREEEmpresaEmisora>0022</CodigoREEEmpresaEmisora><CodigoREEEmpresaDestino>0815</CodigoREEEmpresaDestino><CodigoDelProceso>F1</CodigoDelProceso><CodigoDePaso>01</CodigoDePaso><CodigoDeSolicitud>201802120449</CodigoDeSolicitud><SecuencialDeSolicitud>01</SecuencialDeSolicitud><FechaSolicitud>2018-02-12T04:49:52</FechaSolicitud><CUPS>ES0022000007989744HZ1P</CUPS></Cabecera><Facturas><FacturaATR><DatosGeneralesFacturaATR><DireccionSuministro><Pais>ES</Pais><Provincia>32</Provincia><Municipio>32054</Municipio><Poblacion>0001000</Poblacion><TipoVia>CL</TipoVia><CodPostal>32002</CodPostal><Calle>CALLE PICASSO</Calle><NumeroFinca>00001</NumeroFinca><DuplicadorFinca>*</DuplicadorFinca><Escalera>SU</Escalera><Piso>PE</Piso><Puerta>RM</Puerta></DireccionSuministro><Cliente><TipoIdentificador>NI</TipoIdentificador><Identificador>B55567986</Identificador></Cliente><CodContrato>105116082757</CodContrato><DatosGeneralesFactura><CodigoFiscalFactura>5018023063296</CodigoFiscalFactura><TipoFactura>N</TipoFactura><MotivoFacturacion>03</MotivoFacturacion><FechaFactura>2018-02-12</FechaFactura><IdentificadorEmisora>A63222533</IdentificadorEmisora><ImporteTotalFactura>18.84</ImporteTotalFactura><SaldoFactura>0.00</SaldoFactura><TipoMoneda>02</TipoMoneda></DatosGeneralesFactura><DatosFacturaATR><FechaBOE>2014-02-01</FechaBOE><TarifaATRFact>003</TarifaATRFact><MarcaMedidaConPerdidas>N</MarcaMedidaConPerdidas><VAsTrafo>0</VAsTrafo><PorcentajePerdidas>0.00</PorcentajePerdidas><IndicativoCurvaCarga>03</IndicativoCurvaCarga><Periodo><FechaDesdeFactura>2018-02-01</FechaDesdeFactura><FechaHastaFactura>2018-02-08</FechaHastaFactura><NumeroDias>7</NumeroDias></Periodo></DatosFacturaATR></DatosGeneralesFacturaATR><Potencia><TerminoPotencia><FechaDesde>2018-02-01</FechaDesde><FechaHasta>2018-02-08</FechaHasta><Periodo><PotenciaContratada>8000</PotenciaContratada><PotenciaMaxDemandada>10</PotenciaMaxDemandada><PotenciaAFacturar>6800</PotenciaAFacturar><PrecioPotencia>0.1115860</PrecioPotencia></Periodo><Periodo><PotenciaContratada>8000</PotenciaContratada><PotenciaMaxDemandada>10</PotenciaMaxDemandada><PotenciaAFacturar>6800</PotenciaAFacturar><PrecioPotencia>0.0669520</PrecioPotencia></Periodo><Periodo><PotenciaContratada>16000</PotenciaContratada><PotenciaMaxDemandada>10</PotenciaMaxDemandada><PotenciaAFacturar>13600</PotenciaAFacturar><PrecioPotencia>0.0446340</PrecioPotencia></Periodo><Periodo><PotenciaContratada>0</PotenciaContratada><PotenciaMaxDemandada>0</PotenciaMaxDemandada><PotenciaAFacturar>0</PotenciaAFacturar><PrecioPotencia>0.0000000</PrecioPotencia></Periodo><Periodo><PotenciaContratada>0</PotenciaContratada><PotenciaMaxDemandada>0</PotenciaMaxDemandada><PotenciaAFacturar>0</PotenciaAFacturar><PrecioPotencia>0.0000000</PrecioPotencia></Periodo><Periodo><PotenciaContratada>0</PotenciaContratada><PotenciaMaxDemandada>0</PotenciaMaxDemandada><PotenciaAFacturar>0</PotenciaAFacturar><PrecioPotencia>0.0000000</PrecioPotencia></Periodo></TerminoPotencia><ImporteTotalTerminoPotencia>12.74</ImporteTotalTerminoPotencia></Potencia><ExcesoPotencia><Periodo><ValorExcesoPotencia>0.00</ValorExcesoPotencia></Periodo><Periodo><ValorExcesoPotencia>0.00</ValorExcesoPotencia></Periodo><Periodo><ValorExcesoPotencia>0.00</ValorExcesoPotencia></Periodo><Periodo><ValorExcesoPotencia>0.00</ValorExcesoPotencia></Periodo><Periodo><ValorExcesoPotencia>0.00</ValorExcesoPotencia></Periodo><Periodo><ValorExcesoPotencia>0.00</ValorExcesoPotencia></Periodo><ImporteTotalExcesos>0.00</ImporteTotalExcesos></ExcesoPotencia><EnergiaActiva><TerminoEnergiaActiva><FechaDesde>2018-01-31</FechaDesde><FechaHasta>2018-02-08</FechaHasta><Periodo><ValorEnergiaActiva>4.00</ValorEnergiaActiva><PrecioEnergia>0.0187620</PrecioEnergia></Periodo><Periodo><ValorEnergiaActiva>16.00</ValorEnergiaActiva><PrecioEnergia>0.0125750</PrecioEnergia></Periodo><Periodo><ValorEnergiaActiva>6.00</ValorEnergiaActiva><PrecioEnergia>0.0046700</PrecioEnergia></Periodo><Periodo><ValorEnergiaActiva>0.00</ValorEnergiaActiva><PrecioEnergia>0.0000000</PrecioEnergia></Periodo><Periodo><ValorEnergiaActiva>0.00</ValorEnergiaActiva><PrecioEnergia>0.0000000</PrecioEnergia></Periodo><Periodo><ValorEnergiaActiva>0.00</ValorEnergiaActiva><PrecioEnergia>0.0000000</PrecioEnergia></Periodo></TerminoEnergiaActiva><ImporteTotalEnergiaActiva>0.30</ImporteTotalEnergiaActiva></EnergiaActiva><EnergiaReactiva><TerminoEnergiaReactiva><FechaDesde>2018-01-31</FechaDesde><FechaHasta>2018-02-08</FechaHasta><Periodo><ValorEnergiaReactiva>0.00</ValorEnergiaReactiva><PrecioEnergiaReactiva>0.0000000</PrecioEnergiaReactiva></Periodo><Periodo><ValorEnergiaReactiva>0.00</ValorEnergiaReactiva><PrecioEnergiaReactiva>0.0000000</PrecioEnergiaReactiva></Periodo><Periodo><ValorEnergiaReactiva>0.00</ValorEnergiaReactiva><PrecioEnergiaReactiva>0.0000000</PrecioEnergiaReactiva></Periodo><Periodo><ValorEnergiaReactiva>0.00</ValorEnergiaReactiva><PrecioEnergiaReactiva>0.0000000</PrecioEnergiaReactiva></Periodo><Periodo><ValorEnergiaReactiva>0.00</ValorEnergiaReactiva><PrecioEnergiaReactiva>0.0000000</PrecioEnergiaReactiva></Periodo><Periodo><ValorEnergiaReactiva>0.00</ValorEnergiaReactiva><PrecioEnergiaReactiva>0.0000000</PrecioEnergiaReactiva></Periodo></TerminoEnergiaReactiva><ImporteTotalEnergiaReactiva>0.00</ImporteTotalEnergiaReactiva></EnergiaReactiva><ImpuestoElectrico><BaseImponible>0.00</BaseImponible><Porcentaje>0.0000000</Porcentaje><Importe>0.00</Importe></ImpuestoElectrico><Alquileres><PrecioDiarioAlquiler><PrecioDia>0.3609860</PrecioDia><NumeroDias>7</NumeroDias></PrecioDiarioAlquiler><PrecioDiarioAlquiler><PrecioDia>0.0000000</PrecioDia><NumeroDias>0</NumeroDias></PrecioDiarioAlquiler><PrecioDiarioAlquiler><PrecioDia>0.0000000</PrecioDia><NumeroDias>0</NumeroDias></PrecioDiarioAlquiler><PrecioDiarioAlquiler><PrecioDia>0.0000000</PrecioDia><NumeroDias>0</NumeroDias></PrecioDiarioAlquiler><PrecioDiarioAlquiler><PrecioDia>0.0000000</PrecioDia><NumeroDias>0</NumeroDias></PrecioDiarioAlquiler><PrecioDiarioAlquiler><PrecioDia>0.0000000</PrecioDia><NumeroDias>0</NumeroDias></PrecioDiarioAlquiler><ImporteFacturacionAlquileres>2.53</ImporteFacturacionAlquileres></Alquileres><ImporteIntereses>0.00</ImporteIntereses><IVA><BaseImponible>15.57</BaseImponible><Porcentaje>21.00</Porcentaje><Importe>3.27</Importe></IVA><IVAReducido><BaseImponible>0.00</BaseImponible><Porcentaje>0.00</Porcentaje><Importe>0.00</Importe></IVAReducido><Medidas><CodPM>ES0022000007989744HZ1P</CodPM><ModeloAparato><TipoAparato>TG</TipoAparato><MarcaAparato>132</MarcaAparato><NumeroSerie>047584608</NumeroSerie><TipoDHEdM>6</TipoDHEdM><Integrador><Magnitud>AE</Magnitud><CodigoPeriodo>61</CodigoPeriodo><ConstanteMultiplicadora>1.000</ConstanteMultiplicadora><NumeroRuedasEnteras>08</NumeroRuedasEnteras><NumeroRuedasDecimales>00</NumeroRuedasDecimales><ConsumoCalculado>2.00</ConsumoCalculado><LecturaDesde><Fecha>2018-01-31</Fecha><Procedencia>30</Procedencia><Lectura>364.00</Lectura></LecturaDesde><LecturaHasta><Fecha>2018-02-08</Fecha><Procedencia>30</Procedencia><Lectura>366.00</Lectura></LecturaHasta></Integrador><Integrador><Magnitud>AE</Magnitud><CodigoPeriodo>62</CodigoPeriodo><ConstanteMultiplicadora>1.000</ConstanteMultiplicadora><NumeroRuedasEnteras>08</NumeroRuedasEnteras><NumeroRuedasDecimales>00</NumeroRuedasDecimales><ConsumoCalculado>9.00</ConsumoCalculado><LecturaDesde><Fecha>2018-01-31</Fecha><Procedencia>30</Procedencia><Lectura>2751.00</Lectura></LecturaDesde><LecturaHasta><Fecha>2018-02-08</Fecha><Procedencia>30</Procedencia><Lectura>2760.00</Lectura></LecturaHasta></Integrador><Integrador><Magnitud>AE</Magnitud><CodigoPeriodo>63</CodigoPeriodo><ConstanteMultiplicadora>1.000</ConstanteMultiplicadora><NumeroRuedasEnteras>08</NumeroRuedasEnteras><NumeroRuedasDecimales>00</NumeroRuedasDecimales><ConsumoCalculado>5.00</ConsumoCalculado><LecturaDesde><Fecha>2018-01-31</Fecha><Procedencia>30</Procedencia><Lectura>215.00</Lectura></LecturaDesde><LecturaHasta><Fecha>2018-02-08</Fecha><Procedencia>30</Procedencia><Lectura>220.00</Lectura></LecturaHasta></Integrador><Integrador><Magnitud>AE</Magnitud><CodigoPeriodo>64</CodigoPeriodo><ConstanteMultiplicadora>1.000</ConstanteMultiplicadora><NumeroRuedasEnteras>08</NumeroRuedasEnteras><NumeroRuedasDecimales>00</NumeroRuedasDecimales><ConsumoCalculado>2.00</ConsumoCalculado><LecturaDesde><Fecha>2018-01-31</Fecha><Procedencia>30</Procedencia><Lectura>47.00</Lectura></LecturaDesde><LecturaHasta><Fecha>2018-02-08</Fecha><Procedencia>30</Procedencia><Lectura>49.00</Lectura></LecturaHasta></Integrador><Integrador><Magnitud>AE</Magnitud><CodigoPeriodo>65</CodigoPeriodo><ConstanteMultiplicadora>1.000</ConstanteMultiplicadora><NumeroRuedasEnteras>08</NumeroRuedasEnteras><NumeroRuedasDecimales>00</NumeroRuedasDecimales><ConsumoCalculado>7.00</ConsumoCalculado><LecturaDesde><Fecha>2018-01-31</Fecha><Procedencia>30</Procedencia><Lectura>168.00</Lectura></LecturaDesde><LecturaHasta><Fecha>2018-02-08</Fecha><Procedencia>30</Procedencia><Lectura>175.00</Lectura></LecturaHasta></Integrador><Integrador><Magnitud>AE</Magnitud><CodigoPeriodo>66</CodigoPeriodo><ConstanteMultiplicadora>1.000</ConstanteMultiplicadora><NumeroRuedasEnteras>08</NumeroRuedasEnteras><NumeroRuedasDecimales>00</NumeroRuedasDecimales><ConsumoCalculado>1.00</ConsumoCalculado><LecturaDesde><Fecha>2018-01-31</Fecha><Procedencia>30</Procedencia><Lectura>112.00</Lectura></LecturaDesde><LecturaHasta><Fecha>2018-02-08</Fecha><Procedencia>30</Procedencia><Lectura>113.00</Lectura></LecturaHasta></Integrador><Integrador><Magnitud>PM</Magnitud><CodigoPeriodo>61</CodigoPeriodo><ConstanteMultiplicadora>1.000</ConstanteMultiplicadora><NumeroRuedasEnteras>08</NumeroRuedasEnteras><NumeroRuedasDecimales>00</NumeroRuedasDecimales><ConsumoCalculado>10.00</ConsumoCalculado><LecturaDesde><Fecha>2018-01-31</Fecha><Procedencia>30</Procedencia><Lectura>3530.00</Lectura></LecturaDesde><LecturaHasta><Fecha>2018-02-08</Fecha><Procedencia>30</Procedencia><Lectura>10.00</Lectura></LecturaHasta></Integrador><Integrador><Magnitud>PM</Magnitud><CodigoPeriodo>62</CodigoPeriodo><ConstanteMultiplicadora>1.000</ConstanteMultiplicadora><NumeroRuedasEnteras>08</NumeroRuedasEnteras><NumeroRuedasDecimales>00</NumeroRuedasDecimales><ConsumoCalculado>10.00</ConsumoCalculado><LecturaDesde><Fecha>2018-01-31</Fecha><Procedencia>30</Procedencia><Lectura>6560.00</Lectura></LecturaDesde><LecturaHasta><Fecha>2018-02-08</Fecha><Procedencia>30</Procedencia><Lectura>10.00</Lectura></LecturaHasta></Integrador><Integrador><Magnitud>PM</Magnitud><CodigoPeriodo>63</CodigoPeriodo><ConstanteMultiplicadora>1.000</ConstanteMultiplicadora><NumeroRuedasEnteras>08</NumeroRuedasEnteras><NumeroRuedasDecimales>00</NumeroRuedasDecimales><ConsumoCalculado>10.00</ConsumoCalculado><LecturaDesde><Fecha>2018-01-31</Fecha><Procedencia>30</Procedencia><Lectura>320.00</Lectura></LecturaDesde><LecturaHasta><Fecha>2018-02-08</Fecha><Procedencia>30</Procedencia><Lectura>10.00</Lectura></LecturaHasta></Integrador><Integrador><Magnitud>PM</Magnitud><CodigoPeriodo>64</CodigoPeriodo><ConstanteMultiplicadora>1.000</ConstanteMultiplicadora><NumeroRuedasEnteras>08</NumeroRuedasEnteras><NumeroRuedasDecimales>00</NumeroRuedasDecimales><ConsumoCalculado>10.00</ConsumoCalculado><LecturaDesde><Fecha>2018-01-31</Fecha><Procedencia>30</Procedencia><Lectura>320.00</Lectura></LecturaDesde><LecturaHasta><Fecha>2018-02-08</Fecha><Procedencia>30</Procedencia><Lectura>10.00</Lectura></LecturaHasta></Integrador><Integrador><Magnitud>PM</Magnitud><CodigoPeriodo>65</CodigoPeriodo><ConstanteMultiplicadora>1.000</ConstanteMultiplicadora><NumeroRuedasEnteras>08</NumeroRuedasEnteras><NumeroRuedasDecimales>00</NumeroRuedasDecimales><ConsumoCalculado>10.00</ConsumoCalculado><LecturaDesde><Fecha>2018-01-31</Fecha><Procedencia>30</Procedencia><Lectura>320.00</Lectura></LecturaDesde><LecturaHasta><Fecha>2018-02-08</Fecha><Procedencia>30</Procedencia><Lectura>10.00</Lectura></LecturaHasta></Integrador><Integrador><Magnitud>PM</Magnitud><CodigoPeriodo>66</CodigoPeriodo><ConstanteMultiplicadora>1.000</ConstanteMultiplicadora><NumeroRuedasEnteras>08</NumeroRuedasEnteras><NumeroRuedasDecimales>00</NumeroRuedasDecimales><ConsumoCalculado>10.00</ConsumoCalculado><LecturaDesde><Fecha>2018-01-31</Fecha><Procedencia>30</Procedencia><Lectura>320.00</Lectura></LecturaDesde><LecturaHasta><Fecha>2018-02-08</Fecha><Procedencia>30</Procedencia><Lectura>10.00</Lectura></LecturaHasta></Integrador><Integrador><Magnitud>R1</Magnitud><CodigoPeriodo>61</CodigoPeriodo><ConstanteMultiplicadora>1.000</ConstanteMultiplicadora><NumeroRuedasEnteras>08</NumeroRuedasEnteras><NumeroRuedasDecimales>00</NumeroRuedasDecimales><ConsumoCalculado>0.00</ConsumoCalculado><LecturaDesde><Fecha>2018-01-31</Fecha><Procedencia>30</Procedencia><Lectura>23.00</Lectura></LecturaDesde><LecturaHasta><Fecha>2018-02-08</Fecha><Procedencia>30</Procedencia><Lectura>23.00</Lectura></LecturaHasta></Integrador><Integrador><Magnitud>R1</Magnitud><CodigoPeriodo>62</CodigoPeriodo><ConstanteMultiplicadora>1.000</ConstanteMultiplicadora><NumeroRuedasEnteras>08</NumeroRuedasEnteras><NumeroRuedasDecimales>00</NumeroRuedasDecimales><ConsumoCalculado>0.00</ConsumoCalculado><LecturaDesde><Fecha>2018-01-31</Fecha><Procedencia>30</Procedencia><Lectura>266.00</Lectura></LecturaDesde><LecturaHasta><Fecha>2018-02-08</Fecha><Procedencia>30</Procedencia><Lectura>266.00</Lectura></LecturaHasta></Integrador><Integrador><Magnitud>R1</Magnitud><CodigoPeriodo>63</CodigoPeriodo><ConstanteMultiplicadora>1.000</ConstanteMultiplicadora><NumeroRuedasEnteras>08</NumeroRuedasEnteras><NumeroRuedasDecimales>00</NumeroRuedasDecimales><ConsumoCalculado>0.00</ConsumoCalculado><LecturaDesde><Fecha>2018-01-31</Fecha><Procedencia>30</Procedencia><Lectura>15.00</Lectura></LecturaDesde><LecturaHasta><Fecha>2018-02-08</Fecha><Procedencia>30</Procedencia><Lectura>15.00</Lectura></LecturaHasta></Integrador><Integrador><Magnitud>R1</Magnitud><CodigoPeriodo>64</CodigoPeriodo><ConstanteMultiplicadora>1.000</ConstanteMultiplicadora><NumeroRuedasEnteras>08</NumeroRuedasEnteras><NumeroRuedasDecimales>00</NumeroRuedasDecimales><ConsumoCalculado>0.00</ConsumoCalculado><LecturaDesde><Fecha>2018-01-31</Fecha><Procedencia>30</Procedencia><Lectura>1.00</Lectura></LecturaDesde><LecturaHasta><Fecha>2018-02-08</Fecha><Procedencia>30</Procedencia><Lectura>1.00</Lectura></LecturaHasta></Integrador><Integrador><Magnitud>R1</Magnitud><CodigoPeriodo>65</CodigoPeriodo><ConstanteMultiplicadora>1.000</ConstanteMultiplicadora><NumeroRuedasEnteras>08</NumeroRuedasEnteras><NumeroRuedasDecimales>00</NumeroRuedasDecimales><ConsumoCalculado>0.00</ConsumoCalculado><LecturaDesde><Fecha>2018-01-31</Fecha><Procedencia>30</Procedencia><Lectura>12.00</Lectura></LecturaDesde><LecturaHasta><Fecha>2018-02-08</Fecha><Procedencia>30</Procedencia><Lectura>12.00</Lectura></LecturaHasta></Integrador><Integrador><Magnitud>R1</Magnitud><CodigoPeriodo>66</CodigoPeriodo><ConstanteMultiplicadora>1.000</ConstanteMultiplicadora><NumeroRuedasEnteras>08</NumeroRuedasEnteras><NumeroRuedasDecimales>00</NumeroRuedasDecimales><ConsumoCalculado>0.00</ConsumoCalculado><LecturaDesde><Fecha>2018-01-31</Fecha><Procedencia>30</Procedencia><Lectura>9.00</Lectura></LecturaDesde><LecturaHasta><Fecha>2018-02-08</Fecha><Procedencia>30</Procedencia><Lectura>9.00</Lectura></LecturaHasta></Integrador></ModeloAparato></Medidas></FacturaATR><RegistroFin><ImporteTotal>18.84</ImporteTotal><SaldoTotalFacturacion>0.00</SaldoTotalFacturacion><TotalRecibos>1</TotalRecibos><TipoMoneda>02</TipoMoneda><FechaValor>2018-02-13</FechaValor><FechaLimitePago>9999-01-01</FechaLimitePago><IBAN>ES4020381522036100029989</IBAN><IdRemesa>20180212</IdRemesa></RegistroFin></Facturas><OtrosDatosFactura><SociedadMercantilEmisora>UNION FENOSA DISTRIBUCION S.A.</SociedadMercantilEmisora><SociedadMercantilDestino>SUNAIR ONE ENERGY S.L.</SociedadMercantilDestino><DireccionEmisora>AV. SAN LUIS ,77 28033 MADRID (MADRID)</DireccionEmisora><DireccionDestino>IGNASI IGLESIAS , 69 (43206)-REUS(TARRAGONA)</DireccionDestino></OtrosDatosFactura></MensajeFacturacion>