<?xml version="1.0" encoding="ISO-8859-1"?><MensajeFacturacion Firmar="NO" xmlns="http://localhost/elegibilidad"><Cabecera><CodigoREEEmpresaEmisora>0022</CodigoREEEmpresaEmisora><CodigoREEEmpresaDestino>0815</CodigoREEEmpresaDestino><CodigoDelProceso>F1</CodigoDelProceso><CodigoDePaso>01</CodigoDePaso><CodigoDeSolicitud>201802120449</CodigoDeSolicitud><SecuencialDeSolicitud>01</SecuencialDeSolicitud><FechaSolicitud>2018-02-12T04:49:52</FechaSolicitud><CUPS>ES0022000006394406RW1P</CUPS></Cabecera><Facturas><FacturaATR><DatosGeneralesFacturaATR><DireccionSuministro><Pais>ES</Pais><Provincia>28</Provincia><Municipio>28049</Municipio><Poblacion>0001000</Poblacion><TipoVia>PZ</TipoVia><CodPostal>28820</CodPostal><Calle>PLAZA DOCTOR MARA�ON</Calle><NumeroFinca>00002</NumeroFinca><Escalera>FA</Escalera><Piso>RM</Piso><Puerta>AC</Puerta></DireccionSuministro><Cliente><TipoIdentificador>NI</TipoIdentificador><Identificador>B55567986</Identificador></Cliente><CodContrato>105215121247</CodContrato><DatosGeneralesFactura><CodigoFiscalFactura>5218021333440</CodigoFiscalFactura><TipoFactura>N</TipoFactura><MotivoFacturacion>01</MotivoFacturacion><FechaFactura>2018-02-09</FechaFactura><IdentificadorEmisora>A63222533</IdentificadorEmisora><ImporteTotalFactura>330.23</ImporteTotalFactura><SaldoFactura>0.00</SaldoFactura><TipoMoneda>02</TipoMoneda></DatosGeneralesFactura><DatosFacturaATR><FechaBOE>2014-02-01</FechaBOE><TarifaATRFact>001</TarifaATRFact><ModoControlPotencia>1</ModoControlPotencia><MarcaMedidaConPerdidas>N</MarcaMedidaConPerdidas><VAsTrafo>0</VAsTrafo><PorcentajePerdidas>0.00</PorcentajePerdidas><IndicativoCurvaCarga>01</IndicativoCurvaCarga><PeriodoCCH><FechaDesdeCCH>2018-01-08</FechaDesdeCCH><FechaHastaCCH>2018-02-07</FechaHastaCCH></PeriodoCCH><Periodo><FechaDesdeFactura>2018-01-08</FechaDesdeFactura><FechaHastaFactura>2018-02-07</FechaHastaFactura><NumeroDias>30</NumeroDias></Periodo></DatosFacturaATR></DatosGeneralesFacturaATR><Potencia><TerminoPotencia><FechaDesde>2018-01-08</FechaDesde><FechaHasta>2018-02-07</FechaHasta><Periodo><PotenciaContratada>9200</PotenciaContratada><PotenciaMaxDemandada>9200</PotenciaMaxDemandada><PotenciaAFacturar>9200</PotenciaAFacturar><PrecioPotencia>0.1042290</PrecioPotencia></Periodo><Periodo><PotenciaContratada>0</PotenciaContratada><PotenciaMaxDemandada>0</PotenciaMaxDemandada><PotenciaAFacturar>0</PotenciaAFacturar><PrecioPotencia>0.0000000</PrecioPotencia></Periodo><Periodo><PotenciaContratada>0</PotenciaContratada><PotenciaMaxDemandada>0</PotenciaMaxDemandada><PotenciaAFacturar>0</PotenciaAFacturar><PrecioPotencia>0.0000000</PrecioPotencia></Periodo><Periodo><PotenciaContratada>0</PotenciaContratada><PotenciaMaxDemandada>0</PotenciaMaxDemandada><PotenciaAFacturar>0</PotenciaAFacturar><PrecioPotencia>0.0000000</PrecioPotencia></Periodo><Periodo><PotenciaContratada>0</PotenciaContratada><PotenciaMaxDemandada>0</PotenciaMaxDemandada><PotenciaAFacturar>0</PotenciaAFacturar><PrecioPotencia>0.0000000</PrecioPotencia></Periodo><Periodo><PotenciaContratada>0</PotenciaContratada><PotenciaMaxDemandada>0</PotenciaMaxDemandada><PotenciaAFacturar>0</PotenciaAFacturar><PrecioPotencia>0.0000000</PrecioPotencia></Periodo></TerminoPotencia><ImporteTotalTerminoPotencia>28.77</ImporteTotalTerminoPotencia></Potencia><ExcesoPotencia><Periodo><ValorExcesoPotencia>0.00</ValorExcesoPotencia></Periodo><Periodo><ValorExcesoPotencia>0.00</ValorExcesoPotencia></Periodo><Periodo><ValorExcesoPotencia>0.00</ValorExcesoPotencia></Periodo><Periodo><ValorExcesoPotencia>0.00</ValorExcesoPotencia></Periodo><Periodo><ValorExcesoPotencia>0.00</ValorExcesoPotencia></Periodo><Periodo><ValorExcesoPotencia>0.00</ValorExcesoPotencia></Periodo><ImporteTotalExcesos>0.00</ImporteTotalExcesos></ExcesoPotencia><EnergiaActiva><TerminoEnergiaActiva><FechaDesde>2018-01-08</FechaDesde><FechaHasta>2018-02-07</FechaHasta><Periodo><ValorEnergiaActiva>5515.00</ValorEnergiaActiva><PrecioEnergia>0.0440270</PrecioEnergia></Periodo><Periodo><ValorEnergiaActiva>0.00</ValorEnergiaActiva><PrecioEnergia>0.0000000</PrecioEnergia></Periodo><Periodo><ValorEnergiaActiva>0.00</ValorEnergiaActiva><PrecioEnergia>0.0000000</PrecioEnergia></Periodo><Periodo><ValorEnergiaActiva>0.00</ValorEnergiaActiva><PrecioEnergia>0.0000000</PrecioEnergia></Periodo><Periodo><ValorEnergiaActiva>0.00</ValorEnergiaActiva><PrecioEnergia>0.0000000</PrecioEnergia></Periodo><Periodo><ValorEnergiaActiva>0.00</ValorEnergiaActiva><PrecioEnergia>0.0000000</PrecioEnergia></Periodo></TerminoEnergiaActiva><ImporteTotalEnergiaActiva>242.81</ImporteTotalEnergiaActiva></EnergiaActiva><EnergiaReactiva><TerminoEnergiaReactiva><FechaDesde>2018-01-08</FechaDesde><FechaHasta>2018-02-07</FechaHasta><Periodo><ValorEnergiaReactiva>0.00</ValorEnergiaReactiva><PrecioEnergiaReactiva>0.0000000</PrecioEnergiaReactiva></Periodo><Periodo><ValorEnergiaReactiva>0.00</ValorEnergiaReactiva><PrecioEnergiaReactiva>0.0000000</PrecioEnergiaReactiva></Periodo><Periodo><ValorEnergiaReactiva>0.00</ValorEnergiaReactiva><PrecioEnergiaReactiva>0.0000000</PrecioEnergiaReactiva></Periodo><Periodo><ValorEnergiaReactiva>0.00</ValorEnergiaReactiva><PrecioEnergiaReactiva>0.0000000</PrecioEnergiaReactiva></Periodo><Periodo><ValorEnergiaReactiva>0.00</ValorEnergiaReactiva><PrecioEnergiaReactiva>0.0000000</PrecioEnergiaReactiva></Periodo><Periodo><ValorEnergiaReactiva>0.00</ValorEnergiaReactiva><PrecioEnergiaReactiva>0.0000000</PrecioEnergiaReactiva></Periodo></TerminoEnergiaReactiva><ImporteTotalEnergiaReactiva>0.00</ImporteTotalEnergiaReactiva></EnergiaReactiva><ImpuestoElectrico><BaseImponible>0.00</BaseImponible><Porcentaje>0.0000000</Porcentaje><Importe>0.00</Importe></ImpuestoElectrico><Alquileres><PrecioDiarioAlquiler><PrecioDia>0.0447120</PrecioDia><NumeroDias>30</NumeroDias></PrecioDiarioAlquiler><PrecioDiarioAlquiler><PrecioDia>0.0000000</PrecioDia><NumeroDias>0</NumeroDias></PrecioDiarioAlquiler><PrecioDiarioAlquiler><PrecioDia>0.0000000</PrecioDia><NumeroDias>0</NumeroDias></PrecioDiarioAlquiler><PrecioDiarioAlquiler><PrecioDia>0.0000000</PrecioDia><NumeroDias>0</NumeroDias></PrecioDiarioAlquiler><PrecioDiarioAlquiler><PrecioDia>0.0000000</PrecioDia><NumeroDias>0</NumeroDias></PrecioDiarioAlquiler><PrecioDiarioAlquiler><PrecioDia>0.0000000</PrecioDia><NumeroDias>0</NumeroDias></PrecioDiarioAlquiler><ImporteFacturacionAlquileres>1.34</ImporteFacturacionAlquileres></Alquileres><ImporteIntereses>0.00</ImporteIntereses><IVA><BaseImponible>272.92</BaseImponible><Porcentaje>21.00</Porcentaje><Importe>57.31</Importe></IVA><IVAReducido><BaseImponible>0.00</BaseImponible><Porcentaje>0.00</Porcentaje><Importe>0.00</Importe></IVAReducido><Medidas><CodPM>ES0022000006394406RW1P</CodPM><ModeloAparato><TipoAparato>TG</TipoAparato><MarcaAparato>132</MarcaAparato><NumeroSerie>036330739</NumeroSerie><TipoDHEdM>1</TipoDHEdM><Integrador><Magnitud>AE</Magnitud><CodigoPeriodo>10</CodigoPeriodo><ConstanteMultiplicadora>1.000</ConstanteMultiplicadora><NumeroRuedasEnteras>08</NumeroRuedasEnteras><NumeroRuedasDecimales>00</NumeroRuedasDecimales><ConsumoCalculado>5515.00</ConsumoCalculado><LecturaDesde><Fecha>2018-01-08</Fecha><Procedencia>60</Procedencia><Lectura>337220.00</Lectura></LecturaDesde><LecturaHasta><Fecha>2018-02-07</Fecha><Procedencia>60</Procedencia><Lectura>342735.00</Lectura></LecturaHasta></Integrador></ModeloAparato></Medidas></FacturaATR><RegistroFin><ImporteTotal>330.23</ImporteTotal><SaldoTotalFacturacion>0.00</SaldoTotalFacturacion><TotalRecibos>1</TotalRecibos><TipoMoneda>02</TipoMoneda><FechaValor>2018-02-13</FechaValor><FechaLimitePago>9999-01-01</FechaLimitePago><IBAN>ES4020381522036100029989</IBAN><IdRemesa>20180212</IdRemesa></RegistroFin></Facturas><OtrosDatosFactura><SociedadMercantilEmisora>UNION FENOSA DISTRIBUCION S.A.</SociedadMercantilEmisora><SociedadMercantilDestino>SUNAIR ONE ENERGY S.L.</SociedadMercantilDestino><DireccionEmisora>AV. SAN LUIS ,77 28033 MADRID (MADRID)</DireccionEmisora><DireccionDestino>IGNASI IGLESIAS , 69 (43206)-REUS(TARRAGONA)</DireccionDestino></OtrosDatosFactura></MensajeFacturacion>